case_id,title,source_top,source_file,scene,case_type,risk_terms,data_terms,method_terms,evidence_chain,usable_for,suggested_algorithm_upgrade,summary
CASEV6D-001,“一老一小”政策落实情况审计关注重点,1中国审计_7期,E:\2026\审计方法&政策文件\_ocr_output\1中国审计_7期\“一老一小”政策落实情况审计关注重点.md,民生与社保医保 / 绩效评价 / 金融审计,期刊文章案例/经验,绩效；挪用,数据；清单；明细；预算,审查；评价；分析；核查；监测,背景事实；审计关注点；数据来源；分析方法；疑点定位；现场核查；处理整改,算法测试案例；疑点解释模板；人工核查程序；底稿证据链,“一老一小”政策落实情况审计关注重点案例规则化升级包,从《“一老一小”政策落实情况审计关注重点》抽取审计场景、风险词、数据词和方法词，用于验证或升级民生与社保医保相关算法。
CASEV6D-002,“两新”审计,1中国审计_7期,E:\2026\审计方法&政策文件\_ocr_output\1中国审计_7期\“两新”审计.md,财政与政府债务 / 预算执行与财政管理 / 绩效评价,期刊文章案例/经验,挪用,数据；审批；采购；凭证；指标,模型；指标；比对；测算；分析,背景事实；审计关注点；数据来源；分析方法；疑点定位；现场核查；处理整改,算法测试案例；疑点解释模板；人工核查程序；底稿证据链,“两新”审计案例规则化升级包,从《“两新”审计》抽取审计场景、风险词、数据词和方法词，用于验证或升级工程与投资审计相关算法。
CASEV6D-003,“两重”“两新”政策落实审计的思考,1中国审计_7期,E:\2026\审计方法&政策文件\_ocr_output\1中国审计_7期\“两重”“两新”政策落实审计的思考.md,财政与政府债务 / 预算执行与财政管理 / 绩效评价,期刊文章案例/经验,违规；重复；截留；挪用；真实性,招标；支付；采购；合同；预算,分析；指标；穿透；识别,背景事实；审计关注点；数据来源；分析方法；疑点定位；现场核查；处理整改,算法测试案例；疑点解释模板；人工核查程序；底稿证据链,“两重”“两新”政策落实审计的思考案例规则化升级包,从《“两重”“两新”政策落实审计的思考》抽取审计场景、风险词、数据词和方法词，用于验证或升级招投标与政府采购相关算法。
CASEV6D-004,“收不回”的逾期贷款,1中国审计_7期,E:\2026\审计方法&政策文件\_ocr_output\1中国审计_7期\“收不回”的逾期贷款.md,金融审计 / 国企审计 / 监督检查与经费舞弊,期刊文章案例/经验,违规；风险；重复；损失；预警,审批；资产；台账；数据；清单,关联；核查；审查；分析；预警,背景事实；审计关注点；数据来源；分析方法；疑点定位；现场核查；处理整改,算法测试案例；疑点解释模板；人工核查程序；底稿证据链,“收不回”的逾期贷款案例规则化升级包,从《“收不回”的逾期贷款》抽取审计场景、风险词、数据词和方法词，用于验证或升级金融审计相关算法。
CASEV6D-005,以实干担使命 以匠心守初心——记山东省威海市文登区审计局赛婷羽,1中国审计_7期,E:\2026\审计方法&政策文件\_ocr_output\1中国审计_7期\以实干担使命 以匠心守初心——记山东省威海市文登区审计局赛婷羽.md,农业农村审计 / 民生与社保医保 / 工程与投资审计,期刊文章案例/经验,绩效；风险；闲置；违规；真实性,数据；资产；合同；台账；审批,核查；分析；审查；模型；穿透,背景事实；审计关注点；数据来源；分析方法；疑点定位；现场核查；处理整改,算法测试案例；疑点解释模板；人工核查程序；底稿证据链,以实干担使命 以匠心守初心——记山东省威海市文登区审计局赛婷羽案例规则化升级包,从《以实干担使命 以匠心守初心——记山东省威海市文登区审计局赛婷羽》抽取审计场景、风险词、数据词和方法词，用于验证或升级农业农村审计相关算法。
CASEV6D-006,以有力有效的审计监督助力上海在长三角一体化发展中更好发挥龙头带动作用,1中国审计_7期,E:\2026\审计方法&政策文件\_ocr_output\1中国审计_7期\以有力有效的审计监督助力上海在长三角一体化发展中更好发挥龙头带动作用.md,监督检查与经费舞弊 / 资源环境审计 / 国企审计,期刊文章案例/经验,风险,数据,模型,背景事实；审计关注点；数据来源；分析方法；疑点定位；现场核查；处理整改,算法测试案例；疑点解释模板；人工核查程序；底稿证据链,以有力有效的审计监督助力上海在长三角一体化发展中更好发挥龙头带动作用案例规则化升级包,从《以有力有效的审计监督助力上海在长三角一体化发展中更好发挥龙头带动作用》抽取审计场景、风险词、数据词和方法词，用于验证或升级监督检查与经费舞弊相关算法。
CASEV6D-007,以正确政绩观书写审计“为民答卷”,1中国审计_7期,E:\2026\审计方法&政策文件\_ocr_output\1中国审计_7期\以正确政绩观书写审计“为民答卷”.md,民生与社保医保 / 监督检查与经费舞弊,期刊文章案例/经验,风险,,分析,背景事实；审计关注点；数据来源；分析方法；疑点定位；现场核查；处理整改,算法测试案例；疑点解释模板；人工核查程序；底稿证据链,以正确政绩观书写审计“为民答卷”案例规则化升级包,从《以正确政绩观书写审计“为民答卷”》抽取审计场景、风险词、数据词和方法词，用于验证或升级民生与社保医保相关算法。
CASEV6D-008,侯凯为审计署党员干部讲授树立和践行正确政绩观学习教育专题党课,1中国审计_7期,E:\2026\审计方法&政策文件\_ocr_output\1中国审计_7期\侯凯为审计署党员干部讲授树立和践行正确政绩观学习教育专题党课.md,监督检查与经费舞弊 / 预算执行与财政管理 / 民生与社保医保,期刊文章案例/经验,违规；风险；虚假,预算；支付；采购,模型；核查；穿透,背景事实；审计关注点；数据来源；分析方法；疑点定位；现场核查；处理整改,算法测试案例；疑点解释模板；人工核查程序；底稿证据链,侯凯为审计署党员干部讲授树立和践行正确政绩观学习教育专题党课案例规则化升级包,从《侯凯为审计署党员干部讲授树立和践行正确政绩观学习教育专题党课》抽取审计场景、风险词、数据词和方法词，用于验证或升级监督检查与经费舞弊相关算法。
CASEV6D-009,去向不明的会计档案,1中国审计_7期,E:\2026\审计方法&政策文件\_ocr_output\1中国审计_7期\去向不明的会计档案.md,监督检查与经费舞弊 / 经济责任审计 / 预算执行与财政管理,期刊文章案例/经验,重复；套取；异常；挪用；违规,支付；明细；清单；数据；流水,核查；分析；比对；关联；审查,背景事实；审计关注点；数据来源；分析方法；疑点定位；现场核查；处理整改,算法测试案例；疑点解释模板；人工核查程序；底稿证据链,去向不明的会计档案案例规则化升级包,从《去向不明的会计档案》抽取审计场景、风险词、数据词和方法词，用于验证或升级监督检查与经费舞弊相关算法。
CASEV6D-010,国务院关于2025年度中央预算执行和其他财政收支的审计工作报告,1中国审计_7期,E:\2026\审计方法&政策文件\_ocr_output\1中国审计_7期\国务院关于2025年度中央预算执行和其他财政收支的审计工作报告.md,财政与政府债务 / 预算执行与财政管理 / 绩效评价,期刊文章案例/经验,违规；风险；挪用；套取；闲置,资产；预算；支付；数据；采购,评价；审查；算法；指标；穿透,背景事实；审计关注点；数据来源；分析方法；疑点定位；现场核查；处理整改,算法测试案例；疑点解释模板；人工核查程序；底稿证据链,国务院关于2025年度中央预算执行和其他财政收支的审计工作报告案例规则化升级包,从《国务院关于2025年度中央预算执行和其他财政收支的审计工作报告》抽取审计场景、风险词、数据词和方法词，用于验证或升级金融审计相关算法。
CASEV6D-011,城中村改造关键风险点审计思路,1中国审计_7期,E:\2026\审计方法&政策文件\_ocr_output\1中国审计_7期\城中村改造关键风险点审计思路.md,工程与投资审计 / 财政与政府债务 / 资源环境审计,期刊文章案例/经验,风险；真实性；闲置；虚假；挪用,审批；数据；指标；台账；清单,核查；指标；比对；关联；审查,背景事实；审计关注点；数据来源；分析方法；疑点定位；现场核查；处理整改,算法测试案例；疑点解释模板；人工核查程序；底稿证据链,城中村改造关键风险点审计思路案例规则化升级包,从《城中村改造关键风险点审计思路》抽取审计场景、风险词、数据词和方法词，用于验证或升级工程与投资审计相关算法。
CASEV6D-012,审计署党组召开会议学习贯彻习近平总书记,1中国审计_7期,E:\2026\审计方法&政策文件\_ocr_output\1中国审计_7期\审计署党组召开会议学习贯彻习近平总书记.md,监督检查与经费舞弊,期刊文章案例/经验,,,,背景事实；审计关注点；数据来源；分析方法；疑点定位；现场核查；处理整改,算法测试案例；疑点解释模板；人工核查程序；底稿证据链,审计署党组召开会议学习贯彻习近平总书记案例规则化升级包,从《审计署党组召开会议学习贯彻习近平总书记》抽取审计场景、风险词、数据词和方法词，用于验证或升级监督检查与经费舞弊相关算法。
CASEV6D-013,巩固深化“科学规范提升年”行动成果以高质量审计监督保障实现“十五五”良好开局,1中国审计_7期,E:\2026\审计方法&政策文件\_ocr_output\1中国审计_7期\巩固深化“科学规范提升年”行动成果以高质量审计监督保障实现“十五五”良好开局.md,金融审计 / 监督检查与经费舞弊 / 民生与社保医保,期刊文章案例/经验,风险；挪用；虚假；套取；截留,预算；资产；清单；采购,评价；分析,背景事实；审计关注点；数据来源；分析方法；疑点定位；现场核查；处理整改,算法测试案例；疑点解释模板；人工核查程序；底稿证据链,巩固深化“科学规范提升年”行动成果以高质量审计监督保障实现“十五五”良好开局案例规则化升级包,从《巩固深化“科学规范提升年”行动成果以高质量审计监督保障实现“十五五”良好开局》抽取审计场景、风险词、数据词和方法词，用于验证或升级金融审计相关算法。
CASEV6D-014,微动探测技术在隐蔽工程审计中的应用,1中国审计_7期,E:\2026\审计方法&政策文件\_ocr_output\1中国审计_7期\微动探测技术在隐蔽工程审计中的应用.md,工程与投资审计 / 财政与政府债务 / 资源环境审计,期刊文章案例/经验,异常；违规,数据；结算；清单；明细,核查；验证；检测；分析；比对,背景事实；审计关注点；数据来源；分析方法；疑点定位；现场核查；处理整改,算法测试案例；疑点解释模板；人工核查程序；底稿证据链,微动探测技术在隐蔽工程审计中的应用案例规则化升级包,从《微动探测技术在隐蔽工程审计中的应用》抽取审计场景、风险词、数据词和方法词，用于验证或升级工程与投资审计相关算法。
CASEV6D-015,政治铸魂 固本强基为经济社会高质量发展提供审计保障,1中国审计_7期,E:\2026\审计方法&政策文件\_ocr_output\1中国审计_7期\政治铸魂 固本强基为经济社会高质量发展提供审计保障.md,监督检查与经费舞弊 / 经济责任审计 / 民生与社保医保,期刊文章案例/经验,风险,清单；数据；台账；审批；资产,规则,背景事实；审计关注点；数据来源；分析方法；疑点定位；现场核查；处理整改,算法测试案例；疑点解释模板；人工核查程序；底稿证据链,政治铸魂 固本强基为经济社会高质量发展提供审计保障案例规则化升级包,从《政治铸魂 固本强基为经济社会高质量发展提供审计保障》抽取审计场景、风险词、数据词和方法词，用于验证或升级监督检查与经费舞弊相关算法。
CASEV6D-016,穿透式监管与高校内部审计融合路径探析,1中国审计_7期,E:\2026\审计方法&政策文件\_ocr_output\1中国审计_7期\穿透式监管与高校内部审计融合路径探析.md,监督检查与经费舞弊 / 招投标与政府采购 / 预算执行与财政管理,期刊文章案例/经验,风险；违规；预警；异常；缺陷,数据；采购；资产；预算；审批,穿透；核查；关联；预警；识别,背景事实；审计关注点；数据来源；分析方法；疑点定位；现场核查；处理整改,算法测试案例；疑点解释模板；人工核查程序；底稿证据链,穿透式监管与高校内部审计融合路径探析案例规则化升级包,从《穿透式监管与高校内部审计融合路径探析》抽取审计场景、风险词、数据词和方法词，用于验证或升级监督检查与经费舞弊相关算法。
CASEV6D-017,筑梦苍穹：顾诵芬,1中国审计_7期,E:\2026\审计方法&政策文件\_ocr_output\1中国审计_7期\筑梦苍穹：顾诵芬.md,全场景通用,期刊文章案例/经验,,数据,,背景事实；审计关注点；数据来源；分析方法；疑点定位；现场核查；处理整改,算法测试案例；疑点解释模板；人工核查程序；底稿证据链,筑梦苍穹：顾诵芬案例规则化升级包,从《筑梦苍穹：顾诵芬》抽取审计场景、风险词、数据词和方法词，用于验证或升级全场景通用相关算法。
CASEV6D-018,精准审计细把脉 深处发力提质效——浙江省宁波市审计局开展公立医院和药品医疗器械生产经销使用情况专项审计调查经验总结,1中国审计_7期,E:\2026\审计方法&政策文件\_ocr_output\1中国审计_7期\精准审计细把脉 深处发力提质效——浙江省宁波市审计局开展公立医院和药品医疗器械生产经销使用情况专项审计调查经验总结.md,民生与社保医保 / 招投标与政府采购 / 预算执行与财政管理,期刊文章案例/经验,风险；违规；异常；重复；绩效,数据；采购；结算；招标；投标,分析；穿透；模型；规则；指标,背景事实；审计关注点；数据来源；分析方法；疑点定位；现场核查；处理整改,算法测试案例；疑点解释模板；人工核查程序；底稿证据链,精准审计细把脉 深处发力提质效——浙江省宁波市审计局开展公立医院和药品医疗器械生产经销使用情况专项审计调查经验总结案例规则化升级包,从《精准审计细把脉 深处发力提质效——浙江省宁波市审计局开展公立医院和药品医疗器械生产经销使用情况专项审计调查经验总结》抽取审计场景、风险词、数据词和方法词，用于验证或升级民生与社保医保相关算法。
CASEV6D-019,精准监督促医改 靶向发力增福祉——江苏省盐城市医药卫生体制改革政策措施落实情况专项审计调查经验总结,1中国审计_7期,E:\2026\审计方法&政策文件\_ocr_output\1中国审计_7期\精准监督促医改 靶向发力增福祉——江苏省盐城市医药卫生体制改革政策措施落实情况专项审计调查经验总结.md,民生与社保医保 / 招投标与政府采购 / 预算执行与财政管理,期刊文章案例/经验,风险；违规,数据；清单；采购；台账；支付,核查；分析；穿透；模型,背景事实；审计关注点；数据来源；分析方法；疑点定位；现场核查；处理整改,算法测试案例；疑点解释模板；人工核查程序；底稿证据链,精准监督促医改 靶向发力增福祉——江苏省盐城市医药卫生体制改革政策措施落实情况专项审计调查经验总结案例规则化升级包,从《精准监督促医改 靶向发力增福祉——江苏省盐城市医药卫生体制改革政策措施落实情况专项审计调查经验总结》抽取审计场景、风险词、数据词和方法词，用于验证或升级民生与社保医保相关算法。
CASEV6D-020,紧扣“一体化”和“高质量”推动“十五五”长三角一体化发展取得新突破,1中国审计_7期,E:\2026\审计方法&政策文件\_ocr_output\1中国审计_7期\紧扣“一体化”和“高质量”推动“十五五”长三角一体化发展取得新突破.md,资源环境审计 / 经济责任审计 / 民生与社保医保,期刊文章案例/经验,风险；预警,数据；资产,规则；预警,背景事实；审计关注点；数据来源；分析方法；疑点定位；现场核查；处理整改,算法测试案例；疑点解释模板；人工核查程序；底稿证据链,紧扣“一体化”和“高质量”推动“十五五”长三角一体化发展取得新突破案例规则化升级包,从《紧扣“一体化”和“高质量”推动“十五五”长三角一体化发展取得新突破》抽取审计场景、风险词、数据词和方法词，用于验证或升级资源环境审计相关算法。
CASEV6D-021,聚焦“两重”“两新”强化审计监督 推动十五五长三角一体化高质量发展,1中国审计_7期,E:\2026\审计方法&政策文件\_ocr_output\1中国审计_7期\聚焦“两重”“两新”强化审计监督 推动十五五长三角一体化高质量发展.md,财政与政府债务 / 预算执行与财政管理 / 绩效评价,期刊文章案例/经验,套取；绩效,数据,穿透；分析,背景事实；审计关注点；数据来源；分析方法；疑点定位；现场核查；处理整改,算法测试案例；疑点解释模板；人工核查程序；底稿证据链,聚焦“两重”“两新”强化审计监督 推动十五五长三角一体化高质量发展案例规则化升级包,从《聚焦“两重”“两新”强化审计监督 推动十五五长三角一体化高质量发展》抽取审计场景、风险词、数据词和方法词，用于验证或升级监督检查与经费舞弊相关算法。
CASEV6D-022,聚焦重点 系统施策 以审促治——重庆市审计局开展公立医院药械采购及医疗收费专项审计调查经验总结,1中国审计_7期,E:\2026\审计方法&政策文件\_ocr_output\1中国审计_7期\聚焦重点 系统施策 以审促治——重庆市审计局开展公立医院药械采购及医疗收费专项审计调查经验总结.md,民生与社保医保 / 招投标与政府采购 / 预算执行与财政管理,期刊文章案例/经验,风险；违规；预警,数据；采购；清单；支付,分析；核查；模型；穿透；关联,背景事实；审计关注点；数据来源；分析方法；疑点定位；现场核查；处理整改,算法测试案例；疑点解释模板；人工核查程序；底稿证据链,聚焦重点 系统施策 以审促治——重庆市审计局开展公立医院药械采购及医疗收费专项审计调查经验总结案例规则化升级包,从《聚焦重点 系统施策 以审促治——重庆市审计局开展公立医院药械采购及医疗收费专项审计调查经验总结》抽取审计场景、风险词、数据词和方法词，用于验证或升级民生与社保医保相关算法。
CASEV6D-023,运用多技术融合模型核查违规投保骗取农业保险保费补贴问题——以Z市城乡融合发展政策落实情况专项审计为例,1中国审计_7期,E:\2026\审计方法&政策文件\_ocr_output\1中国审计_7期\运用多技术融合模型核查违规投保骗取农业保险保费补贴问题——以Z市城乡融合发展政策落实情况专项审计为例.md,农业农村审计 / 金融审计 / 资源环境审计,期刊文章案例/经验,违规；真实性；重复；套取；绩效,数据；图斑；明细；合同；保单,分析；关联；核查；模型；穿透,背景事实；审计关注点；数据来源；分析方法；疑点定位；现场核查；处理整改,算法测试案例；疑点解释模板；人工核查程序；底稿证据链,运用多技术融合模型核查违规投保骗取农业保险保费补贴问题——以Z市城乡融合发展政策落实情况专项审计为例案例规则化升级包,从《运用多技术融合模型核查违规投保骗取农业保险保费补贴问题——以Z市城乡融合发展政策落实情况专项审计为例》抽取审计场景、风险词、数据词和方法词，用于验证或升级资源环境审计相关算法。
CASEV6D-024,高举思想旗帜 凝聚奋进力量以审计文化建设赋能审计事业高质量发展,1中国审计_7期,E:\2026\审计方法&政策文件\_ocr_output\1中国审计_7期\高举思想旗帜 凝聚奋进力量以审计文化建设赋能审计事业高质量发展.md,监督检查与经费舞弊 / 农业农村审计 / 民生与社保医保,期刊文章案例/经验,绩效,数据；清单；遥感,,背景事实；审计关注点；数据来源；分析方法；疑点定位；现场核查；处理整改,算法测试案例；疑点解释模板；人工核查程序；底稿证据链,高举思想旗帜 凝聚奋进力量以审计文化建设赋能审计事业高质量发展案例规则化升级包,从《高举思想旗帜 凝聚奋进力量以审计文化建设赋能审计事业高质量发展》抽取审计场景、风险词、数据词和方法词，用于验证或升级监督检查与经费舞弊相关算法。
CASEV6D-025,内部控制视角下审计监督提升事业单位绩效管理路径研究,2经济责任审计_6期,E:\2026\审计方法&政策文件\_ocr_output\2经济责任审计_6期\内部控制视角下审计监督提升事业单位绩效管理路径研究.md,监督检查与经费舞弊 / 经济责任审计 / 预算执行与财政管理,期刊文章案例/经验,绩效；风险；缺陷；真实性；违规,数据；绩效目标；指标；审批；清单,评价；分析；指标；关联；识别,背景事实；审计关注点；数据来源；分析方法；疑点定位；现场核查；处理整改,算法测试案例；疑点解释模板；人工核查程序；底稿证据链,内部控制视角下审计监督提升事业单位绩效管理路径研究案例规则化升级包,从《内部控制视角下审计监督提升事业单位绩效管理路径研究》抽取审计场景、风险词、数据词和方法词，用于验证或升级绩效评价相关算法。
CASEV6D-026,华中革命根据地战时审计机制与效能研究,2经济责任审计_6期,E:\2026\审计方法&政策文件\_ocr_output\2经济责任审计_6期\华中革命根据地战时审计机制与效能研究.md,监督检查与经费舞弊 / 预算执行与财政管理 / 经济责任审计,期刊文章案例/经验,风险；不合规,决算；预算；支付；数据；清单,审查；核查,背景事实；审计关注点；数据来源；分析方法；疑点定位；现场核查；处理整改,算法测试案例；疑点解释模板；人工核查程序；底稿证据链,华中革命根据地战时审计机制与效能研究案例规则化升级包,从《华中革命根据地战时审计机制与效能研究》抽取审计场景、风险词、数据词和方法词，用于验证或升级监督检查与经费舞弊相关算法。
CASEV6D-027,印度审计署2023-2030年战略规划概况,2经济责任审计_6期,E:\2026\审计方法&政策文件\_ocr_output\2经济责任审计_6期\印度审计署2023-2030年战略规划概况.md,监督检查与经费舞弊 / 绩效评价 / 民生与社保医保,期刊文章案例/经验,风险；绩效；异常；缺陷,数据；审批；资产,分析；监测；识别；规则；核查,背景事实；审计关注点；数据来源；分析方法；疑点定位；现场核查；处理整改,算法测试案例；疑点解释模板；人工核查程序；底稿证据链,印度审计署2023-2030年战略规划概况案例规则化升级包,从《印度审计署2023-2030年战略规划概况》抽取审计场景、风险词、数据词和方法词，用于验证或升级监督检查与经费舞弊相关算法。
CASEV6D-028,县域经济特色发展的典型模式与战略路径,2经济责任审计_6期,E:\2026\审计方法&政策文件\_ocr_output\2经济责任审计_6期\县域经济特色发展的典型模式与战略路径.md,农业农村审计 / 资源环境审计 / 金融审计,期刊文章案例/经验,风险；预警,数据；资产,关联；预警；监测；分析,背景事实；审计关注点；数据来源；分析方法；疑点定位；现场核查；处理整改,算法测试案例；疑点解释模板；人工核查程序；底稿证据链,县域经济特色发展的典型模式与战略路径案例规则化升级包,从《县域经济特色发展的典型模式与战略路径》抽取审计场景、风险词、数据词和方法词，用于验证或升级农业农村审计相关算法。
CASEV6D-029,奋楫笃行担使命踔厉奋发启新程以高质量审计监督助力开创富民兴陇新局面,2经济责任审计_6期,E:\2026\审计方法&政策文件\_ocr_output\2经济责任审计_6期\奋楫笃行担使命踔厉奋发启新程以高质量审计监督助力开创富民兴陇新局面.md,经济责任审计 / 监督检查与经费舞弊 / 农业农村审计,期刊文章案例/经验,风险；违规；绩效；损失,数据；清单；资产；支付；预算,评价；分析,背景事实；审计关注点；数据来源；分析方法；疑点定位；现场核查；处理整改,算法测试案例；疑点解释模板；人工核查程序；底稿证据链,奋楫笃行担使命踔厉奋发启新程以高质量审计监督助力开创富民兴陇新局面案例规则化升级包,从《奋楫笃行担使命踔厉奋发启新程以高质量审计监督助力开创富民兴陇新局面》抽取审计场景、风险词、数据词和方法词，用于验证或升级经济责任审计相关算法。
CASEV6D-030,审判机关领导干部应当履行的推动法院工作高质量发展职责,2经济责任审计_6期,E:\2026\审计方法&政策文件\_ocr_output\2经济责任审计_6期\审判机关领导干部应当履行的推动法院工作高质量发展职责.md,经济责任审计 / 监督检查与经费舞弊 / 预算执行与财政管理,期刊文章案例/经验,违规；损失,预算,评价；分析,背景事实；审计关注点；数据来源；分析方法；疑点定位；现场核查；处理整改,算法测试案例；疑点解释模板；人工核查程序；底稿证据链,审判机关领导干部应当履行的推动法院工作高质量发展职责案例规则化升级包,从《审判机关领导干部应当履行的推动法院工作高质量发展职责》抽取审计场景、风险词、数据词和方法词，用于验证或升级经济责任审计相关算法。
CASEV6D-031,山东省聊城市大气污染防治政策落实和资金管理使用情况专项审计实践,2经济责任审计_6期,E:\2026\审计方法&政策文件\_ocr_output\2经济责任审计_6期\山东省聊城市大气污染防治政策落实和资金管理使用情况专项审计实践.md,资源环境审计 / 绩效评价 / 财政与政府债务,期刊文章案例/经验,违规；闲置；绩效；套取；虚假,采购；数据；合同；投标；招标,核查；模型；指标；监测；识别,背景事实；审计关注点；数据来源；分析方法；疑点定位；现场核查；处理整改,算法测试案例；疑点解释模板；人工核查程序；底稿证据链,山东省聊城市大气污染防治政策落实和资金管理使用情况专项审计实践案例规则化升级包,从《山东省聊城市大气污染防治政策落实和资金管理使用情况专项审计实践》抽取审计场景、风险词、数据词和方法词，用于验证或升级招投标与政府采购相关算法。
CASEV6D-032,我国审计学人才自主培养模式探索与创新2026年全国审计学专业教育联盟会议综述,2经济责任审计_6期,E:\2026\审计方法&政策文件\_ocr_output\2经济责任审计_6期\我国审计学人才自主培养模式探索与创新2026年全国审计学专业教育联盟会议综述.md,监督检查与经费舞弊 / 经济责任审计 / 绩效评价,期刊文章案例/经验,风险；虚假,数据；指标；资产,分析；评价；模型；指标,背景事实；审计关注点；数据来源；分析方法；疑点定位；现场核查；处理整改,算法测试案例；疑点解释模板；人工核查程序；底稿证据链,我国审计学人才自主培养模式探索与创新2026年全国审计学专业教育联盟会议综述案例规则化升级包,从《我国审计学人才自主培养模式探索与创新2026年全国审计学专业教育联盟会议综述》抽取审计场景、风险词、数据词和方法词，用于验证或升级监督检查与经费舞弊相关算法。
CASEV6D-033,政策性农业保险审计探讨,2经济责任审计_6期,E:\2026\审计方法&政策文件\_ocr_output\2经济责任审计_6期\政策性农业保险审计探讨.md,农业农村审计 / 金融审计 / 资源环境审计,期刊文章案例/经验,风险；违规；虚假；重复；损失,理赔；数据；支付；预算；遥感,评价；核查；分析；关联；预警,背景事实；审计关注点；数据来源；分析方法；疑点定位；现场核查；处理整改,算法测试案例；疑点解释模板；人工核查程序；底稿证据链,政策性农业保险审计探讨案例规则化升级包,从《政策性农业保险审计探讨》抽取审计场景、风险词、数据词和方法词，用于验证或升级金融审计相关算法。
CASEV6D-034,数智化背景下供应链金融审计的实务难点与突破路径,2经济责任审计_6期,E:\2026\审计方法&政策文件\_ocr_output\2经济责任审计_6期\数智化背景下供应链金融审计的实务难点与突破路径.md,金融审计 / 国企审计 / 监督检查与经费舞弊,期刊文章案例/经验,风险；预警；异常；内控；虚假,数据；支付；合同；指标；明细,穿透；核查；预警；分析；关联,背景事实；审计关注点；数据来源；分析方法；疑点定位；现场核查；处理整改,算法测试案例；疑点解释模板；人工核查程序；底稿证据链,数智化背景下供应链金融审计的实务难点与突破路径案例规则化升级包,从《数智化背景下供应链金融审计的实务难点与突破路径》抽取审计场景、风险词、数据词和方法词，用于验证或升级金融审计相关算法。
CASEV6D-035,新修订的《上市公司治理准则》总体变化及其制度逻辑,2经济责任审计_6期,E:\2026\审计方法&政策文件\_ocr_output\2经济责任审计_6期\新修订的《上市公司治理准则》总体变化及其制度逻辑.md,经济责任审计 / 监督检查与经费舞弊 / 国企审计,期刊文章案例/经验,风险；绩效；违规；损失；真实性,合同；审批；资产,规则；穿透；审查；识别；分析,背景事实；审计关注点；数据来源；分析方法；疑点定位；现场核查；处理整改,算法测试案例；疑点解释模板；人工核查程序；底稿证据链,新修订的《上市公司治理准则》总体变化及其制度逻辑案例规则化升级包,从《新修订的《上市公司治理准则》总体变化及其制度逻辑》抽取审计场景、风险词、数据词和方法词，用于验证或升级经济责任审计相关算法。
CASEV6D-036,汾渭平原大气污染联防联控现状及审计建议,2经济责任审计_6期,E:\2026\审计方法&政策文件\_ocr_output\2经济责任审计_6期\汾渭平原大气污染联防联控现状及审计建议.md,资源环境审计 / 绩效评价 / 财政与政府债务,期刊文章案例/经验,预警；风险；超标；挪用；违规,数据；清单；指标,核查；预警；分析；指标；评价,背景事实；审计关注点；数据来源；分析方法；疑点定位；现场核查；处理整改,算法测试案例；疑点解释模板；人工核查程序；底稿证据链,汾渭平原大气污染联防联控现状及审计建议案例规则化升级包,从《汾渭平原大气污染联防联控现状及审计建议》抽取审计场景、风险词、数据词和方法词，用于验证或升级资源环境审计相关算法。
CASEV6D-037,经济责任审计科学化制度化模块化探索以同类型县域党政主要领导干部 步开展经济责任审计为例,2经济责任审计_6期,E:\2026\审计方法&政策文件\_ocr_output\2经济责任审计_6期\经济责任审计科学化制度化模块化探索以同类型县域党政主要领导干部 步开展经济责任审计为例.md,经济责任审计 / 监督检查与经费舞弊 / 预算执行与财政管理,期刊文章案例/经验,,数据；指标；台账；清单；资产,评价；分析；指标；关联,背景事实；审计关注点；数据来源；分析方法；疑点定位；现场核查；处理整改,算法测试案例；疑点解释模板；人工核查程序；底稿证据链,经济责任审计科学化制度化模块化探索以同类型县域党政主要领导干部 步开展经济责任审计为例案例规则化升级包,从《经济责任审计科学化制度化模块化探索以同类型县域党政主要领导干部 步开展经济责任审计为例》抽取审计场景、风险词、数据词和方法词，用于验证或升级经济责任审计相关算法。
CASEV6D-038,经济责任审计证据（下）,2经济责任审计_6期,E:\2026\审计方法&政策文件\_ocr_output\2经济责任审计_6期\经济责任审计证据（下）.md,经济责任审计 / 监督检查与经费舞弊 / 预算执行与财政管理,期刊文章案例/经验,风险；异常,数据；清单；资产,分析；评价；穿透；核查；验证,背景事实；审计关注点；数据来源；分析方法；疑点定位；现场核查；处理整改,算法测试案例；疑点解释模板；人工核查程序；底稿证据链,经济责任审计证据（下）案例规则化升级包,从《经济责任审计证据（下）》抽取审计场景、风险词、数据词和方法词，用于验证或升级经济责任审计相关算法。
CASEV6D-039,面向十五五邮储银行体系化审计发展战略的内涵与贯通思路,2经济责任审计_6期,E:\2026\审计方法&政策文件\_ocr_output\2经济责任审计_6期\面向十五五邮储银行体系化审计发展战略的内涵与贯通思路.md,金融审计 / 国企审计 / 监督检查与经费舞弊,期刊文章案例/经验,风险；内控；预警；异常；绩效,数据；资产；指标；台账；清单,模型；监测；评价；预警；识别,背景事实；审计关注点；数据来源；分析方法；疑点定位；现场核查；处理整改,算法测试案例；疑点解释模板；人工核查程序；底稿证据链,面向十五五邮储银行体系化审计发展战略的内涵与贯通思路案例规则化升级包,从《面向十五五邮储银行体系化审计发展战略的内涵与贯通思路》抽取审计场景、风险词、数据词和方法词，用于验证或升级金融审计相关算法。
CASEV6D-040,领导干部权力寻租风险治理路径探析基于县区党政主要领导干部经济责任审计实践,2经济责任审计_6期,E:\2026\审计方法&政策文件\_ocr_output\2经济责任审计_6期\领导干部权力寻租风险治理路径探析基于县区党政主要领导干部经济责任审计实践.md,经济责任审计 / 监督检查与经费舞弊 / 预算执行与财政管理,期刊文章案例/经验,风险；违规；预警；虚假；围标,资产；审批；数据；清单；支付,分析；核查；穿透；关联；预警,背景事实；审计关注点；数据来源；分析方法；疑点定位；现场核查；处理整改,算法测试案例；疑点解释模板；人工核查程序；底稿证据链,领导干部权力寻租风险治理路径探析基于县区党政主要领导干部经济责任审计实践案例规则化升级包,从《领导干部权力寻租风险治理路径探析基于县区党政主要领导干部经济责任审计实践》抽取审计场景、风险词、数据词和方法词，用于验证或升级经济责任审计相关算法。
CASEV6D-041,高校内部管理领导人员经济责任审计实务困境与全流程优化建议,2经济责任审计_6期,E:\2026\审计方法&政策文件\_ocr_output\2经济责任审计_6期\高校内部管理领导人员经济责任审计实务困境与全流程优化建议.md,经济责任审计 / 监督检查与经费舞弊 / 预算执行与财政管理,期刊文章案例/经验,风险；重复；缺陷；违规；内控,清单；审批；预算；采购；数据,评价；核查；分析；指标；穿透,背景事实；审计关注点；数据来源；分析方法；疑点定位；现场核查；处理整改,算法测试案例；疑点解释模板；人工核查程序；底稿证据链,高校内部管理领导人员经济责任审计实务困境与全流程优化建议案例规则化升级包,从《高校内部管理领导人员经济责任审计实务困境与全流程优化建议》抽取审计场景、风险词、数据词和方法词，用于验证或升级监督检查与经费舞弊相关算法。
BOOKEVID-001,工程总承包政策精要,工程,E:\2026\审计方法&政策文件\_ocr_output\工程\工程总承包政策精要.pdf.md,工程与投资审计 / 招投标与政府采购 / 财政与政府债务,书籍章节证据模板,违规；异常；风险；超标；超预算；超概算；挪用；损失,数据；清单；明细；合同；支付；流水；预算；决算,模型；规则；指标；评价；评分；核查；关联；回归,章节依据；风险假设；数据需求；规则/指标；疑点输出；人工核查；底稿归档,算法资产卡依据；规则指标库依据；底稿模板；业务复核清单,工程总承包政策精要章节规则化抽取,从《工程总承包政策精要》抽取8个算法/规则/指标包，并形成书籍级证据模板。
BOOKEVID-002,工程项目利润创造与造价风险控制,工程,E:\2026\审计方法&政策文件\_ocr_output\工程\工程项目利润创造与造价风险控制.pdf.md,工程与投资审计 / 招投标与政府采购 / 财政与政府债务,书籍章节证据模板,违规；异常；风险；虚假；重复；超标；套取；损失,数据；台账；清单；明细；合同；发票；凭证；支付,模型；规则；指标；评价；比对；核查；穿透；关联,章节依据；风险假设；数据需求；规则/指标；疑点输出；人工核查；底稿归档,算法资产卡依据；规则指标库依据；底稿模板；业务复核清单,工程项目利润创造与造价风险控制章节规则化抽取,从《工程项目利润创造与造价风险控制》抽取10个算法/规则/指标包，并形成书籍级证据模板。
BOOKEVID-003,内部经济责任审计,经责,E:\2026\审计方法&政策文件\_ocr_output\经责\内部经济责任审计.pdf.md,经济责任审计 / 监督检查与经费舞弊,书籍章节证据模板,违规；异常；风险；舞弊；虚假；重复；超标；超概算,数据；台账；清单；明细；合同；发票；凭证；支付,算法；模型；规则；指标；评价；评分；比对；核查,章节依据；风险假设；数据需求；规则/指标；疑点输出；人工核查；底稿归档,算法资产卡依据；规则指标库依据；底稿模板；业务复核清单,内部经济责任审计章节规则化抽取,从《内部经济责任审计》抽取8个算法/规则/指标包，并形成书籍级证据模板。
BOOKEVID-004,国有企业经济责任审计实务指南,经责,E:\2026\审计方法&政策文件\_ocr_output\经责\国有企业经济责任审计实务指南.pdf.md,经济责任审计 / 国企审计 / 监督检查与经费舞弊,书籍章节证据模板,违规；异常；风险；舞弊；虚假；重复；超标；超预算,数据；清单；明细；合同；发票；凭证；支付；流水,算法；规则；指标；评价；比对；核查；关联；预警,章节依据；风险假设；数据需求；规则/指标；疑点输出；人工核查；底稿归档,算法资产卡依据；规则指标库依据；底稿模板；业务复核清单,国有企业经济责任审计实务指南章节规则化抽取,从《国有企业经济责任审计实务指南》抽取7个算法/规则/指标包，并形成书籍级证据模板。
BOOKEVID-005,经济责任审计实务,经责,E:\2026\审计方法&政策文件\_ocr_output\经责\经济责任审计实务.md,经济责任审计 / 监督检查与经费舞弊,书籍章节证据模板,违规；异常；风险；舞弊；虚假；重复；超标；超预算,数据；台账；清单；明细；合同；发票；凭证；支付,模型；规则；指标；评价；比对；核查；关联；抽样,章节依据；风险假设；数据需求；规则/指标；疑点输出；人工核查；底稿归档,算法资产卡依据；规则指标库依据；底稿模板；业务复核清单,经济责任审计实务章节规则化抽取,从《经济责任审计实务》抽取5个算法/规则/指标包，并形成书籍级证据模板。
BOOKEVID-006,经济责任审计实务,经责,E:\2026\审计方法&政策文件\_ocr_output\经责\经济责任审计实务.pdf.md,经济责任审计 / 监督检查与经费舞弊,书籍章节证据模板,违规；异常；风险；舞弊；虚假；重复；超标；超预算,数据；台账；清单；明细；合同；发票；凭证；支付,模型；规则；指标；评价；比对；核查；关联；抽样,章节依据；风险假设；数据需求；规则/指标；疑点输出；人工核查；底稿归档,算法资产卡依据；规则指标库依据；底稿模板；业务复核清单,经济责任审计实务章节规则化抽取,从《经济责任审计实务》抽取5个算法/规则/指标包，并形成书籍级证据模板。
BOOKEVID-007,行政单位经济责任审计实务指南,经责,E:\2026\审计方法&政策文件\_ocr_output\经责\行政单位经济责任审计实务指南.pdf.md,经济责任审计 / 预算执行与财政管理 / 监督检查与经费舞弊,书籍章节证据模板,违规；异常；风险；舞弊；虚假；重复；超标；超预算,数据；台账；清单；明细；合同；发票；凭证；支付,算法；规则；指标；评价；评分；核查；关联；抽样,章节依据；风险假设；数据需求；规则/指标；疑点输出；人工核查；底稿归档,算法资产卡依据；规则指标库依据；底稿模板；业务复核清单,行政单位经济责任审计实务指南章节规则化抽取,从《行政单位经济责任审计实务指南》抽取6个算法/规则/指标包，并形成书籍级证据模板。
BOOKEVID-008,领导干部自然资源资产离任审计实务与操作指引,经责,E:\2026\审计方法&政策文件\_ocr_output\经责\领导干部自然资源资产离任审计实务与操作指引.pdf.md,经济责任审计 / 资源环境审计 / 监督检查与经费舞弊,书籍章节证据模板,违规；异常；风险；舞弊；虚假；重复；超标；挪用,数据；台账；清单；明细；合同；凭证；支付；流水,算法；模型；规则；指标；评价；评分；比对；核查,章节依据；风险假设；数据需求；规则/指标；疑点输出；人工核查；底稿归档,算法资产卡依据；规则指标库依据；底稿模板；业务复核清单,领导干部自然资源资产离任审计实务与操作指引章节规则化抽取,从《领导干部自然资源资产离任审计实务与操作指引》抽取8个算法/规则/指标包，并形成书籍级证据模板。
BOOKEVID-009,领导干部自然资源资产离任审计常见问题定性与评价指南,经责,E:\2026\审计方法&政策文件\_ocr_output\经责\领导干部自然资源资产离任审计常见问题定性与评价指南.pdf.md,经济责任审计 / 资源环境审计 / 监督检查与经费舞弊,书籍章节证据模板,违规；异常；风险；虚假；重复；超标；挪用；套取,数据；台账；清单；明细；合同；凭证；支付；预算,算法；规则；指标；评价；比对；核查；关联；抽样,章节依据；风险假设；数据需求；规则/指标；疑点输出；人工核查；底稿归档,算法资产卡依据；规则指标库依据；底稿模板；业务复核清单,领导干部自然资源资产离任审计常见问题定性与评价指南章节规则化抽取,从《领导干部自然资源资产离任审计常见问题定性与评价指南》抽取6个算法/规则/指标包，并形成书籍级证据模板。
BOOKEVID-010,高校领导干部经济责任审计指南,经责,E:\2026\审计方法&政策文件\_ocr_output\经责\高校领导干部经济责任审计指南.pdf.md,经济责任审计 / 预算执行与财政管理 / 监督检查与经费舞弊,书籍章节证据模板,违规；异常；风险；舞弊；虚假；重复；超标；超预算,数据；台账；清单；明细；合同；发票；凭证；支付,算法；模型；规则；指标；评价；评分；比对；核查,章节依据；风险假设；数据需求；规则/指标；疑点输出；人工核查；底稿归档,算法资产卡依据；规则指标库依据；底稿模板；业务复核清单,高校领导干部经济责任审计指南章节规则化抽取,从《高校领导干部经济责任审计指南》抽取7个算法/规则/指标包，并形成书籍级证据模板。
BOOKEVID-011,中国财政支出政策绩效评价体系研究,绩效,E:\2026\审计方法&政策文件\_ocr_output\绩效\中国财政支出政策绩效评价体系研究.pdf.md,绩效评价 / 预算执行与财政管理 / 财政与政府债务,书籍章节证据模板,违规；风险；重复；挪用；骗补；损失；低效；闲置,数据；台账；清单；合同；支付；预算；决算；指标,算法；模型；规则；指标；评价；评分；比对；核查,章节依据；风险假设；数据需求；规则/指标；疑点输出；人工核查；底稿归档,算法资产卡依据；规则指标库依据；底稿模板；业务复核清单,中国财政支出政策绩效评价体系研究章节规则化抽取,从《中国财政支出政策绩效评价体系研究》抽取7个算法/规则/指标包，并形成书籍级证据模板。
BOOKEVID-012,抽样调查设计导论,绩效,E:\2026\审计方法&政策文件\_ocr_output\绩效\抽样调查设计导论.pdf.md,绩效评价 / 预算执行与财政管理 / 财政与政府债务,书籍章节证据模板,违规；异常；风险；重复；挪用；低效；缺陷；绩效,数据；清单；支付；预算；指标；问卷；样本；报表,算法；模型；规则；指标；评价；比对；核查；关联,章节依据；风险假设；数据需求；规则/指标；疑点输出；人工核查；底稿归档,算法资产卡依据；规则指标库依据；底稿模板；业务复核清单,抽样调查设计导论章节规则化抽取,从《抽样调查设计导论》抽取7个算法/规则/指标包，并形成书籍级证据模板。
BOOKEVID-013,水利系统部门整体支出绩效评价的思考与探索,绩效,E:\2026\审计方法&政策文件\_ocr_output\绩效\水利系统部门整体支出绩效评价的思考与探索.pdf.md,绩效评价 / 预算执行与财政管理 / 财政与政府债务,书籍章节证据模板,违规；风险；虚假；重复；损失；低效；滞留；内控,数据；清单；明细；合同；凭证；支付；预算；决算,算法；模型；规则；指标；评价；评分；比对；核查,章节依据；风险假设；数据需求；规则/指标；疑点输出；人工核查；底稿归档,算法资产卡依据；规则指标库依据；底稿模板；业务复核清单,水利系统部门整体支出绩效评价的思考与探索章节规则化抽取,从《水利系统部门整体支出绩效评价的思考与探索》抽取5个算法/规则/指标包，并形成书籍级证据模板。
BOOKEVID-014,环境绩效审计实务指南,绩效,E:\2026\审计方法&政策文件\_ocr_output\绩效\环境绩效审计实务指南.pdf.md,绩效评价 / 资源环境审计 / 预算执行与财政管理,书籍章节证据模板,违规；异常；风险；虚假；重复；超标；超预算；超概算,数据；台账；清单；明细；合同；发票；凭证；支付,指标；评价；评分；比对；核查；关联；抽样；监测,章节依据；风险假设；数据需求；规则/指标；疑点输出；人工核查；底稿归档,算法资产卡依据；规则指标库依据；底稿模板；业务复核清单,环境绩效审计实务指南章节规则化抽取,从《环境绩效审计实务指南》抽取6个算法/规则/指标包，并形成书籍级证据模板。
BOOKEVID-015,绩效审计一个计量的过程和方法,绩效,E:\2026\审计方法&政策文件\_ocr_output\绩效\绩效审计一个计量的过程和方法.pdf.md,绩效评价 / 预算执行与财政管理 / 财政与政府债务,书籍章节证据模板,违规；异常；风险；舞弊；重复；挪用；损失；低效,数据；清单；合同；发票；凭证；支付；流水；预算,算法；模型；规则；指标；评价；评分；核查；关联,章节依据；风险假设；数据需求；规则/指标；疑点输出；人工核查；底稿归档,算法资产卡依据；规则指标库依据；底稿模板；业务复核清单,绩效审计一个计量的过程和方法章节规则化抽取,从《绩效审计一个计量的过程和方法》抽取8个算法/规则/指标包，并形成书籍级证据模板。
BOOKEVID-016,绩效审计方法,绩效,E:\2026\审计方法&政策文件\_ocr_output\绩效\绩效审计方法.pdf.md,绩效评价 / 预算执行与财政管理 / 财政与政府债务,书籍章节证据模板,违规；异常；风险；舞弊；虚假；重复；超标；挪用,数据；清单；明细；合同；发票；凭证；支付；流水,算法；模型；规则；指标；评价；评分；比对；核查,章节依据；风险假设；数据需求；规则/指标；疑点输出；人工核查；底稿归档,算法资产卡依据；规则指标库依据；底稿模板；业务复核清单,绩效审计方法章节规则化抽取,从《绩效审计方法》抽取7个算法/规则/指标包，并形成书籍级证据模板。
BOOKEVID-017,调查问卷设计与处理分析,绩效,E:\2026\审计方法&政策文件\_ocr_output\绩效\调查问卷设计与处理分析.pdf.md,绩效评价 / 预算执行与财政管理 / 财政与政府债务,书籍章节证据模板,风险；虚假；重复；损失；完整性；绩效；偏离；预警,数据；台账；预算；指标；问卷；样本；报表；审批,模型；规则；指标；评价；核查；关联；聚类；抽样,章节依据；风险假设；数据需求；规则/指标；疑点输出；人工核查；底稿归档,算法资产卡依据；规则指标库依据；底稿模板；业务复核清单,调查问卷设计与处理分析章节规则化抽取,从《调查问卷设计与处理分析》抽取6个算法/规则/指标包，并形成书籍级证据模板。
BOOKEVID-018,财政支出绩效评价研究,绩效,E:\2026\审计方法&政策文件\_ocr_output\绩效\财政支出绩效评价研究.pdf.md,绩效评价 / 预算执行与财政管理 / 财政与政府债务,书籍章节证据模板,违规；风险；虚假；重复；超概算；挪用；损失；低效,数据；清单；明细；合同；凭证；支付；预算；决算,算法；模型；规则；指标；评价；评分；比对；核查,章节依据；风险假设；数据需求；规则/指标；疑点输出；人工核查；底稿归档,算法资产卡依据；规则指标库依据；底稿模板；业务复核清单,财政支出绩效评价研究章节规则化抽取,从《财政支出绩效评价研究》抽取7个算法/规则/指标包，并形成书籍级证据模板。
BOOKEVID-019,中国碳排放权交易实务,能源,E:\2026\审计方法&政策文件\_ocr_output\能源\中国碳排放权交易实务.pdf.md,能源与双碳审计 / 资源环境审计 / 绩效评价,书籍章节证据模板,违规；异常；风险；重复；损失；内控；真实性；完整性,数据；台账；清单；明细；合同；发票；凭证；支付,模型；规则；指标；评价；比对；核查；关联；抽样,章节依据；风险假设；数据需求；规则/指标；疑点输出；人工核查；底稿归档,算法资产卡依据；规则指标库依据；底稿模板；业务复核清单,中国碳排放权交易实务章节规则化抽取,从《中国碳排放权交易实务》抽取8个算法/规则/指标包，并形成书籍级证据模板。
BOOKEVID-020,公共机构能源审计,能源,E:\2026\审计方法&政策文件\_ocr_output\能源\公共机构能源审计.pdf.md,能源与双碳审计 / 资源环境审计 / 绩效评价,书籍章节证据模板,违规；异常；风险；重复；损失；低效；闲置；缺陷,数据；台账；清单；明细；合同；发票；凭证；支付,算法；模型；规则；指标；评价；比对；核查；关联,章节依据；风险假设；数据需求；规则/指标；疑点输出；人工核查；底稿归档,算法资产卡依据；规则指标库依据；底稿模板；业务复核清单,公共机构能源审计章节规则化抽取,从《公共机构能源审计》抽取6个算法/规则/指标包，并形成书籍级证据模板。
BOOKEVID-021,公共机构能源审计实务,能源,E:\2026\审计方法&政策文件\_ocr_output\能源\公共机构能源审计实务.pdf.md,能源与双碳审计 / 资源环境审计 / 绩效评价,书籍章节证据模板,违规；异常；风险；舞弊；虚假；重复；超标；损失,数据；台账；清单；明细；合同；发票；凭证；支付,算法；模型；规则；指标；评价；评分；比对；核查,章节依据；风险假设；数据需求；规则/指标；疑点输出；人工核查；底稿归档,算法资产卡依据；规则指标库依据；底稿模板；业务复核清单,公共机构能源审计实务章节规则化抽取,从《公共机构能源审计实务》抽取7个算法/规则/指标包，并形成书籍级证据模板。
BOOKEVID-022,碳达峰与碳中和实施指南,能源,E:\2026\审计方法&政策文件\_ocr_output\能源\碳达峰与碳中和实施指南.pdf.md,能源与双碳审计 / 资源环境审计 / 绩效评价,书籍章节证据模板,违规；异常；风险；重复；超标；损失；低效；闲置,数据；台账；清单；合同；发票；支付；预算；指标,规则；指标；评价；核查；关联；回归；预警；监测,章节依据；风险假设；数据需求；规则/指标；疑点输出；人工核查；底稿归档,算法资产卡依据；规则指标库依据；底稿模板；业务复核清单,碳达峰与碳中和实施指南章节规则化抽取,从《碳达峰与碳中和实施指南》抽取6个算法/规则/指标包，并形成书籍级证据模板。
BOOKEVID-023,能源审计原理与实施方法,能源,E:\2026\审计方法&政策文件\_ocr_output\能源\能源审计原理与实施方法.pdf.md,能源与双碳审计 / 资源环境审计 / 绩效评价,书籍章节证据模板,违规；异常；风险；虚假；重复；超标；损失；低效,数据；台账；清单；合同；发票；凭证；支付；流水,模型；规则；指标；评价；比对；核查；抽样；回归,章节依据；风险假设；数据需求；规则/指标；疑点输出；人工核查；底稿归档,算法资产卡依据；规则指标库依据；底稿模板；业务复核清单,能源审计原理与实施方法章节规则化抽取,从《能源审计原理与实施方法》抽取6个算法/规则/指标包，并形成书籍级证据模板。
BOOKEVID-024,内部审计工作法,通用,E:\2026\审计方法&政策文件\_ocr_output\通用\内部审计工作法.pdf.md,全场景通用 / 监督检查与经费舞弊 / 预算执行与财政管理,书籍章节证据模板,违规；异常；风险；舞弊；虚假；重复；挪用；损失,数据；清单；明细；合同；发票；凭证；支付；流水,算法；模型；规则；指标；评价；评分；比对；核查,章节依据；风险假设；数据需求；规则/指标；疑点输出；人工核查；底稿归档,算法资产卡依据；规则指标库依据；底稿模板；业务复核清单,内部审计工作法章节规则化抽取,从《内部审计工作法》抽取7个算法/规则/指标包，并形成书籍级证据模板。
BOOKEVID-025,内部审计思维与沟通,通用,E:\2026\审计方法&政策文件\_ocr_output\通用\内部审计思维与沟通.pdf.md,全场景通用 / 监督检查与经费舞弊 / 预算执行与财政管理,书籍章节证据模板,违规；异常；风险；舞弊；虚假；重复；超预算；挪用,数据；台账；清单；明细；合同；发票；凭证；支付,模型；规则；指标；评价；评分；核查；关联；抽样,章节依据；风险假设；数据需求；规则/指标；疑点输出；人工核查；底稿归档,算法资产卡依据；规则指标库依据；底稿模板；业务复核清单,内部审计思维与沟通章节规则化抽取,从《内部审计思维与沟通》抽取6个算法/规则/指标包，并形成书籍级证据模板。
BOOKEVID-026,内部控制审计实务指南,通用,E:\2026\审计方法&政策文件\_ocr_output\通用\内部控制审计实务指南.pdf.md,监督检查与经费舞弊 / 预算执行与财政管理 / 经济责任审计,书籍章节证据模板,违规；异常；风险；舞弊；虚假；重复；超标；超预算,数据；台账；清单；明细；合同；发票；凭证；支付,模型；规则；指标；评价；评分；核查；关联；抽样,章节依据；风险假设；数据需求；规则/指标；疑点输出；人工核查；底稿归档,算法资产卡依据；规则指标库依据；底稿模板；业务复核清单,内部控制审计实务指南章节规则化抽取,从《内部控制审计实务指南》抽取7个算法/规则/指标包，并形成书籍级证据模板。
BOOKEVID-027,国家治理导向的政府审计,通用,E:\2026\审计方法&政策文件\_ocr_output\通用\国家治理导向的政府审计.pdf.md,监督检查与经费舞弊 / 预算执行与财政管理 / 绩效评价,书籍章节证据模板,违规；异常；风险；舞弊；虚假；重复；挪用；损失,数据；台账；清单；明细；合同；发票；凭证；支付,算法；模型；规则；指标；评价；评分；比对；核查,章节依据；风险假设；数据需求；规则/指标；疑点输出；人工核查；底稿归档,算法资产卡依据；规则指标库依据；底稿模板；业务复核清单,国家治理导向的政府审计章节规则化抽取,从《国家治理导向的政府审计》抽取10个算法/规则/指标包，并形成书籍级证据模板。
BOOKEVID-028,基层审计业务操作规程,通用,E:\2026\审计方法&政策文件\_ocr_output\通用\基层审计业务操作规程.pdf.md,全场景通用 / 监督检查与经费舞弊 / 预算执行与财政管理,书籍章节证据模板,违规；异常；风险；虚假；重复；超标；超预算；超概算,数据；台账；清单；明细；合同；发票；凭证；支付,算法；模型；规则；指标；评价；比对；核查；关联,章节依据；风险假设；数据需求；规则/指标；疑点输出；人工核查；底稿归档,算法资产卡依据；规则指标库依据；底稿模板；业务复核清单,基层审计业务操作规程章节规则化抽取,从《基层审计业务操作规程》抽取6个算法/规则/指标包，并形成书籍级证据模板。
BOOKEVID-029,审计专题教学案例精选,通用,E:\2026\审计方法&政策文件\_ocr_output\通用\审计专题教学案例精选.pdf.md,全场景通用 / 监督检查与经费舞弊 / 绩效评价,书籍章节证据模板,违规；异常；风险；舞弊；虚假；重复；超标；超预算,数据；台账；清单；明细；合同；发票；凭证；支付,算法；模型；规则；指标；评价；评分；核查；关联,章节依据；风险假设；数据需求；规则/指标；疑点输出；人工核查；底稿归档,算法资产卡依据；规则指标库依据；底稿模板；业务复核清单,审计专题教学案例精选章节规则化抽取,从《审计专题教学案例精选》抽取7个算法/规则/指标包，并形成书籍级证据模板。
BOOKEVID-030,审计案例,通用,E:\2026\审计方法&政策文件\_ocr_output\通用\审计案例.pdf.md,全场景通用 / 监督检查与经费舞弊 / 绩效评价,书籍章节证据模板,违规；异常；风险；舞弊；虚假；重复；超标；超预算,数据；台账；清单；明细；合同；发票；凭证；支付,算法；模型；规则；指标；评价；评分；比对；核查,章节依据；风险假设；数据需求；规则/指标；疑点输出；人工核查；底稿归档,算法资产卡依据；规则指标库依据；底稿模板；业务复核清单,审计案例章节规则化抽取,从《审计案例》抽取7个算法/规则/指标包，并形成书籍级证据模板。
BOOKEVID-031,政府审计,通用,E:\2026\审计方法&政策文件\_ocr_output\通用\政府审计.pdf.md,监督检查与经费舞弊 / 预算执行与财政管理 / 绩效评价,书籍章节证据模板,违规；异常；风险；舞弊；虚假；重复；超标；超预算,数据；台账；清单；明细；合同；发票；凭证；支付,算法；模型；规则；指标；评价；评分；比对；核查,章节依据；风险假设；数据需求；规则/指标；疑点输出；人工核查；底稿归档,算法资产卡依据；规则指标库依据；底稿模板；业务复核清单,政府审计章节规则化抽取,从《政府审计》抽取8个算法/规则/指标包，并形成书籍级证据模板。
BOOKEVID-032,政府审计学,通用,E:\2026\审计方法&政策文件\_ocr_output\通用\政府审计学.pdf.md,监督检查与经费舞弊 / 预算执行与财政管理 / 绩效评价,书籍章节证据模板,违规；异常；风险；舞弊；虚假；重复；超标；超预算,数据；台账；清单；明细；合同；发票；凭证；支付,算法；模型；规则；指标；评价；评分；比对；核查,章节依据；风险假设；数据需求；规则/指标；疑点输出；人工核查；底稿归档,算法资产卡依据；规则指标库依据；底稿模板；业务复核清单,政府审计学章节规则化抽取,从《政府审计学》抽取10个算法/规则/指标包，并形成书籍级证据模板。
BOOKEVID-033,政府审计理论与实务,通用,E:\2026\审计方法&政策文件\_ocr_output\通用\政府审计理论与实务.pdf.md,监督检查与经费舞弊 / 预算执行与财政管理 / 绩效评价,书籍章节证据模板,违规；异常；风险；舞弊；虚假；重复；超标；超预算,数据；台账；清单；明细；合同；发票；凭证；支付,算法；模型；规则；指标；评价；评分；核查；关联,章节依据；风险假设；数据需求；规则/指标；疑点输出；人工核查；底稿归档,算法资产卡依据；规则指标库依据；底稿模板；业务复核清单,政府审计理论与实务章节规则化抽取,从《政府审计理论与实务》抽取8个算法/规则/指标包，并形成书籍级证据模板。
BOOKEVID-034,行政事业单位内部控制体系建设全流程操作指南,通用,E:\2026\审计方法&政策文件\_ocr_output\通用\行政事业单位内部控制体系建设全流程操作指南.pdf.md,监督检查与经费舞弊 / 预算执行与财政管理 / 经济责任审计,书籍章节证据模板,违规；异常；风险；舞弊；虚假；重复；超标；超预算,数据；台账；清单；明细；合同；发票；凭证；支付,算法；模型；规则；指标；评价；核查；关联；抽样,章节依据；风险假设；数据需求；规则/指标；疑点输出；人工核查；底稿归档,算法资产卡依据；规则指标库依据；底稿模板；业务复核清单,行政事业单位内部控制体系建设全流程操作指南章节规则化抽取,从《行政事业单位内部控制体系建设全流程操作指南》抽取7个算法/规则/指标包，并形成书籍级证据模板。
BOOKEVID-035,行政事业单位内部控制体系建设实操手册,通用,E:\2026\审计方法&政策文件\_ocr_output\通用\行政事业单位内部控制体系建设实操手册.pdf.md,监督检查与经费舞弊 / 预算执行与财政管理 / 经济责任审计,书籍章节证据模板,违规；风险；舞弊；虚假；重复；超预算；超概算；挪用,数据；台账；清单；明细；合同；发票；凭证；支付,算法；规则；指标；评价；评分；核查；关联；抽样,章节依据；风险假设；数据需求；规则/指标；疑点输出；人工核查；底稿归档,算法资产卡依据；规则指标库依据；底稿模板；业务复核清单,行政事业单位内部控制体系建设实操手册章节规则化抽取,从《行政事业单位内部控制体系建设实操手册》抽取6个算法/规则/指标包，并形成书籍级证据模板。
BOOKEVID-036,行政事业单位内部控制建设原理与操作实务,通用,E:\2026\审计方法&政策文件\_ocr_output\通用\行政事业单位内部控制建设原理与操作实务.pdf.md,监督检查与经费舞弊 / 预算执行与财政管理 / 经济责任审计,书籍章节证据模板,违规；异常；风险；舞弊；虚假；重复；超标；超预算,数据；台账；清单；明细；合同；发票；凭证；支付,算法；模型；规则；指标；评价；评分；比对；核查,章节依据；风险假设；数据需求；规则/指标；疑点输出；人工核查；底稿归档,算法资产卡依据；规则指标库依据；底稿模板；业务复核清单,行政事业单位内部控制建设原理与操作实务章节规则化抽取,从《行政事业单位内部控制建设原理与操作实务》抽取10个算法/规则/指标包，并形成书籍级证据模板。
BOOKEVID-037,行政事业单位内部控制规范实施指南,通用,E:\2026\审计方法&政策文件\_ocr_output\通用\行政事业单位内部控制规范实施指南.pdf.md,监督检查与经费舞弊 / 预算执行与财政管理 / 经济责任审计,书籍章节证据模板,违规；异常；风险；舞弊；虚假；重复；超标；超预算,数据；台账；清单；明细；合同；发票；凭证；支付,算法；模型；规则；指标；评价；比对；核查；穿透,章节依据；风险假设；数据需求；规则/指标；疑点输出；人工核查；底稿归档,算法资产卡依据；规则指标库依据；底稿模板；业务复核清单,行政事业单位内部控制规范实施指南章节规则化抽取,从《行政事业单位内部控制规范实施指南》抽取7个算法/规则/指标包，并形成书籍级证据模板。
BOOKEVID-038,财政审计,通用,E:\2026\审计方法&政策文件\_ocr_output\通用\财政审计.pdf.md,预算执行与财政管理 / 财政与政府债务 / 监督检查与经费舞弊,书籍章节证据模板,违规；异常；风险；舞弊；虚假；重复；超标；超预算,数据；台账；清单；明细；合同；发票；凭证；支付,算法；模型；规则；指标；评价；比对；核查；关联,章节依据；风险假设；数据需求；规则/指标；疑点输出；人工核查；底稿归档,算法资产卡依据；规则指标库依据；底稿模板；业务复核清单,财政审计章节规则化抽取,从《财政审计》抽取8个算法/规则/指标包，并形成书籍级证据模板。
BOOKEVID-039,财政审计读本,通用,E:\2026\审计方法&政策文件\_ocr_output\通用\财政审计读本.pdf.md,预算执行与财政管理 / 财政与政府债务 / 监督检查与经费舞弊,书籍章节证据模板,违规；异常；风险；虚假；重复；超标；超预算；超概算,数据；台账；清单；明细；合同；发票；凭证；支付,算法；规则；指标；评价；比对；核查；关联；预警,章节依据；风险假设；数据需求；规则/指标；疑点输出；人工核查；底稿归档,算法资产卡依据；规则指标库依据；底稿模板；业务复核清单,财政审计读本章节规则化抽取,从《财政审计读本》抽取6个算法/规则/指标包，并形成书籍级证据模板。
BOOKEVID-040,财政监督检查实务操作指南,通用,E:\2026\审计方法&政策文件\_ocr_output\通用\财政监督检查实务操作指南.pdf.md,预算执行与财政管理 / 财政与政府债务 / 监督检查与经费舞弊,书籍章节证据模板,违规；异常；风险；舞弊；虚假；重复；超标；超预算,数据；台账；清单；明细；合同；发票；凭证；支付,算法；规则；指标；评价；评分；比对；核查；关联,章节依据；风险假设；数据需求；规则/指标；疑点输出；人工核查；底稿归档,算法资产卡依据；规则指标库依据；底稿模板；业务复核清单,财政监督检查实务操作指南章节规则化抽取,从《财政监督检查实务操作指南》抽取8个算法/规则/指标包，并形成书籍级证据模板。
BOOKEVID-041,高级审计技术方法,通用,E:\2026\审计方法&政策文件\_ocr_output\通用\高级审计技术方法.pdf.md,全场景通用 / 监督检查与经费舞弊 / 绩效评价,书籍章节证据模板,违规；异常；风险；舞弊；虚假；重复；挪用；套取,数据；清单；明细；合同；发票；凭证；支付；预算,算法；模型；规则；指标；评价；评分；比对；核查,章节依据；风险假设；数据需求；规则/指标；疑点输出；人工核查；底稿归档,算法资产卡依据；规则指标库依据；底稿模板；业务复核清单,高级审计技术方法章节规则化抽取,从《高级审计技术方法》抽取8个算法/规则/指标包，并形成书籍级证据模板。
BOOKEVID-042,中央部门预算执行审计常用定性表述及适用法规向导,预算,E:\2026\审计方法&政策文件\_ocr_output\预算\中央部门预算执行审计常用定性表述及适用法规向导.pdf.md,预算执行与财政管理 / 绩效评价 / 财政与政府债务,书籍章节证据模板,违规；风险；舞弊；虚假；重复；超标；超预算；挪用,数据；台账；清单；明细；合同；发票；凭证；支付,算法；规则；指标；评价；评分；核查；关联；监测,章节依据；风险假设；数据需求；规则/指标；疑点输出；人工核查；底稿归档,算法资产卡依据；规则指标库依据；底稿模板；业务复核清单,中央部门预算执行审计常用定性表述及适用法规向导章节规则化抽取,从《中央部门预算执行审计常用定性表述及适用法规向导》抽取6个算法/规则/指标包，并形成书籍级证据模板。
BOOKEVID-043,全面实施预算绩效管理实践指导,预算,E:\2026\审计方法&政策文件\_ocr_output\预算\全面实施预算绩效管理实践指导.pdf.md,预算执行与财政管理 / 绩效评价 / 财政与政府债务,书籍章节证据模板,违规；异常；风险；重复；超标；超概算；挪用；损失,数据；台账；清单；明细；合同；支付；预算；决算,算法；模型；规则；指标；评价；评分；比对；核查,章节依据；风险假设；数据需求；规则/指标；疑点输出；人工核查；底稿归档,算法资产卡依据；规则指标库依据；底稿模板；业务复核清单,全面实施预算绩效管理实践指导章节规则化抽取,从《全面实施预算绩效管理实践指导》抽取7个算法/规则/指标包，并形成书籍级证据模板。
BOOKEVID-044,全面实施预算绩效管理案例解读,预算,E:\2026\审计方法&政策文件\_ocr_output\预算\全面实施预算绩效管理案例解读.pdf.md,预算执行与财政管理 / 绩效评价 / 财政与政府债务,书籍章节证据模板,违规；异常；风险；重复；超概算；损失；低效；闲置,数据；台账；清单；明细；合同；发票；凭证；支付,模型；规则；指标；评价；评分；比对；核查；关联,章节依据；风险假设；数据需求；规则/指标；疑点输出；人工核查；底稿归档,算法资产卡依据；规则指标库依据；底稿模板；业务复核清单,全面实施预算绩效管理案例解读章节规则化抽取,从《全面实施预算绩效管理案例解读》抽取7个算法/规则/指标包，并形成书籍级证据模板。
BOOKEVID-045,发电基本建设项目竣工财务决算编制实务,预算,E:\2026\审计方法&政策文件\_ocr_output\预算\发电基本建设项目竣工财务决算编制实务.pdf.md,预算执行与财政管理 / 工程与投资审计 / 绩效评价,书籍章节证据模板,风险；虚假；重复；超标；超概算；挪用；损失；内控,数据；台账；清单；明细；合同；发票；凭证；支付,算法；规则；指标；评价；核查；关联；预警；监测,章节依据；风险假设；数据需求；规则/指标；疑点输出；人工核查；底稿归档,算法资产卡依据；规则指标库依据；底稿模板；业务复核清单,发电基本建设项目竣工财务决算编制实务章节规则化抽取,从《发电基本建设项目竣工财务决算编制实务》抽取6个算法/规则/指标包，并形成书籍级证据模板。
BOOKEVID-046,建立全过程预算绩效管理体系,预算,E:\2026\审计方法&政策文件\_ocr_output\预算\建立全过程预算绩效管理体系.pdf.md,预算执行与财政管理 / 绩效评价 / 财政与政府债务,书籍章节证据模板,违规；异常；风险；舞弊；重复；挪用；损失；低效,数据；合同；凭证；支付；预算；决算；指标；项目库,算法；模型；规则；指标；评价；评分；核查；关联,章节依据；风险假设；数据需求；规则/指标；疑点输出；人工核查；底稿归档,算法资产卡依据；规则指标库依据；底稿模板；业务复核清单,建立全过程预算绩效管理体系章节规则化抽取,从《建立全过程预算绩效管理体系》抽取6个算法/规则/指标包，并形成书籍级证据模板。
BOOKEVID-047,成本预算绩效分析方法与案例,预算,E:\2026\审计方法&政策文件\_ocr_output\预算\成本预算绩效分析方法与案例.pdf.md,预算执行与财政管理 / 绩效评价 / 财政与政府债务,书籍章节证据模板,异常；风险；重复；超标；超概算；损失；低效；闲置,数据；台账；清单；明细；合同；发票；凭证；支付,算法；模型；规则；指标；评价；评分；比对；核查,章节依据；风险假设；数据需求；规则/指标；疑点输出；人工核查；底稿归档,算法资产卡依据；规则指标库依据；底稿模板；业务复核清单,成本预算绩效分析方法与案例章节规则化抽取,从《成本预算绩效分析方法与案例》抽取7个算法/规则/指标包，并形成书籍级证据模板。
BOOKEVID-048,政府部门预算管理,预算,E:\2026\审计方法&政策文件\_ocr_output\预算\政府部门预算管理.pdf.md,预算执行与财政管理 / 绩效评价 / 财政与政府债务,书籍章节证据模板,违规；异常；风险；虚假；重复；超标；超预算；挪用,数据；台账；清单；明细；合同；发票；凭证；支付,算法；模型；规则；指标；评价；评分；核查；关联,章节依据；风险假设；数据需求；规则/指标；疑点输出；人工核查；底稿归档,算法资产卡依据；规则指标库依据；底稿模板；业务复核清单,政府部门预算管理章节规则化抽取,从《政府部门预算管理》抽取10个算法/规则/指标包，并形成书籍级证据模板。
BOOKEVID-049,新能源发电工竣工决算编制理论与实务,预算,E:\2026\审计方法&政策文件\_ocr_output\预算\新能源发电工竣工决算编制理论与实务.pdf.md,预算执行与财政管理 / 工程与投资审计 / 绩效评价,书籍章节证据模板,违规；异常；风险；舞弊；虚假；重复；超标；超概算,数据；台账；清单；明细；合同；发票；凭证；支付,算法；模型；规则；指标；评价；评分；比对；核查,章节依据；风险假设；数据需求；规则/指标；疑点输出；人工核查；底稿归档,算法资产卡依据；规则指标库依据；底稿模板；业务复核清单,新能源发电工竣工决算编制理论与实务章节规则化抽取,从《新能源发电工竣工决算编制理论与实务》抽取10个算法/规则/指标包，并形成书籍级证据模板。
BOOKEVID-050,水利基本建设项目竣工财务决算编制教程,预算,E:\2026\审计方法&政策文件\_ocr_output\预算\水利基本建设项目竣工财务决算编制教程.pdf.md,预算执行与财政管理 / 工程与投资审计 / 绩效评价,书籍章节证据模板,违规；风险；舞弊；虚假；重复；超标；超预算；超概算,数据；台账；清单；明细；合同；发票；凭证；支付,算法；模型；规则；指标；评价；比对；核查；关联,章节依据；风险假设；数据需求；规则/指标；疑点输出；人工核查；底稿归档,算法资产卡依据；规则指标库依据；底稿模板；业务复核清单,水利基本建设项目竣工财务决算编制教程章节规则化抽取,从《水利基本建设项目竣工财务决算编制教程》抽取10个算法/规则/指标包，并形成书籍级证据模板。
BOOKEVID-051,部门整体预算绩效评价研究,预算,E:\2026\审计方法&政策文件\_ocr_output\预算\部门整体预算绩效评价研究.pdf.md,预算执行与财政管理 / 绩效评价 / 财政与政府债务,书籍章节证据模板,违规；风险；虚假；重复；超标；超概算；挪用；损失,数据；明细；合同；支付；预算；决算；指标；项目库,算法；模型；规则；指标；评价；评分；比对；关联,章节依据；风险假设；数据需求；规则/指标；疑点输出；人工核查；底稿归档,算法资产卡依据；规则指标库依据；底稿模板；业务复核清单,部门整体预算绩效评价研究章节规则化抽取,从《部门整体预算绩效评价研究》抽取8个算法/规则/指标包，并形成书籍级证据模板。
BOOKEVID-052,部门预算执行审计指南,预算,E:\2026\审计方法&政策文件\_ocr_output\预算\部门预算执行审计指南.pdf.md,预算执行与财政管理 / 绩效评价 / 财政与政府债务,书籍章节证据模板,违规；异常；风险；舞弊；虚假；重复；超标；超预算,数据；台账；清单；明细；合同；发票；凭证；支付,算法；模型；规则；指标；评价；评分；核查；关联,章节依据；风险假设；数据需求；规则/指标；疑点输出；人工核查；底稿归档,算法资产卡依据；规则指标库依据；底稿模板；业务复核清单,部门预算执行审计指南章节规则化抽取,从《部门预算执行审计指南》抽取8个算法/规则/指标包，并形成书籍级证据模板。
BOOKEVID-053,部门预算绩效管理,预算,E:\2026\审计方法&政策文件\_ocr_output\预算\部门预算绩效管理.pdf.md,预算执行与财政管理 / 绩效评价 / 财政与政府债务,书籍章节证据模板,违规；风险；虚假；重复；超标；超预算；挪用；损失,数据；台账；清单；明细；合同；发票；凭证；支付,算法；模型；规则；指标；评价；评分；比对；核查,章节依据；风险假设；数据需求；规则/指标；疑点输出；人工核查；底稿归档,算法资产卡依据；规则指标库依据；底稿模板；业务复核清单,部门预算绩效管理章节规则化抽取,从《部门预算绩效管理》抽取8个算法/规则/指标包，并形成书籍级证据模板。
BOOKEVID-054,预算绩效评价方法与指标,预算,E:\2026\审计方法&政策文件\_ocr_output\预算\预算绩效评价方法与指标.pdf.md,预算执行与财政管理 / 绩效评价 / 财政与政府债务,书籍章节证据模板,违规；异常；风险；重复；超标；挪用；套取；损失,数据；清单；明细；合同；发票；凭证；支付；流水,算法；模型；规则；指标；评价；评分；比对；核查,章节依据；风险假设；数据需求；规则/指标；疑点输出；人工核查；底稿归档,算法资产卡依据；规则指标库依据；底稿模板；业务复核清单,预算绩效评价方法与指标章节规则化抽取,从《预算绩效评价方法与指标》抽取8个算法/规则/指标包，并形成书籍级证据模板。
BOOKEVID-055,预算项目政策绩效评价研究,预算,E:\2026\审计方法&政策文件\_ocr_output\预算\预算项目政策绩效评价研究.pdf.md,预算执行与财政管理 / 绩效评价 / 财政与政府债务,书籍章节证据模板,异常；风险；重复；挪用；损失；低效；闲置；截留,数据；台账；明细；合同；支付；流水；预算；指标,算法；模型；规则；指标；评价；评分；比对；关联,章节依据；风险假设；数据需求；规则/指标；疑点输出；人工核查；底稿归档,算法资产卡依据；规则指标库依据；底稿模板；业务复核清单,预算项目政策绩效评价研究章节规则化抽取,从《预算项目政策绩效评价研究》抽取6个算法/规则/指标包，并形成书籍级证据模板。
