id_card,name,pension_type,monthly_amount,last_payment_date
510100000000000588,退休人员0000,居民养老,5000,2026-07-15
510100000000002605,退休人员0001,职工养老,2500,2026-06-21
510100000000001684,退休人员0002,居民养老,1800,2026-07-30
510100000000000394,退休人员0003,职工养老,5000,2026-07-12
510100000000003245,退休人员0004,职工养老,5000,2026-07-08
510100000000000190,退休人员0005,居民养老,2500,2026-07-23
510100000000002732,退休人员0006,职工养老,2500,2026-05-30
510100000000001829,退休人员0007,职工养老,3500,2026-05-27
510100000000001573,退休人员0008,居民养老,8000,2026-05-13
510100000000002435,退休人员0009,居民养老,8000,2026-07-08
510100000000001660,退休人员0010,职工养老,1800,2026-06-07
510100000000000347,退休人员0011,居民养老,1800,2026-05-19
510100000000001121,退休人员0012,职工养老,3500,2026-07-29
510100000000004680,退休人员0013,职工养老,3500,2026-06-24
510100000000003656,退休人员0014,职工养老,1800,2026-07-30
510100000000000509,退休人员0015,居民养老,5000,2026-05-12
510100000000002893,退休人员0016,居民养老,8000,2026-07-31
510100000000003119,退休人员0017,职工养老,8000,2026-07-03
510100000000003468,退休人员0018,职工养老,8000,2026-05-23
510100000000003426,退休人员0019,职工养老,8000,2026-05-20
510100000000004331,退休人员0020,居民养老,1800,2026-06-01
510100000000000982,退休人员0021,职工养老,1800,2026-07-24
510100000000002137,退休人员0022,居民养老,1800,2026-05-11
510100000000003913,退休人员0023,居民养老,3500,2026-07-20
510100000000004552,退休人员0024,职工养老,1800,2026-05-30
510100000000003247,退休人员0025,职工养老,2500,2026-06-21
510100000000001379,退休人员0026,职工养老,3500,2026-07-13
510100000000001246,退休人员0027,居民养老,8000,2026-05-12
510100000000001995,退休人员0028,职工养老,3500,2026-05-31
510100000000003556,退休人员0029,职工养老,8000,2026-06-21
510100000000001561,退休人员0030,职工养老,1800,2026-07-19
510100000000004741,退休人员0031,职工养老,5000,2026-06-26
510100000000003524,退休人员0032,职工养老,3500,2026-06-08
510100000000003929,退休人员0033,职工养老,8000,2026-07-03
510100000000002297,退休人员0034,居民养老,3500,2026-05-31
510100000000002439,退休人员0035,居民养老,1800,2026-07-10
510100000000000872,退休人员0036,居民养老,1800,2026-05-29
510100000000002278,退休人员0037,居民养老,5000,2026-05-27
510100000000004466,退休人员0038,职工养老,5000,2026-05-17
510100000000004458,退休人员0039,职工养老,2500,2026-05-18
510100000000003145,退休人员0040,职工养老,5000,2026-07-18
510100000000001902,退休人员0041,居民养老,8000,2026-06-16
510100000000002421,退休人员0042,居民养老,1800,2026-06-23
510100000000003499,退休人员0043,职工养老,2500,2026-06-09
510100000000000158,退休人员0044,职工养老,1800,2026-07-14
510100000000003679,退休人员0045,职工养老,3500,2026-07-27
510100000000001474,退休人员0046,职工养老,1800,2026-06-21
510100000000000226,退休人员0047,职工养老,8000,2026-05-16
510100000000003986,退休人员0048,居民养老,3500,2026-07-30
510100000000000357,退休人员0049,职工养老,5000,2026-07-29
510100000000000097,退休人员0050,职工养老,8000,2026-08-01
510100000000001737,退休人员0051,居民养老,1800,2026-07-22
510100000000003905,退休人员0052,职工养老,8000,2026-07-31
510100000000003920,退休人员0053,居民养老,2500,2026-06-09
510100000000000411,退休人员0054,居民养老,8000,2026-05-20
510100000000001000,退休人员0055,职工养老,2500,2026-08-01
510100000000003938,退休人员0056,居民养老,5000,2026-06-06
510100000000002728,退休人员0057,职工养老,8000,2026-06-05
510100000000000646,退休人员0058,居民养老,8000,2026-06-04
510100000000002450,退休人员0059,居民养老,1800,2026-07-18
510100000000001733,退休人员0060,职工养老,2500,2026-05-13
510100000000002882,退休人员0061,居民养老,5000,2026-06-14
510100000000003029,退休人员0062,居民养老,1800,2026-05-30
510100000000002713,退休人员0063,居民养老,5000,2026-05-31
510100000000000542,退休人员0064,居民养老,3500,2026-07-19
510100000000003824,退休人员0065,居民养老,3500,2026-05-20
510100000000002418,退休人员0066,职工养老,1800,2026-07-22
510100000000000384,退休人员0067,居民养老,1800,2026-06-16
510100000000000530,退休人员0068,职工养老,2500,2026-05-27
510100000000002163,退休人员0069,居民养老,3500,2026-06-27
510100000000002757,退休人员0070,职工养老,1800,2026-05-28
510100000000002576,退休人员0071,职工养老,2500,2026-07-22
510100000000004323,退休人员0072,职工养老,1800,2026-07-15
510100000000002743,退休人员0073,职工养老,5000,2026-06-21
510100000000001387,退休人员0074,职工养老,2500,2026-07-08
510100000000001284,退休人员0075,职工养老,2500,2026-06-01
510100000000004374,退休人员0076,居民养老,2500,2026-06-04
510100000000003641,退休人员0077,居民养老,8000,2026-05-24
510100000000004930,退休人员0078,居民养老,2500,2026-05-30
510100000000004044,退休人员0079,居民养老,8000,2026-06-04
510100000000003712,退休人员0080,职工养老,2500,2026-05-25
510100000000004604,退休人员0081,职工养老,1800,2026-07-27
510100000000002481,退休人员0082,职工养老,5000,2026-05-16
510100000000004246,退休人员0083,职工养老,5000,2026-06-08
510100000000000643,退休人员0084,职工养老,3500,2026-05-18
510100000000000053,退休人员0085,居民养老,1800,2026-07-08
510100000000004630,退休人员0086,居民养老,1800,2026-05-18
510100000000004659,退休人员0087,居民养老,1800,2026-06-09
510100000000002746,退休人员0088,职工养老,3500,2026-05-21
510100000000004448,退休人员0089,职工养老,1800,2026-05-30
510100000000004852,退休人员0090,职工养老,1800,2026-06-21
510100000000002874,退休人员0091,职工养老,8000,2026-07-27
510100000000003757,退休人员0092,居民养老,3500,2026-05-14
510100000000000500,退休人员0093,居民养老,2500,2026-05-14
510100000000002615,退休人员0094,职工养老,8000,2026-06-24
510100000000000783,退休人员0095,居民养老,1800,2026-05-21
510100000000004135,退休人员0096,居民养老,3500,2026-05-17
510100000000002230,退休人员0097,职工养老,3500,2026-05-18
510100000000001257,退休人员0098,居民养老,5000,2026-06-05
510100000000001584,退休人员0099,职工养老,2500,2026-06-16
510100000000001678,退休人员0100,居民养老,1800,2026-06-27
510100000000004041,退休人员0101,居民养老,1800,2026-06-19
510100000000003990,退休人员0102,居民养老,8000,2026-06-04
510100000000001822,退休人员0103,居民养老,1800,2026-06-28
510100000000003238,退休人员0104,职工养老,3500,2026-06-23
510100000000001122,退休人员0105,职工养老,8000,2026-05-11
510100000000000493,退休人员0106,职工养老,2500,2026-06-28
510100000000003783,退休人员0107,居民养老,2500,2026-06-01
510100000000004192,退休人员0108,居民养老,5000,2026-06-05
510100000000001138,退休人员0109,职工养老,8000,2026-06-13
510100000000002108,退休人员0110,居民养老,8000,2026-06-03
510100000000002091,退休人员0111,居民养老,8000,2026-06-15
510100000000004830,退休人员0112,职工养老,3500,2026-05-22
510100000000003952,退休人员0113,居民养老,1800,2026-07-12
510100000000002297,退休人员0114,居民养老,8000,2026-06-21
510100000000004165,退休人员0115,居民养老,3500,2026-05-28
510100000000000840,退休人员0116,居民养老,8000,2026-06-29
510100000000001536,退休人员0117,职工养老,1800,2026-07-31
510100000000001583,退休人员0118,职工养老,8000,2026-05-10
510100000000000121,退休人员0119,居民养老,2500,2026-06-08
510100000000004765,退休人员0120,居民养老,5000,2026-06-19
510100000000000663,退休人员0121,居民养老,1800,2026-08-03
510100000000001178,退休人员0122,职工养老,5000,2026-06-03
510100000000000955,退休人员0123,居民养老,5000,2026-05-31
510100000000001503,退休人员0124,职工养老,8000,2026-06-10
510100000000001731,退休人员0125,居民养老,2500,2026-06-27
510100000000003291,退休人员0126,职工养老,1800,2026-08-05
510100000000001828,退休人员0127,职工养老,3500,2026-05-12
510100000000000442,退休人员0128,居民养老,1800,2026-06-25
510100000000003244,退休人员0129,居民养老,8000,2026-07-25
510100000000003831,退休人员0130,居民养老,3500,2026-05-15
510100000000001487,退休人员0131,职工养老,2500,2026-07-26
510100000000000569,退休人员0132,职工养老,1800,2026-05-31
510100000000000715,退休人员0133,职工养老,8000,2026-07-03
510100000000004468,退休人员0134,职工养老,8000,2026-06-25
510100000000002301,退休人员0135,职工养老,1800,2026-06-28
510100000000000186,退休人员0136,职工养老,8000,2026-08-01
510100000000003626,退休人员0137,居民养老,5000,2026-05-28
510100000000002062,退休人员0138,职工养老,2500,2026-05-25
510100000000003872,退休人员0139,居民养老,1800,2026-05-31
510100000000002493,退休人员0140,居民养老,3500,2026-07-11
510100000000002246,退休人员0141,居民养老,8000,2026-07-23
510100000000001153,退休人员0142,居民养老,1800,2026-06-02
510100000000000520,退休人员0143,居民养老,5000,2026-05-22
510100000000003828,退休人员0144,职工养老,5000,2026-08-03
510100000000003112,退休人员0145,职工养老,2500,2026-08-04
510100000000004435,退休人员0146,居民养老,1800,2026-05-24
510100000000000713,退休人员0147,居民养老,2500,2026-07-20
510100000000000258,退休人员0148,职工养老,2500,2026-07-26
510100000000004275,退休人员0149,居民养老,3500,2026-05-18
510100000000004082,退休人员0150,居民养老,1800,2026-05-15
510100000000003044,退休人员0151,职工养老,2500,2026-07-25
510100000000004863,退休人员0152,职工养老,2500,2026-07-02
510100000000000712,退休人员0153,居民养老,5000,2026-06-02
510100000000000976,退休人员0154,居民养老,8000,2026-05-28
510100000000001354,退休人员0155,居民养老,2500,2026-06-30
510100000000001870,退休人员0156,居民养老,3500,2026-07-07
510100000000001747,退休人员0157,居民养老,2500,2026-05-22
510100000000001537,退休人员0158,居民养老,5000,2026-06-25
510100000000001096,退休人员0159,居民养老,3500,2026-07-14
510100000000003550,退休人员0160,职工养老,8000,2026-06-13
510100000000001908,退休人员0161,职工养老,8000,2026-06-17
510100000000001383,退休人员0162,居民养老,3500,2026-05-31
510100000000003739,退休人员0163,居民养老,1800,2026-07-24
510100000000001586,退休人员0164,职工养老,5000,2026-05-27
510100000000002961,退休人员0165,居民养老,3500,2026-07-09
510100000000003382,退休人员0166,居民养老,5000,2026-06-24
510100000000001812,退休人员0167,职工养老,8000,2026-07-19
510100000000002117,退休人员0168,居民养老,1800,2026-05-19
510100000000001258,退休人员0169,职工养老,3500,2026-05-17
510100000000003161,退休人员0170,居民养老,5000,2026-07-19
510100000000000062,退休人员0171,职工养老,2500,2026-05-20
510100000000001770,退休人员0172,居民养老,2500,2026-05-18
510100000000002228,退休人员0173,职工养老,1800,2026-07-01
510100000000002047,退休人员0174,职工养老,3500,2026-06-29
510100000000003762,退休人员0175,职工养老,5000,2026-06-26
510100000000003448,退休人员0176,居民养老,2500,2026-07-04
510100000000003612,退休人员0177,职工养老,1800,2026-07-23
510100000000003117,退休人员0178,职工养老,3500,2026-08-01
510100000000003712,退休人员0179,职工养老,8000,2026-05-10
510100000000001221,退休人员0180,职工养老,8000,2026-06-02
510100000000000310,退休人员0181,职工养老,5000,2026-06-03
510100000000000805,退休人员0182,居民养老,8000,2026-07-01
510100000000004795,退休人员0183,居民养老,1800,2026-07-15
510100000000004849,退休人员0184,职工养老,8000,2026-07-14
510100000000003041,退休人员0185,居民养老,3500,2026-06-20
510100000000000741,退休人员0186,职工养老,8000,2026-08-01
510100000000003129,退休人员0187,职工养老,8000,2026-05-25
510100000000000621,退休人员0188,居民养老,1800,2026-08-04
510100000000004868,退休人员0189,职工养老,5000,2026-07-07
510100000000004438,退休人员0190,职工养老,5000,2026-06-03
510100000000004291,退休人员0191,职工养老,8000,2026-07-08
510100000000004220,退休人员0192,职工养老,1800,2026-06-16
510100000000000786,退休人员0193,职工养老,2500,2026-05-21
510100000000003194,退休人员0194,居民养老,3500,2026-07-15
510100000000002090,退休人员0195,职工养老,8000,2026-05-23
510100000000000441,退休人员0196,居民养老,1800,2026-07-03
510100000000004757,退休人员0197,居民养老,1800,2026-06-02
510100000000000532,退休人员0198,居民养老,5000,2026-08-05
510100000000004771,退休人员0199,职工养老,2500,2026-06-01
510100000000004143,退休人员0200,职工养老,3500,2026-07-19
510100000000004028,退休人员0201,居民养老,3500,2026-07-27
510100000000002231,退休人员0202,居民养老,3500,2026-08-03
510100000000001640,退休人员0203,职工养老,5000,2026-07-08
510100000000003002,退休人员0204,职工养老,1800,2026-06-12
510100000000000308,退休人员0205,职工养老,8000,2026-06-08
510100000000003625,退休人员0206,职工养老,2500,2026-06-19
510100000000001395,退休人员0207,职工养老,5000,2026-07-18
510100000000002617,退休人员0208,职工养老,8000,2026-07-22
510100000000002170,退休人员0209,居民养老,1800,2026-06-15
510100000000002345,退休人员0210,居民养老,1800,2026-07-26
510100000000002582,退休人员0211,职工养老,3500,2026-07-02
510100000000002221,退休人员0212,职工养老,3500,2026-05-26
510100000000001457,退休人员0213,职工养老,2500,2026-07-16
510100000000001019,退休人员0214,职工养老,8000,2026-06-14
510100000000002848,退休人员0215,居民养老,1800,2026-05-12
510100000000001561,退休人员0216,居民养老,3500,2026-07-17
510100000000002924,退休人员0217,居民养老,3500,2026-07-28
510100000000001051,退休人员0218,职工养老,2500,2026-08-06
510100000000002286,退休人员0219,居民养老,3500,2026-06-29
510100000000001721,退休人员0220,居民养老,1800,2026-05-21
510100000000003397,退休人员0221,居民养老,5000,2026-08-05
510100000000000401,退休人员0222,居民养老,5000,2026-06-14
510100000000004989,退休人员0223,职工养老,5000,2026-05-24
510100000000003878,退休人员0224,职工养老,5000,2026-06-26
510100000000002880,退休人员0225,职工养老,1800,2026-05-31
510100000000001910,退休人员0226,居民养老,5000,2026-06-04
510100000000001518,退休人员0227,职工养老,5000,2026-08-06
510100000000003108,退休人员0228,职工养老,3500,2026-07-11
510100000000002897,退休人员0229,职工养老,2500,2026-05-10
510100000000000939,退休人员0230,居民养老,2500,2026-07-28
510100000000002015,退休人员0231,职工养老,8000,2026-07-11
510100000000003356,退休人员0232,职工养老,8000,2026-05-24
510100000000004411,退休人员0233,居民养老,8000,2026-05-11
510100000000003916,退休人员0234,居民养老,1800,2026-06-03
510100000000004448,退休人员0235,职工养老,3500,2026-07-31
510100000000002684,退休人员0236,居民养老,1800,2026-06-13
510100000000000606,退休人员0237,居民养老,3500,2026-05-23
510100000000003064,退休人员0238,居民养老,1800,2026-05-17
510100000000004398,退休人员0239,居民养老,8000,2026-07-25
510100000000001535,退休人员0240,居民养老,8000,2026-05-19
510100000000000086,退休人员0241,职工养老,2500,2026-06-20
510100000000004737,退休人员0242,职工养老,8000,2026-06-01
510100000000002595,退休人员0243,职工养老,1800,2026-07-28
510100000000000673,退休人员0244,居民养老,3500,2026-07-22
510100000000000511,退休人员0245,居民养老,2500,2026-07-20
510100000000003610,退休人员0246,职工养老,5000,2026-05-16
510100000000004181,退休人员0247,职工养老,3500,2026-05-23
510100000000004338,退休人员0248,居民养老,3500,2026-07-24
510100000000001517,退休人员0249,居民养老,2500,2026-05-09
510100000000004934,退休人员0250,职工养老,8000,2026-06-22
510100000000004875,退休人员0251,职工养老,8000,2026-07-08
510100000000002032,退休人员0252,职工养老,3500,2026-07-24
510100000000004029,退休人员0253,居民养老,3500,2026-05-23
510100000000001196,退休人员0254,职工养老,8000,2026-06-01
510100000000001632,退休人员0255,居民养老,5000,2026-06-10
510100000000004366,退休人员0256,职工养老,3500,2026-07-21
510100000000004432,退休人员0257,居民养老,3500,2026-05-24
510100000000001804,退休人员0258,居民养老,8000,2026-07-08
510100000000003365,退休人员0259,职工养老,5000,2026-05-09
510100000000002823,退休人员0260,居民养老,8000,2026-05-17
510100000000001264,退休人员0261,职工养老,3500,2026-06-04
510100000000003917,退休人员0262,职工养老,8000,2026-06-16
510100000000004634,退休人员0263,职工养老,2500,2026-07-23
510100000000001561,退休人员0264,居民养老,1800,2026-07-30
510100000000000910,退休人员0265,居民养老,8000,2026-05-23
510100000000003928,退休人员0266,职工养老,2500,2026-05-13
510100000000003087,退休人员0267,职工养老,8000,2026-08-03
510100000000004587,退休人员0268,职工养老,3500,2026-05-31
510100000000000270,退休人员0269,职工养老,1800,2026-08-02
510100000000001534,退休人员0270,职工养老,2500,2026-05-15
510100000000000808,退休人员0271,居民养老,5000,2026-07-21
510100000000004011,退休人员0272,居民养老,8000,2026-07-01
510100000000000993,退休人员0273,职工养老,2500,2026-07-23
510100000000000354,退休人员0274,职工养老,5000,2026-06-08
510100000000004702,退休人员0275,职工养老,1800,2026-07-21
510100000000003542,退休人员0276,居民养老,8000,2026-05-25
510100000000000637,退休人员0277,居民养老,1800,2026-06-24
510100000000001022,退休人员0278,居民养老,8000,2026-06-08
510100000000002327,退休人员0279,职工养老,8000,2026-06-12
510100000000000087,退休人员0280,居民养老,1800,2026-07-22
510100000000004686,退休人员0281,职工养老,1800,2026-07-18
510100000000001112,退休人员0282,居民养老,3500,2026-06-01
510100000000000202,退休人员0283,居民养老,8000,2026-07-23
510100000000001434,退休人员0284,职工养老,2500,2026-05-21
510100000000000321,退休人员0285,居民养老,2500,2026-05-22
510100000000003521,退休人员0286,居民养老,5000,2026-08-03
510100000000004352,退休人员0287,职工养老,3500,2026-05-22
510100000000003138,退休人员0288,职工养老,2500,2026-07-23
510100000000001024,退休人员0289,职工养老,5000,2026-05-12
510100000000000840,退休人员0290,职工养老,3500,2026-05-24
510100000000001447,退休人员0291,居民养老,3500,2026-06-27
510100000000004465,退休人员0292,职工养老,8000,2026-05-12
510100000000004324,退休人员0293,居民养老,8000,2026-07-29
510100000000003090,退休人员0294,职工养老,3500,2026-05-16
510100000000003609,退休人员0295,居民养老,8000,2026-06-24
510100000000001250,退休人员0296,职工养老,8000,2026-05-16
510100000000003648,退休人员0297,居民养老,5000,2026-08-01
510100000000001039,退休人员0298,居民养老,3500,2026-06-07
510100000000000534,退休人员0299,居民养老,5000,2026-07-31
510100000000001863,退休人员0300,居民养老,2500,2026-05-22
510100000000004130,退休人员0301,职工养老,5000,2026-05-31
510100000000000069,退休人员0302,居民养老,3500,2026-07-28
510100000000004435,退休人员0303,居民养老,3500,2026-08-04
510100000000002546,退休人员0304,居民养老,2500,2026-05-19
510100000000001574,退休人员0305,职工养老,8000,2026-06-28
510100000000001397,退休人员0306,职工养老,2500,2026-08-03
510100000000001502,退休人员0307,职工养老,2500,2026-05-26
510100000000002147,退休人员0308,职工养老,2500,2026-06-04
510100000000004887,退休人员0309,职工养老,2500,2026-05-28
510100000000003415,退休人员0310,居民养老,5000,2026-07-09
510100000000001960,退休人员0311,职工养老,3500,2026-07-12
510100000000001351,退休人员0312,职工养老,5000,2026-07-04
510100000000002014,退休人员0313,职工养老,5000,2026-05-23
510100000000001204,退休人员0314,职工养老,1800,2026-06-20
510100000000001135,退休人员0315,居民养老,2500,2026-05-20
510100000000001420,退休人员0316,职工养老,3500,2026-05-14
510100000000004404,退休人员0317,居民养老,2500,2026-07-12
510100000000004086,退休人员0318,居民养老,1800,2026-05-25
510100000000000631,退休人员0319,居民养老,1800,2026-07-26
510100000000004572,退休人员0320,职工养老,5000,2026-07-29
510100000000004072,退休人员0321,居民养老,3500,2026-05-17
510100000000003281,退休人员0322,职工养老,5000,2026-05-13
510100000000000910,退休人员0323,居民养老,1800,2026-05-26
510100000000000045,退休人员0324,职工养老,1800,2026-07-29
510100000000002422,退休人员0325,职工养老,2500,2026-07-07
510100000000003623,退休人员0326,居民养老,1800,2026-07-23
510100000000003863,退休人员0327,职工养老,5000,2026-05-27
510100000000002306,退休人员0328,职工养老,1800,2026-06-18
510100000000001722,退休人员0329,职工养老,3500,2026-06-12
510100000000001276,退休人员0330,居民养老,5000,2026-07-26
510100000000001890,退休人员0331,职工养老,3500,2026-08-06
510100000000000288,退休人员0332,居民养老,8000,2026-07-08
510100000000000664,退休人员0333,居民养老,3500,2026-07-16
510100000000004875,退休人员0334,居民养老,2500,2026-08-03
510100000000003897,退休人员0335,居民养老,1800,2026-07-03
510100000000003476,退休人员0336,职工养老,2500,2026-08-01
510100000000001419,退休人员0337,职工养老,1800,2026-05-12
510100000000002828,退休人员0338,职工养老,3500,2026-06-07
510100000000000157,退休人员0339,居民养老,5000,2026-07-10
510100000000000384,退休人员0340,居民养老,5000,2026-07-25
510100000000003024,退休人员0341,居民养老,2500,2026-06-19
510100000000000646,退休人员0342,职工养老,8000,2026-06-29
510100000000003259,退休人员0343,居民养老,5000,2026-06-25
510100000000003905,退休人员0344,居民养老,1800,2026-06-01
510100000000001955,退休人员0345,职工养老,1800,2026-05-15
510100000000003614,退休人员0346,居民养老,5000,2026-05-09
510100000000001181,退休人员0347,居民养老,1800,2026-05-10
510100000000004648,退休人员0348,居民养老,3500,2026-07-08
510100000000003520,退休人员0349,职工养老,5000,2026-06-20
510100000000003918,退休人员0350,居民养老,2500,2026-06-01
510100000000002767,退休人员0351,居民养老,5000,2026-07-31
510100000000000267,退休人员0352,职工养老,3500,2026-06-18
510100000000004835,退休人员0353,职工养老,5000,2026-06-08
510100000000000709,退休人员0354,居民养老,3500,2026-06-19
510100000000004516,退休人员0355,居民养老,5000,2026-07-24
510100000000004985,退休人员0356,职工养老,8000,2026-06-27
510100000000003504,退休人员0357,职工养老,2500,2026-06-13
510100000000001303,退休人员0358,居民养老,2500,2026-06-17
510100000000002196,退休人员0359,居民养老,3500,2026-05-09
510100000000004376,退休人员0360,居民养老,3500,2026-06-02
510100000000000155,退休人员0361,居民养老,5000,2026-05-23
510100000000004865,退休人员0362,职工养老,3500,2026-07-13
510100000000001975,退休人员0363,居民养老,8000,2026-07-25
510100000000004287,退休人员0364,居民养老,8000,2026-06-18
510100000000001747,退休人员0365,职工养老,5000,2026-05-11
510100000000003723,退休人员0366,职工养老,8000,2026-06-21
510100000000002666,退休人员0367,职工养老,2500,2026-07-01
510100000000004960,退休人员0368,居民养老,8000,2026-07-30
510100000000001975,退休人员0369,居民养老,5000,2026-07-20
510100000000004210,退休人员0370,居民养老,8000,2026-05-27
510100000000004467,退休人员0371,职工养老,3500,2026-05-11
510100000000002920,退休人员0372,职工养老,3500,2026-06-26
510100000000003476,退休人员0373,职工养老,1800,2026-08-04
510100000000004593,退休人员0374,职工养老,5000,2026-05-21
510100000000003758,退休人员0375,居民养老,5000,2026-07-19
510100000000000755,退休人员0376,职工养老,2500,2026-06-20
510100000000001292,退休人员0377,居民养老,5000,2026-06-26
510100000000000720,退休人员0378,居民养老,1800,2026-07-19
510100000000002536,退休人员0379,居民养老,2500,2026-07-24
510100000000002765,退休人员0380,职工养老,5000,2026-07-31
510100000000002231,退休人员0381,居民养老,1800,2026-06-16
510100000000001514,退休人员0382,职工养老,5000,2026-05-15
510100000000001594,退休人员0383,职工养老,2500,2026-07-25
510100000000002161,退休人员0384,职工养老,5000,2026-06-22
510100000000000166,退休人员0385,居民养老,5000,2026-05-30
510100000000003869,退休人员0386,居民养老,2500,2026-06-18
510100000000002667,退休人员0387,职工养老,2500,2026-07-12
510100000000004201,退休人员0388,职工养老,3500,2026-05-31
510100000000004794,退休人员0389,职工养老,5000,2026-06-24
510100000000000614,退休人员0390,居民养老,5000,2026-07-02
510100000000001529,退休人员0391,居民养老,8000,2026-06-26
510100000000000586,退休人员0392,职工养老,5000,2026-07-18
510100000000000387,退休人员0393,职工养老,1800,2026-05-10
510100000000000937,退休人员0394,职工养老,1800,2026-08-06
510100000000004852,退休人员0395,居民养老,3500,2026-07-01
510100000000002560,退休人员0396,居民养老,2500,2026-06-15
510100000000004586,退休人员0397,居民养老,1800,2026-08-05
510100000000004614,退休人员0398,居民养老,1800,2026-05-13
510100000000001502,退休人员0399,职工养老,3500,2026-07-17
510100000000002541,退休人员0400,居民养老,3500,2026-05-12
510100000000001605,退休人员0401,居民养老,3500,2026-07-12
510100000000003816,退休人员0402,职工养老,3500,2026-05-10
510100000000000532,退休人员0403,居民养老,1800,2026-06-09
510100000000000765,退休人员0404,居民养老,5000,2026-06-15
510100000000000206,退休人员0405,居民养老,1800,2026-07-11
510100000000003759,退休人员0406,职工养老,3500,2026-06-25
510100000000001044,退休人员0407,居民养老,8000,2026-07-03
510100000000003252,退休人员0408,职工养老,1800,2026-06-28
510100000000001434,退休人员0409,职工养老,2500,2026-05-22
510100000000000603,退休人员0410,居民养老,5000,2026-05-18
510100000000001165,退休人员0411,居民养老,2500,2026-05-16
510100000000001187,退休人员0412,居民养老,1800,2026-07-13
510100000000004221,退休人员0413,居民养老,8000,2026-08-01
510100000000004487,退休人员0414,居民养老,1800,2026-05-26
510100000000000071,退休人员0415,居民养老,8000,2026-06-27
510100000000003074,退休人员0416,职工养老,1800,2026-07-19
510100000000002245,退休人员0417,职工养老,1800,2026-05-25
510100000000000829,退休人员0418,职工养老,3500,2026-07-17
510100000000003515,退休人员0419,居民养老,5000,2026-06-30
510100000000000655,退休人员0420,职工养老,2500,2026-06-03
510100000000001457,退休人员0421,职工养老,2500,2026-07-30
510100000000004305,退休人员0422,职工养老,8000,2026-05-15
510100000000001489,退休人员0423,职工养老,3500,2026-05-24
510100000000004047,退休人员0424,职工养老,5000,2026-08-02
510100000000004753,退休人员0425,居民养老,2500,2026-07-20
510100000000001290,退休人员0426,居民养老,1800,2026-05-16
510100000000001250,退休人员0427,职工养老,3500,2026-06-09
510100000000001616,退休人员0428,职工养老,5000,2026-07-23
510100000000003043,退休人员0429,职工养老,1800,2026-06-07
510100000000004240,退休人员0430,居民养老,5000,2026-05-21
510100000000001477,退休人员0431,职工养老,3500,2026-06-29
510100000000002847,退休人员0432,居民养老,3500,2026-07-11
510100000000001734,退休人员0433,居民养老,8000,2026-07-06
510100000000001475,退休人员0434,职工养老,1800,2026-07-09
510100000000000428,退休人员0435,职工养老,5000,2026-07-07
510100000000004017,退休人员0436,居民养老,8000,2026-06-24
510100000000002764,退休人员0437,居民养老,2500,2026-07-15
510100000000004894,退休人员0438,居民养老,2500,2026-05-30
510100000000000431,退休人员0439,居民养老,2500,2026-07-10
510100000000004914,退休人员0440,居民养老,3500,2026-05-13
510100000000001158,退休人员0441,居民养老,8000,2026-06-30
510100000000000696,退休人员0442,职工养老,3500,2026-08-04
510100000000004911,退休人员0443,居民养老,1800,2026-06-16
510100000000001633,退休人员0444,职工养老,8000,2026-07-18
510100000000002258,退休人员0445,居民养老,1800,2026-05-17
510100000000004609,退休人员0446,居民养老,3500,2026-05-12
510100000000002701,退休人员0447,职工养老,8000,2026-06-20
510100000000002932,退休人员0448,职工养老,5000,2026-05-23
510100000000004859,退休人员0449,居民养老,5000,2026-05-22
510100000000003391,退休人员0450,居民养老,5000,2026-07-01
510100000000000516,退休人员0451,职工养老,5000,2026-07-30
510100000000003320,退休人员0452,居民养老,1800,2026-06-25
510100000000002680,退休人员0453,居民养老,3500,2026-06-09
510100000000003989,退休人员0454,居民养老,2500,2026-06-06
510100000000000119,退休人员0455,职工养老,5000,2026-05-12
510100000000000748,退休人员0456,职工养老,5000,2026-05-20
510100000000000760,退休人员0457,职工养老,1800,2026-05-15
510100000000004412,退休人员0458,居民养老,8000,2026-06-23
510100000000000183,退休人员0459,职工养老,3500,2026-05-31
510100000000004040,退休人员0460,职工养老,8000,2026-06-10
510100000000000544,退休人员0461,职工养老,1800,2026-07-20
510100000000003172,退休人员0462,居民养老,5000,2026-06-28
510100000000002652,退休人员0463,职工养老,5000,2026-07-26
510100000000003491,退休人员0464,职工养老,1800,2026-08-02
510100000000000071,退休人员0465,职工养老,1800,2026-06-14
510100000000000130,退休人员0466,职工养老,3500,2026-05-30
510100000000000611,退休人员0467,职工养老,3500,2026-06-30
510100000000001678,退休人员0468,居民养老,1800,2026-07-22
510100000000000443,退休人员0469,居民养老,8000,2026-07-10
510100000000003352,退休人员0470,居民养老,8000,2026-05-29
510100000000003763,退休人员0471,居民养老,8000,2026-08-04
510100000000001138,退休人员0472,居民养老,8000,2026-06-03
510100000000001790,退休人员0473,居民养老,1800,2026-06-09
510100000000002798,退休人员0474,职工养老,1800,2026-05-11
510100000000002594,退休人员0475,居民养老,2500,2026-05-31
510100000000004836,退休人员0476,居民养老,5000,2026-05-25
510100000000004008,退休人员0477,职工养老,3500,2026-05-18
510100000000000534,退休人员0478,居民养老,5000,2026-07-25
510100000000003758,退休人员0479,居民养老,1800,2026-07-21
510100000000003667,退休人员0480,居民养老,2500,2026-06-28
510100000000001710,退休人员0481,居民养老,5000,2026-07-12
510100000000003742,退休人员0482,居民养老,8000,2026-06-23
510100000000001816,退休人员0483,居民养老,8000,2026-06-30
510100000000000786,退休人员0484,职工养老,1800,2026-07-03
510100000000003655,退休人员0485,居民养老,3500,2026-05-16
510100000000002175,退休人员0486,职工养老,5000,2026-07-30
510100000000001727,退休人员0487,职工养老,8000,2026-06-02
510100000000001897,退休人员0488,居民养老,3500,2026-08-04
510100000000001830,退休人员0489,职工养老,8000,2026-05-28
510100000000004447,退休人员0490,居民养老,2500,2026-07-16
510100000000000858,退休人员0491,职工养老,8000,2026-05-09
510100000000000643,退休人员0492,居民养老,2500,2026-06-25
510100000000004512,退休人员0493,职工养老,3500,2026-06-10
510100000000000207,退休人员0494,居民养老,8000,2026-06-05
510100000000004408,退休人员0495,居民养老,5000,2026-07-11
510100000000000221,退休人员0496,居民养老,1800,2026-06-05
510100000000001592,退休人员0497,职工养老,3500,2026-06-29
510100000000001423,退休人员0498,职工养老,2500,2026-05-19
510100000000002780,退休人员0499,职工养老,1800,2026-06-05
510100000000001446,退休人员0500,居民养老,8000,2026-07-17
510100000000003500,退休人员0501,职工养老,8000,2026-07-22
510100000000000031,退休人员0502,居民养老,3500,2026-05-28
510100000000003212,退休人员0503,职工养老,2500,2026-07-08
510100000000004966,退休人员0504,职工养老,8000,2026-05-13
510100000000003525,退休人员0505,职工养老,8000,2026-07-04
510100000000001611,退休人员0506,职工养老,1800,2026-05-23
510100000000002825,退休人员0507,职工养老,2500,2026-07-13
510100000000004777,退休人员0508,居民养老,5000,2026-06-11
510100000000000647,退休人员0509,居民养老,5000,2026-07-23
510100000000003927,退休人员0510,居民养老,3500,2026-05-27
510100000000000766,退休人员0511,居民养老,3500,2026-07-13
510100000000004787,退休人员0512,职工养老,3500,2026-06-06
510100000000001674,退休人员0513,职工养老,8000,2026-07-08
510100000000003843,退休人员0514,职工养老,8000,2026-07-18
510100000000004931,退休人员0515,居民养老,8000,2026-05-22
510100000000004477,退休人员0516,职工养老,2500,2026-06-02
510100000000000065,退休人员0517,居民养老,1800,2026-06-21
510100000000001480,退休人员0518,居民养老,8000,2026-07-14
510100000000001375,退休人员0519,居民养老,2500,2026-07-30
510100000000004568,退休人员0520,职工养老,1800,2026-07-15
510100000000001643,退休人员0521,居民养老,5000,2026-07-22
510100000000003758,退休人员0522,居民养老,3500,2026-06-13
510100000000004352,退休人员0523,职工养老,5000,2026-07-24
510100000000002549,退休人员0524,居民养老,1800,2026-06-20
510100000000001208,退休人员0525,居民养老,5000,2026-05-26
510100000000003977,退休人员0526,职工养老,8000,2026-05-19
510100000000001980,退休人员0527,职工养老,1800,2026-07-28
510100000000003721,退休人员0528,职工养老,2500,2026-07-30
510100000000000047,退休人员0529,居民养老,5000,2026-06-03
510100000000003310,退休人员0530,职工养老,2500,2026-06-22
510100000000003100,退休人员0531,居民养老,8000,2026-06-08
510100000000004431,退休人员0532,居民养老,8000,2026-07-22
510100000000002040,退休人员0533,居民养老,1800,2026-06-28
510100000000004119,退休人员0534,居民养老,8000,2026-05-26
510100000000003046,退休人员0535,居民养老,8000,2026-05-18
510100000000000348,退休人员0536,职工养老,8000,2026-07-25
510100000000002126,退休人员0537,居民养老,1800,2026-06-25
510100000000000512,退休人员0538,居民养老,8000,2026-06-22
510100000000001473,退休人员0539,居民养老,1800,2026-07-06
510100000000002638,退休人员0540,居民养老,8000,2026-05-16
510100000000002058,退休人员0541,职工养老,8000,2026-07-24
510100000000003113,退休人员0542,职工养老,8000,2026-07-31
510100000000004380,退休人员0543,职工养老,3500,2026-05-12
510100000000004644,退休人员0544,职工养老,2500,2026-07-03
510100000000000585,退休人员0545,居民养老,2500,2026-08-01
510100000000004208,退休人员0546,职工养老,5000,2026-05-23
510100000000000043,退休人员0547,职工养老,3500,2026-06-13
510100000000001273,退休人员0548,职工养老,8000,2026-05-27
510100000000001250,退休人员0549,居民养老,8000,2026-06-20
510100000000004984,退休人员0550,居民养老,3500,2026-07-12
510100000000003034,退休人员0551,职工养老,8000,2026-05-20
510100000000002185,退休人员0552,职工养老,2500,2026-05-29
510100000000004794,退休人员0553,居民养老,1800,2026-05-23
510100000000000785,退休人员0554,居民养老,5000,2026-05-22
510100000000002981,退休人员0555,职工养老,8000,2026-07-19
510100000000004912,退休人员0556,居民养老,5000,2026-06-11
510100000000002614,退休人员0557,居民养老,1800,2026-08-01
510100000000000010,退休人员0558,职工养老,3500,2026-07-08
510100000000001112,退休人员0559,职工养老,3500,2026-05-26
510100000000002917,退休人员0560,居民养老,8000,2026-05-09
510100000000000931,退休人员0561,居民养老,2500,2026-07-22
510100000000004536,退休人员0562,居民养老,3500,2026-07-21
510100000000001808,退休人员0563,职工养老,3500,2026-05-20
510100000000003524,退休人员0564,居民养老,8000,2026-07-06
510100000000002406,退休人员0565,职工养老,3500,2026-06-22
510100000000002036,退休人员0566,职工养老,1800,2026-07-10
510100000000002397,退休人员0567,职工养老,3500,2026-05-30
510100000000003994,退休人员0568,居民养老,5000,2026-07-11
510100000000004920,退休人员0569,职工养老,2500,2026-06-16
510100000000004375,退休人员0570,居民养老,2500,2026-06-18
510100000000004411,退休人员0571,职工养老,5000,2026-06-15
510100000000000954,退休人员0572,居民养老,2500,2026-06-06
510100000000001388,退休人员0573,职工养老,5000,2026-07-22
510100000000001179,退休人员0574,居民养老,8000,2026-05-31
510100000000003324,退休人员0575,职工养老,2500,2026-07-28
510100000000003779,退休人员0576,职工养老,2500,2026-06-15
510100000000004953,退休人员0577,居民养老,5000,2026-06-09
510100000000000806,退休人员0578,职工养老,8000,2026-07-19
510100000000003874,退休人员0579,居民养老,1800,2026-06-11
510100000000003252,退休人员0580,职工养老,1800,2026-06-18
510100000000003898,退休人员0581,职工养老,3500,2026-08-01
510100000000003470,退休人员0582,职工养老,2500,2026-05-15
510100000000001454,退休人员0583,职工养老,8000,2026-05-20
510100000000001107,退休人员0584,居民养老,5000,2026-06-27
510100000000000957,退休人员0585,居民养老,2500,2026-05-22
510100000000001402,退休人员0586,职工养老,3500,2026-05-25
510100000000002602,退休人员0587,职工养老,3500,2026-05-11
510100000000001872,退休人员0588,职工养老,5000,2026-07-30
510100000000003690,退休人员0589,职工养老,1800,2026-06-24
510100000000002687,退休人员0590,居民养老,2500,2026-07-14
510100000000001148,退休人员0591,职工养老,2500,2026-05-20
510100000000004099,退休人员0592,居民养老,2500,2026-06-28
510100000000001401,退休人员0593,职工养老,5000,2026-05-22
510100000000002778,退休人员0594,职工养老,2500,2026-07-04
510100000000001138,退休人员0595,职工养老,2500,2026-06-23
510100000000000210,退休人员0596,居民养老,8000,2026-05-22
510100000000004464,退休人员0597,职工养老,1800,2026-08-04
510100000000002491,退休人员0598,居民养老,2500,2026-06-01
510100000000000171,退休人员0599,居民养老,3500,2026-06-02
510100000000003432,退休人员0600,居民养老,2500,2026-07-26
510100000000002207,退休人员0601,职工养老,3500,2026-05-10
510100000000001378,退休人员0602,居民养老,8000,2026-05-25
510100000000001461,退休人员0603,职工养老,1800,2026-07-06
510100000000004022,退休人员0604,居民养老,1800,2026-06-01
510100000000002568,退休人员0605,居民养老,1800,2026-07-03
510100000000000429,退休人员0606,居民养老,8000,2026-05-31
510100000000001682,退休人员0607,职工养老,1800,2026-05-22
510100000000001446,退休人员0608,职工养老,1800,2026-07-18
510100000000001684,退休人员0609,居民养老,2500,2026-05-27
510100000000000512,退休人员0610,居民养老,5000,2026-06-19
510100000000003226,退休人员0611,居民养老,8000,2026-06-28
510100000000000445,退休人员0612,居民养老,1800,2026-05-10
510100000000002982,退休人员0613,职工养老,3500,2026-08-03
510100000000004009,退休人员0614,职工养老,1800,2026-05-15
510100000000001382,退休人员0615,职工养老,3500,2026-07-08
510100000000002153,退休人员0616,居民养老,2500,2026-06-09
510100000000004666,退休人员0617,居民养老,8000,2026-07-09
510100000000002215,退休人员0618,居民养老,5000,2026-05-18
510100000000003909,退休人员0619,居民养老,5000,2026-07-09
510100000000000877,退休人员0620,职工养老,5000,2026-05-29
510100000000004961,退休人员0621,职工养老,1800,2026-05-29
510100000000002309,退休人员0622,居民养老,5000,2026-06-26
510100000000002394,退休人员0623,居民养老,8000,2026-07-27
510100000000003236,退休人员0624,居民养老,3500,2026-07-01
510100000000002472,退休人员0625,居民养老,2500,2026-07-12
510100000000001154,退休人员0626,职工养老,3500,2026-06-08
510100000000000448,退休人员0627,居民养老,5000,2026-06-11
510100000000001292,退休人员0628,职工养老,2500,2026-07-06
510100000000001861,退休人员0629,居民养老,3500,2026-07-17
510100000000002446,退休人员0630,职工养老,1800,2026-07-23
510100000000000582,退休人员0631,居民养老,8000,2026-05-23
510100000000001601,退休人员0632,职工养老,2500,2026-07-29
510100000000000884,退休人员0633,职工养老,8000,2026-06-12
510100000000000098,退休人员0634,职工养老,3500,2026-05-20
510100000000003830,退休人员0635,职工养老,2500,2026-05-28
510100000000002524,退休人员0636,职工养老,3500,2026-05-14
510100000000001854,退休人员0637,职工养老,3500,2026-07-27
510100000000000614,退休人员0638,职工养老,5000,2026-06-12
510100000000000895,退休人员0639,居民养老,1800,2026-06-23
510100000000000614,退休人员0640,居民养老,1800,2026-07-10
510100000000004322,退休人员0641,职工养老,3500,2026-06-16
510100000000002276,退休人员0642,居民养老,2500,2026-06-26
510100000000003647,退休人员0643,职工养老,2500,2026-06-20
510100000000004327,退休人员0644,职工养老,5000,2026-05-27
510100000000004339,退休人员0645,居民养老,2500,2026-07-22
510100000000004890,退休人员0646,居民养老,3500,2026-06-12
510100000000001453,退休人员0647,居民养老,3500,2026-07-12
510100000000001952,退休人员0648,居民养老,3500,2026-06-24
510100000000001148,退休人员0649,居民养老,1800,2026-07-05
510100000000002814,退休人员0650,居民养老,8000,2026-08-01
510100000000003517,退休人员0651,职工养老,5000,2026-06-08
510100000000000293,退休人员0652,职工养老,2500,2026-06-09
510100000000001436,退休人员0653,居民养老,3500,2026-06-03
510100000000000655,退休人员0654,居民养老,1800,2026-05-26
510100000000001298,退休人员0655,职工养老,2500,2026-06-13
510100000000003440,退休人员0656,居民养老,1800,2026-07-04
510100000000004182,退休人员0657,居民养老,5000,2026-08-04
510100000000000997,退休人员0658,居民养老,1800,2026-06-06
510100000000002225,退休人员0659,居民养老,3500,2026-07-23
510100000000001043,退休人员0660,职工养老,5000,2026-06-23
510100000000003666,退休人员0661,职工养老,8000,2026-05-14
510100000000004896,退休人员0662,职工养老,2500,2026-08-05
510100000000002909,退休人员0663,职工养老,1800,2026-07-06
510100000000003341,退休人员0664,职工养老,5000,2026-07-08
510100000000000313,退休人员0665,居民养老,8000,2026-05-22
510100000000004198,退休人员0666,居民养老,8000,2026-05-11
510100000000004098,退休人员0667,居民养老,8000,2026-06-20
510100000000003122,退休人员0668,职工养老,3500,2026-07-21
510100000000004124,退休人员0669,职工养老,1800,2026-06-26
510100000000001704,退休人员0670,职工养老,1800,2026-06-13
510100000000004179,退休人员0671,职工养老,3500,2026-05-21
510100000000002243,退休人员0672,居民养老,8000,2026-05-18
510100000000004735,退休人员0673,职工养老,8000,2026-06-14
510100000000003886,退休人员0674,职工养老,2500,2026-06-01
510100000000004365,退休人员0675,居民养老,8000,2026-06-09
510100000000003049,退休人员0676,职工养老,8000,2026-06-28
510100000000002751,退休人员0677,居民养老,1800,2026-07-13
510100000000003891,退休人员0678,职工养老,3500,2026-08-02
510100000000004367,退休人员0679,职工养老,8000,2026-07-05
510100000000004215,退休人员0680,职工养老,3500,2026-06-06
510100000000001480,退休人员0681,职工养老,2500,2026-05-14
510100000000004650,退休人员0682,职工养老,2500,2026-07-26
510100000000002508,退休人员0683,职工养老,1800,2026-06-28
510100000000002075,退休人员0684,居民养老,3500,2026-06-12
510100000000000526,退休人员0685,居民养老,1800,2026-05-12
510100000000004153,退休人员0686,居民养老,1800,2026-07-03
510100000000001376,退休人员0687,职工养老,5000,2026-06-29
510100000000001705,退休人员0688,职工养老,2500,2026-06-25
510100000000002529,退休人员0689,职工养老,1800,2026-07-21
510100000000002784,退休人员0690,居民养老,2500,2026-06-10
510100000000002940,退休人员0691,居民养老,5000,2026-07-18
510100000000001652,退休人员0692,居民养老,2500,2026-07-27
510100000000003652,退休人员0693,职工养老,8000,2026-06-04
510100000000002125,退休人员0694,居民养老,2500,2026-05-25
510100000000000037,退休人员0695,职工养老,1800,2026-05-18
510100000000001774,退休人员0696,职工养老,5000,2026-06-14
510100000000004601,退休人员0697,职工养老,8000,2026-06-14
510100000000002354,退休人员0698,职工养老,8000,2026-07-13
510100000000002912,退休人员0699,职工养老,3500,2026-06-07
510100000000001084,退休人员0700,居民养老,1800,2026-06-24
510100000000004374,退休人员0701,居民养老,5000,2026-07-03
510100000000004197,退休人员0702,居民养老,2500,2026-06-13
510100000000004729,退休人员0703,职工养老,5000,2026-06-07
510100000000002273,退休人员0704,居民养老,3500,2026-06-06
510100000000001008,退休人员0705,职工养老,3500,2026-07-22
510100000000004422,退休人员0706,居民养老,2500,2026-06-03
510100000000002465,退休人员0707,居民养老,1800,2026-07-18
510100000000000155,退休人员0708,职工养老,8000,2026-06-30
510100000000004010,退休人员0709,居民养老,2500,2026-07-13
510100000000002208,退休人员0710,职工养老,5000,2026-07-05
510100000000003069,退休人员0711,职工养老,2500,2026-05-21
510100000000004880,退休人员0712,职工养老,5000,2026-07-20
510100000000003178,退休人员0713,职工养老,5000,2026-07-05
510100000000004098,退休人员0714,职工养老,2500,2026-06-03
510100000000002850,退休人员0715,职工养老,2500,2026-05-29
510100000000001877,退休人员0716,职工养老,3500,2026-07-03
510100000000002713,退休人员0717,居民养老,5000,2026-05-10
510100000000000146,退休人员0718,居民养老,8000,2026-05-16
510100000000003993,退休人员0719,职工养老,8000,2026-07-20
510100000000003357,退休人员0720,居民养老,5000,2026-05-27
510100000000001690,退休人员0721,职工养老,8000,2026-05-25
510100000000000339,退休人员0722,居民养老,2500,2026-07-23
510100000000001397,退休人员0723,居民养老,3500,2026-06-29
510100000000001586,退休人员0724,居民养老,3500,2026-05-17
510100000000001032,退休人员0725,居民养老,1800,2026-05-27
510100000000004934,退休人员0726,居民养老,2500,2026-07-13
510100000000003984,退休人员0727,职工养老,3500,2026-05-13
510100000000004279,退休人员0728,居民养老,1800,2026-06-21
510100000000003224,退休人员0729,居民养老,5000,2026-07-22
510100000000004540,退休人员0730,职工养老,2500,2026-06-27
510100000000003403,退休人员0731,居民养老,1800,2026-05-09
510100000000003422,退休人员0732,居民养老,3500,2026-06-05
510100000000003525,退休人员0733,职工养老,2500,2026-07-10
510100000000003591,退休人员0734,居民养老,2500,2026-06-26
510100000000002570,退休人员0735,居民养老,5000,2026-05-26
510100000000003942,退休人员0736,职工养老,1800,2026-07-01
510100000000002670,退休人员0737,居民养老,8000,2026-07-29
510100000000000748,退休人员0738,职工养老,1800,2026-05-30
510100000000004881,退休人员0739,居民养老,5000,2026-08-06
510100000000000071,退休人员0740,居民养老,5000,2026-05-31
510100000000003966,退休人员0741,职工养老,1800,2026-05-15
510100000000004148,退休人员0742,职工养老,1800,2026-06-03
510100000000003969,退休人员0743,居民养老,3500,2026-06-19
510100000000002457,退休人员0744,职工养老,1800,2026-06-20
510100000000004762,退休人员0745,居民养老,5000,2026-07-25
510100000000003054,退休人员0746,职工养老,5000,2026-06-05
510100000000000558,退休人员0747,居民养老,1800,2026-07-23
510100000000000220,退休人员0748,居民养老,8000,2026-05-29
510100000000001249,退休人员0749,居民养老,1800,2026-05-24
510100000000000230,退休人员0750,居民养老,5000,2026-06-27
510100000000001550,退休人员0751,居民养老,2500,2026-07-08
510100000000000732,退休人员0752,居民养老,8000,2026-07-09
510100000000004795,退休人员0753,居民养老,5000,2026-06-24
510100000000002564,退休人员0754,职工养老,2500,2026-05-11
510100000000003530,退休人员0755,职工养老,8000,2026-07-26
510100000000001758,退休人员0756,居民养老,2500,2026-06-27
510100000000004132,退休人员0757,居民养老,5000,2026-06-10
510100000000002503,退休人员0758,居民养老,5000,2026-06-27
510100000000000309,退休人员0759,职工养老,8000,2026-07-19
510100000000004359,退休人员0760,职工养老,2500,2026-06-01
510100000000004742,退休人员0761,居民养老,1800,2026-05-21
510100000000000734,退休人员0762,职工养老,8000,2026-07-17
510100000000001959,退休人员0763,职工养老,8000,2026-07-03
510100000000004097,退休人员0764,居民养老,3500,2026-06-26
510100000000002761,退休人员0765,居民养老,8000,2026-05-19
510100000000004462,退休人员0766,居民养老,8000,2026-07-08
510100000000004200,退休人员0767,职工养老,3500,2026-05-12
510100000000002077,退休人员0768,职工养老,8000,2026-07-02
510100000000003425,退休人员0769,职工养老,5000,2026-05-17
510100000000000262,退休人员0770,居民养老,2500,2026-05-31
510100000000002018,退休人员0771,居民养老,8000,2026-06-25
510100000000000930,退休人员0772,居民养老,3500,2026-08-04
510100000000003226,退休人员0773,居民养老,8000,2026-05-19
510100000000001218,退休人员0774,职工养老,5000,2026-06-15
510100000000001519,退休人员0775,职工养老,2500,2026-07-24
510100000000004623,退休人员0776,职工养老,3500,2026-08-03
510100000000000642,退休人员0777,居民养老,5000,2026-06-01
510100000000002688,退休人员0778,职工养老,2500,2026-07-28
510100000000004778,退休人员0779,居民养老,5000,2026-07-10
510100000000001448,退休人员0780,职工养老,8000,2026-06-04
510100000000002954,退休人员0781,居民养老,5000,2026-05-25
510100000000003070,退休人员0782,居民养老,1800,2026-08-02
510100000000004430,退休人员0783,居民养老,5000,2026-07-20
510100000000000230,退休人员0784,职工养老,5000,2026-08-05
510100000000002083,退休人员0785,职工养老,8000,2026-05-21
510100000000001460,退休人员0786,职工养老,1800,2026-05-21
510100000000003616,退休人员0787,居民养老,1800,2026-06-10
510100000000001957,退休人员0788,居民养老,3500,2026-06-19
510100000000004476,退休人员0789,居民养老,2500,2026-06-10
510100000000004316,退休人员0790,居民养老,5000,2026-05-28
510100000000004014,退休人员0791,职工养老,8000,2026-06-14
510100000000002380,退休人员0792,居民养老,8000,2026-06-16
510100000000001713,退休人员0793,居民养老,1800,2026-07-11
510100000000002981,退休人员0794,居民养老,3500,2026-05-22
510100000000002781,退休人员0795,职工养老,8000,2026-06-17
510100000000001791,退休人员0796,居民养老,5000,2026-05-16
510100000000003976,退休人员0797,职工养老,1800,2026-06-16
510100000000002905,退休人员0798,职工养老,1800,2026-06-13
510100000000000091,退休人员0799,职工养老,1800,2026-07-26
510100000000002421,退休人员0800,职工养老,2500,2026-05-19
510100000000003114,退休人员0801,居民养老,1800,2026-07-12
510100000000001037,退休人员0802,职工养老,1800,2026-05-20
510100000000004293,退休人员0803,职工养老,2500,2026-08-05
510100000000004089,退休人员0804,职工养老,2500,2026-07-17
510100000000001247,退休人员0805,居民养老,3500,2026-07-31
510100000000004865,退休人员0806,职工养老,5000,2026-05-22
510100000000001305,退休人员0807,职工养老,5000,2026-05-31
510100000000004280,退休人员0808,职工养老,5000,2026-05-10
510100000000000200,退休人员0809,职工养老,5000,2026-05-19
510100000000000956,退休人员0810,居民养老,1800,2026-06-27
510100000000004391,退休人员0811,职工养老,5000,2026-05-26
510100000000001505,退休人员0812,职工养老,1800,2026-06-14
510100000000003127,退休人员0813,职工养老,8000,2026-07-02
510100000000000686,退休人员0814,职工养老,2500,2026-05-12
510100000000000346,退休人员0815,职工养老,3500,2026-07-11
510100000000004692,退休人员0816,职工养老,8000,2026-07-15
510100000000001398,退休人员0817,居民养老,5000,2026-06-23
510100000000003509,退休人员0818,居民养老,8000,2026-07-06
510100000000001009,退休人员0819,居民养老,2500,2026-05-17
510100000000002925,退休人员0820,职工养老,5000,2026-06-28
510100000000002935,退休人员0821,职工养老,2500,2026-06-26
510100000000004553,退休人员0822,职工养老,5000,2026-06-06
510100000000002144,退休人员0823,职工养老,1800,2026-07-31
510100000000003041,退休人员0824,职工养老,8000,2026-07-25
510100000000002264,退休人员0825,职工养老,8000,2026-07-03
510100000000001918,退休人员0826,居民养老,1800,2026-06-17
510100000000003419,退休人员0827,居民养老,8000,2026-07-14
510100000000003668,退休人员0828,居民养老,5000,2026-07-22
510100000000004629,退休人员0829,职工养老,3500,2026-06-27
510100000000002804,退休人员0830,职工养老,3500,2026-05-10
510100000000002092,退休人员0831,职工养老,1800,2026-06-06
510100000000004855,退休人员0832,居民养老,5000,2026-06-01
510100000000004621,退休人员0833,居民养老,2500,2026-06-14
510100000000001776,退休人员0834,居民养老,1800,2026-07-14
510100000000001905,退休人员0835,职工养老,2500,2026-05-28
510100000000000658,退休人员0836,居民养老,2500,2026-06-25
510100000000003939,退休人员0837,职工养老,2500,2026-07-17
510100000000000416,退休人员0838,职工养老,2500,2026-05-29
510100000000001594,退休人员0839,职工养老,8000,2026-05-12
510100000000001279,退休人员0840,居民养老,2500,2026-06-14
510100000000000924,退休人员0841,职工养老,3500,2026-06-24
510100000000004077,退休人员0842,居民养老,8000,2026-06-22
510100000000004701,退休人员0843,居民养老,1800,2026-05-10
510100000000002538,退休人员0844,居民养老,2500,2026-07-19
510100000000004923,退休人员0845,居民养老,5000,2026-05-12
510100000000001389,退休人员0846,居民养老,8000,2026-06-16
510100000000001869,退休人员0847,居民养老,3500,2026-06-26
510100000000003905,退休人员0848,居民养老,1800,2026-05-27
510100000000001732,退休人员0849,职工养老,1800,2026-06-02
510100000000004661,退休人员0850,居民养老,5000,2026-06-17
510100000000002775,退休人员0851,居民养老,3500,2026-05-12
510100000000000620,退休人员0852,居民养老,5000,2026-07-16
510100000000000875,退休人员0853,居民养老,5000,2026-07-21
510100000000001671,退休人员0854,职工养老,8000,2026-05-14
510100000000000047,退休人员0855,职工养老,8000,2026-08-05
510100000000000412,退休人员0856,职工养老,3500,2026-08-01
510100000000000417,退休人员0857,居民养老,2500,2026-06-22
510100000000002377,退休人员0858,职工养老,2500,2026-07-23
510100000000002784,退休人员0859,居民养老,1800,2026-08-04
510100000000000770,退休人员0860,职工养老,1800,2026-06-26
510100000000004476,退休人员0861,居民养老,1800,2026-06-17
510100000000002763,退休人员0862,职工养老,1800,2026-07-22
510100000000004966,退休人员0863,居民养老,8000,2026-08-01
510100000000000856,退休人员0864,职工养老,5000,2026-06-23
510100000000004214,退休人员0865,居民养老,5000,2026-07-09
510100000000002132,退休人员0866,职工养老,3500,2026-05-26
510100000000000147,退休人员0867,居民养老,1800,2026-05-22
510100000000003679,退休人员0868,居民养老,5000,2026-05-12
510100000000003045,退休人员0869,居民养老,1800,2026-07-27
510100000000000726,退休人员0870,居民养老,8000,2026-06-09
510100000000001550,退休人员0871,居民养老,3500,2026-06-19
510100000000003032,退休人员0872,居民养老,3500,2026-06-01
510100000000000950,退休人员0873,居民养老,8000,2026-05-24
510100000000003327,退休人员0874,职工养老,2500,2026-07-10
510100000000002762,退休人员0875,职工养老,2500,2026-06-22
510100000000003249,退休人员0876,职工养老,1800,2026-07-04
510100000000000925,退休人员0877,职工养老,1800,2026-08-04
510100000000001495,退休人员0878,职工养老,2500,2026-07-20
510100000000004309,退休人员0879,职工养老,3500,2026-06-10
510100000000004111,退休人员0880,职工养老,3500,2026-06-24
510100000000002182,退休人员0881,居民养老,8000,2026-07-20
510100000000004364,退休人员0882,职工养老,3500,2026-06-06
510100000000002044,退休人员0883,职工养老,1800,2026-07-12
510100000000002488,退休人员0884,居民养老,8000,2026-07-22
510100000000002273,退休人员0885,职工养老,8000,2026-05-30
510100000000001781,退休人员0886,居民养老,1800,2026-05-23
510100000000000452,退休人员0887,职工养老,1800,2026-06-14
510100000000003094,退休人员0888,职工养老,2500,2026-07-09
510100000000004676,退休人员0889,居民养老,5000,2026-08-06
510100000000002986,退休人员0890,居民养老,5000,2026-07-27
510100000000004273,退休人员0891,居民养老,1800,2026-06-12
510100000000002994,退休人员0892,居民养老,2500,2026-07-07
510100000000004717,退休人员0893,职工养老,3500,2026-05-18
510100000000004050,退休人员0894,居民养老,1800,2026-06-14
510100000000001887,退休人员0895,职工养老,8000,2026-06-13
510100000000002632,退休人员0896,职工养老,1800,2026-05-11
510100000000001067,退休人员0897,职工养老,5000,2026-05-13
510100000000004132,退休人员0898,居民养老,8000,2026-06-15
510100000000000270,退休人员0899,居民养老,8000,2026-07-15
510100000000004113,退休人员0900,居民养老,3500,2026-07-20
510100000000004349,退休人员0901,职工养老,8000,2026-05-24
510100000000004800,退休人员0902,职工养老,2500,2026-05-23
510100000000001086,退休人员0903,居民养老,5000,2026-07-06
510100000000000768,退休人员0904,职工养老,3500,2026-05-12
510100000000000835,退休人员0905,职工养老,3500,2026-07-15
510100000000001455,退休人员0906,职工养老,1800,2026-05-24
510100000000000616,退休人员0907,职工养老,3500,2026-07-23
510100000000004616,退休人员0908,居民养老,5000,2026-07-15
510100000000003470,退休人员0909,职工养老,1800,2026-06-14
510100000000000586,退休人员0910,居民养老,8000,2026-07-25
510100000000001039,退休人员0911,居民养老,2500,2026-08-04
510100000000001917,退休人员0912,职工养老,1800,2026-07-10
510100000000000267,退休人员0913,职工养老,3500,2026-05-18
510100000000004607,退休人员0914,职工养老,5000,2026-07-21
510100000000001742,退休人员0915,职工养老,8000,2026-07-05
510100000000000738,退休人员0916,居民养老,8000,2026-06-01
510100000000004331,退休人员0917,居民养老,2500,2026-05-22
510100000000000242,退休人员0918,职工养老,2500,2026-05-19
510100000000002608,退休人员0919,居民养老,1800,2026-06-24
510100000000001444,退休人员0920,居民养老,3500,2026-05-10
510100000000000614,退休人员0921,居民养老,5000,2026-06-09
510100000000001861,退休人员0922,职工养老,8000,2026-06-08
510100000000001784,退休人员0923,职工养老,3500,2026-07-09
510100000000000291,退休人员0924,职工养老,5000,2026-06-28
510100000000002502,退休人员0925,居民养老,2500,2026-06-20
510100000000004717,退休人员0926,居民养老,1800,2026-06-29
510100000000001466,退休人员0927,居民养老,8000,2026-06-18
510100000000001521,退休人员0928,居民养老,8000,2026-06-05
510100000000000456,退休人员0929,居民养老,8000,2026-06-07
510100000000003446,退休人员0930,职工养老,2500,2026-06-22
510100000000003771,退休人员0931,居民养老,5000,2026-08-06
510100000000000591,退休人员0932,职工养老,3500,2026-06-23
510100000000004686,退休人员0933,居民养老,1800,2026-05-13
510100000000003567,退休人员0934,居民养老,1800,2026-07-27
510100000000002905,退休人员0935,职工养老,1800,2026-06-14
510100000000003797,退休人员0936,职工养老,5000,2026-06-02
510100000000001892,退休人员0937,居民养老,1800,2026-06-02
510100000000004800,退休人员0938,居民养老,1800,2026-08-03
510100000000000546,退休人员0939,职工养老,2500,2026-06-28
510100000000002369,退休人员0940,职工养老,2500,2026-06-28
510100000000004129,退休人员0941,居民养老,8000,2026-05-26
510100000000003599,退休人员0942,职工养老,2500,2026-06-08
510100000000002108,退休人员0943,职工养老,2500,2026-07-17
510100000000001235,退休人员0944,职工养老,1800,2026-07-27
510100000000001994,退休人员0945,职工养老,1800,2026-07-22
510100000000004599,退休人员0946,居民养老,1800,2026-07-05
510100000000004827,退休人员0947,居民养老,5000,2026-08-03
510100000000004407,退休人员0948,居民养老,3500,2026-05-16
510100000000000479,退休人员0949,居民养老,2500,2026-07-24
510100000000004639,退休人员0950,居民养老,1800,2026-07-02
510100000000001932,退休人员0951,职工养老,3500,2026-06-16
510100000000003736,退休人员0952,居民养老,8000,2026-05-24
510100000000003796,退休人员0953,职工养老,5000,2026-06-05
510100000000000429,退休人员0954,职工养老,3500,2026-06-16
510100000000000275,退休人员0955,职工养老,5000,2026-05-23
510100000000000040,退休人员0956,居民养老,3500,2026-06-18
510100000000000070,退休人员0957,职工养老,1800,2026-06-19
510100000000000557,退休人员0958,职工养老,5000,2026-06-01
510100000000001436,退休人员0959,职工养老,8000,2026-05-22
510100000000003352,退休人员0960,职工养老,2500,2026-06-22
510100000000002105,退休人员0961,居民养老,3500,2026-07-29
510100000000001037,退休人员0962,职工养老,1800,2026-05-14
510100000000004306,退休人员0963,居民养老,3500,2026-07-18
510100000000002113,退休人员0964,职工养老,1800,2026-05-19
510100000000001146,退休人员0965,居民养老,1800,2026-06-29
510100000000000847,退休人员0966,职工养老,1800,2026-05-17
510100000000002542,退休人员0967,居民养老,1800,2026-05-11
510100000000002021,退休人员0968,职工养老,8000,2026-05-26
510100000000001397,退休人员0969,居民养老,3500,2026-06-08
510100000000004853,退休人员0970,职工养老,5000,2026-07-05
510100000000000521,退休人员0971,职工养老,1800,2026-07-02
510100000000002725,退休人员0972,居民养老,3500,2026-05-14
510100000000001636,退休人员0973,职工养老,5000,2026-07-09
510100000000000132,退休人员0974,职工养老,2500,2026-06-09
510100000000001373,退休人员0975,职工养老,5000,2026-06-04
510100000000003179,退休人员0976,居民养老,8000,2026-07-30
510100000000002805,退休人员0977,职工养老,2500,2026-06-14
510100000000000894,退休人员0978,居民养老,5000,2026-06-15
510100000000004148,退休人员0979,职工养老,5000,2026-05-23
510100000000003543,退休人员0980,职工养老,3500,2026-05-11
510100000000004942,退休人员0981,职工养老,2500,2026-06-23
510100000000001574,退休人员0982,职工养老,8000,2026-06-12
510100000000003561,退休人员0983,居民养老,5000,2026-07-24
510100000000004915,退休人员0984,居民养老,1800,2026-06-05
510100000000002289,退休人员0985,职工养老,8000,2026-05-28
510100000000000327,退休人员0986,职工养老,3500,2026-05-19
510100000000000019,退休人员0987,居民养老,3500,2026-05-26
510100000000003133,退休人员0988,职工养老,2500,2026-07-22
510100000000000336,退休人员0989,居民养老,5000,2026-07-04
510100000000004844,退休人员0990,职工养老,3500,2026-07-08
510100000000002782,退休人员0991,职工养老,2500,2026-07-08
510100000000002693,退休人员0992,职工养老,3500,2026-05-17
510100000000002044,退休人员0993,居民养老,1800,2026-06-28
510100000000000410,退休人员0994,职工养老,2500,2026-06-17
510100000000003427,退休人员0995,居民养老,8000,2026-05-21
510100000000000095,退休人员0996,职工养老,3500,2026-06-03
510100000000004351,退休人员0997,职工养老,3500,2026-06-10
510100000000001170,退休人员0998,职工养老,8000,2026-07-09
510100000000003592,退休人员0999,职工养老,1800,2026-08-02
510100000000000588,退休人员0000,职工养老,800,2026-07-15
510100000000002605,退休人员0001,居民养老,300,2026-06-21
510100000000001684,退休人员0002,职工养老,300,2026-07-30
510100000000000394,退休人员0003,居民养老,300,2026-07-12
510100000000003245,退休人员0004,居民养老,800,2026-07-08
510100000000000190,退休人员0005,职工养老,500,2026-07-23
510100000000002732,退休人员0006,居民养老,500,2026-05-30
510100000000001829,退休人员0007,居民养老,800,2026-05-27
510100000000001573,退休人员0008,职工养老,800,2026-05-13
510100000000002435,退休人员0009,职工养老,300,2026-07-08
510100000000001660,退休人员0010,居民养老,300,2026-06-07
510100000000000347,退休人员0011,职工养老,500,2026-05-19
510100000000001121,退休人员0012,居民养老,500,2026-07-29
510100000000004680,退休人员0013,居民养老,300,2026-06-24
510100000000003656,退休人员0014,居民养老,800,2026-07-30
