填表说明：根据指南编码规则编号,nan,nan,以项目批复中对应内容为准,nan,nan,以项目批复中项目实施地点为准，例：XX乡（镇）XX 村（居）,以项目竣工决算中项目主要建设内容为准,"与表2数据一致
（保留小数点后面2位）",nan,nan,"与表2数据一致
（保留小数点后面2位）",nan,nan,在“经营类、公益类、到户类“中选择,在“青稞、小麦、饲料、牦牛、乳、羊、猪、鸡、蜂、鱼虾、藏药、,在“巩固、升级、盘活、调整”中选择,在“巩固、升级、盘活、调整”中选择，仅经营类项目填写,根据实际情况填写“是/否”,在“自主运营、合作运营、委托运营“中选择,在“农村集体经济组织、农牧民专业合作社、农户、国企、私企、个,nan,根据实际情况填写“是/否”,例：2022.09,例：该项目带动建档立卡群众不低于23户79人增收，分红金额不,nan,nan,以项目实施内容对应行业单位为准,nan,在“是/否”中选择,财评、合同、立项等,在“是/否”中选择,nan,在“是/否”中选择
540425201320001,林芝市,察隅县,2013,察瓦龙乡昌西村石榴品种改良项目,察瓦龙乡人民政府,察瓦龙乡昌西村,改良112亩5600株石榴,24,24,0,24,24,0,经营类,石榴,调整,调整,否,,,,,,,,,,,否,项目资料,否,是,是
540425201517002,林芝市,察隅县,2015,罗马桃花村旅游资源升级改造项目,古玉乡人民政府\察隅县受援办,古玉乡罗马村,发展特色藏民族文化旅游产业，充分发挥旅游、生态自然资源的优势，带动整合闲置劳动力，逐步改变传统农牧业生产方式，进而转变成以旅游业为主的核心产业，建立村民增收的长效机制，促进产业发展，建设幸福新村。内容：1.藏家歌舞表演广场；2.驿站引水工程；3.村内道路硬化工程；4.观景平台；5.绿化种植；6.公共卫生设施等,500,500,0,500,500,0,公益类,乡村旅游,升级,,,,,,,,,,,,,否,数据统计来源于察隅县2015年援藏投资项目计划表（被审计单位文件夹，附件2：援藏项目）+项目资料,否,是,
540425201517003,林芝市,察隅县,2015,察隅县古玉乡罗马村农家乐（实施过，找不到业主）,罗马村村委会,古玉乡罗马村,修建农家乐及庭院一座,200,200,0,200,200,0,经营类,乡村旅游,升级,调整,否,委托运营,个体工商户,张鹏,否,,,,,察隅县文化和旅游局,,否,,否,是,
540425201619002,林芝市,察隅县,2016,古拉乡核桃粮油加工坊,察隅县扶贫开发办公室,古拉乡,购买榨油机及附属配套设施,150,150,0,60,60,0,经营类,设施农业,升级,调整,否,,,,,,,,,,,否,,否,是,
540425201604002,林芝市,察隅县,2016,察隅县牦牛养殖项目,扶贫办,察隅县,为131户购买牛，修建牛圈11座。（古拉乡为8户购置57头牦牛；下察隅镇19户102头修建牛圈11座；竹瓦根镇52户260头；察瓦龙乡52户养殖犏牛410头，奶牛3头，小牛136头，黄牛40头，母牛1头，牛圈1座）,577,577,0,577,577,0,到户类,牦牛,盘活,,,,,,,,,,,,,否,,否,是,
540425201606001,林芝市,察隅县,2016,察隅县养羊项目,扶贫办,察隅县,为10户购置山羊550只，绵羊40只（古拉乡3户养殖山羊150只，上察隅镇2户养殖绵羊40只，察瓦龙乡5户养殖山羊400只）,30,30,0,30,30,0,到户类,羊,盘活,,,,,,,,,,,,,否,,否,是,
540425201619003,林芝市,察隅县,2016,察隅县特色种植项目,扶贫办,"古拉乡
关龙村
竹瓦根镇
下察隅",为9户实施特色种植项目。古拉乡6户（则巴村1户种植葡萄苗30棵，关龙村4户种植花椒苗子80棵，安巴村1户苹果苗50棵）；竹瓦根镇1户（种植天麻）；下察隅镇1户种植橘子树4亩，1户种植天麻2亩。,27,27,0,27,27,0,到户类,其他,调整,,,,,,,,,,,,,否,,是,是,
540425201619005,林芝市,察隅县,2016,古拉乡则巴村菩提树种植及加工项目,察隅县扶贫开发办公室,古拉乡则巴村,种植500颗菩提树 、修建4个树苗培育室3、种植区域土地平整,85,85,0,85,85,0,经营类,其他,调整,调整,否,,,,,,,,,,已搬迁,否,,否,是,是
540425201619006,林芝市,察隅县,2016,下察隅镇辣椒种植项目,察隅县扶贫开发办公室,下察隅镇,种植辣椒100亩及附属配套设施,60,60,0,60,60,0,经营类,其他,调整,调整,否,,,,,,,,,,,否,,否,是,
540425201619007,林芝市,察隅县,2016,上察隅镇木碗加工项目,扶贫办,上察隅镇,为上察隅镇木碗加工合作社配置加工设施,20,20,0,20,20,0,公益类,其他,调整,,,,,,,,,,,,,否,,否,是,
540425201608002,林芝市,察隅县,2016,察瓦龙乡藏鸡养殖项目,察瓦龙乡人民政府,察瓦龙乡,建设内容：修建9个鸡圈，购买鸡苗75只，购买饲料等,34,30,4,34,30,4,到户类,鸡,调整,,否,,,,,,,,,,,是,确权资料+2013年批复项目汇总表,,无需写,
540425201607004,林芝市,察隅县,2016,察瓦龙乡藏猪养殖项目,察瓦龙乡人民政府,察瓦龙乡,建设内容：修建24个猪圈，化粪池24座，购买猪仔288头，每村购买种猪1头，每户购买可繁育母猪1头，购买饲料等,38.907,38.907,0,38.907,38.907,0,到户类,猪,调整,,,,,,,,,,,,,否,,否,,
540425201616005,林芝市,察隅县,2016,察瓦龙乡贫困户温室大棚建设项目,察瓦龙乡人民政府,察瓦龙乡邓许村、龙普村、昌西村,察瓦龙乡修建温室大棚36座，邓许村11座，龙普村21座，昌西村4座,57.19,57.19,0,57.19,57.19,0,公益类,设施农业,升级,,,,,,,,,,,,,是,在察隅县大棚里面有张确权表,是,是,
540425201608003,林芝市,察隅县,2016,察瓦龙乡贫困养鸡项目,察瓦龙乡人民政府,察瓦龙乡拉卡村、邓许村、昌西村、珠拉村,察瓦龙乡扶持贫困户养鸡9户，其中拉卡5户，邓许1户，昌西1户，珠拉2户,12.71,12.71,0,12.71,12.71,0,到户类,鸡,调整,,,,,,,,,,,,,是,在察隅县养鸡里面有张确权表,否,无需写,
540425201607005,林芝市,察隅县,2016,察瓦龙乡贫困户养猪项目,察瓦龙乡人民政府,察瓦龙乡洪东，昌西，邓许，拉卡，瓦布，学巴，扎然,察瓦龙乡扶持贫困户养猪24户，其中拉卡6户，邓许1户，洪东6户，昌西4户，瓦布1户，扎然1户，学巴5户,42.06,42.06,0,42.06,42.06,0,到户类,猪,调整,,,,,,,,,,,,,是,在察隅县养猪里面有张确权表,否,无需写,
540425201607006,林芝市,察隅县,2016,察隅县贫困户藏猪养殖项目,察隅县农牧局,6个乡镇,为我县6个乡镇49个行政村291户建档立卡贫困户修建猪舍5238平方米；购置种公猪49头、种母猪291头、仔猪1272余头。,490.394,474.2525,16.1415,474.2525,474.2525,,到户类,猪,盘活,,,,,,,,,,,,,是,项目资料,否,,
540425201608004,林芝市,察隅县,2016,察隅县贫困户养殖鸡项目,察隅县农牧局,6个乡镇,为我县6个乡镇235户建档立卡贫困户修建鸡舍4230平方米；购置鸡苗7600只（公母1：9）；购买饲料等,218.605,208.605,10,162.96,162.96,,到户类,鸡,盘活,,,,,,,,,,,,,是,项目资料,否,无需写,
540425201619009,林芝市,察隅县,2016,察隅县上察隅镇迟巴村产业扶贫,察隅县农牧局,上察隅镇迟巴村,购买农机具7台；购买猪仔145头，为7户群众修建猪舍140㎡，购买母猪12头，公猪5头；狗仔鸡仔370只，修建鸡舍400㎡；种植板栗核桃8亩；种植黑木耳（每户100菌袋）；种植天麻1800㎡；种植油茶、枇杷180亩,160.32,160.32,0,160.32,160.32,0,到户类,其他,调整,,否,,,,,,,,,,,否,立项批复，审定金额待定,否,是,
540425201719010,林芝市,察隅县,2017,察隅县上察隅镇西巴村珞巴民族服饰加工项目,上察隅镇人民政府,上察隅镇西巴村,修建120米玻璃展柜，购买4台缝纫机，10台编织机，购买编织材料，对原有编织房进行维修以及线路改造,24.62,24.62,0,24.62,24.62,0,公益类,其他,调整,,是,,,,,,,,,,,是,确权资料,否,无需写,
540425201718001,林芝市,察隅县,2017,察隅县察瓦龙乡汽修市场建设项目,察隅县扶贫开发投资有限公司,察瓦龙乡,汽车修理厂849㎡，商业楼2493㎡，洗车间109.12㎡，门卫室14.8㎡，公厕37.41㎡以及大门、室外给排水、室外电气、水泥硬质地面、铺装工程、土石方工程、围墙工程、停车位工程、挡土墙工程、照明工程等,1383.28,1383.28,0,1308.152951,1308.152951,0,经营类,商贸流通,巩固,巩固,是,自主运营,国企,察隅县扶贫开发投资有限公司,否,,,,,察隅县交通运输局,,是,确权资料,是,无需写,
540425201715001,林芝市,察隅县,2017,察隅县下察隅镇夏尼村猕猴桃产业园区建设项目,察隅县农牧局,下察隅镇夏尼村,新建培训管理中心212.52㎡，基地入口到培训中心之间道路硬化，硬化面积630.00㎡（道路宽3.5m，长度为180m）及其他配套附属设施建设；种植猕猴桃50亩。,150,150,0,132.705999,132.705999,0,经营类,猕猴桃,巩固,巩固,是,委托运营,私企,察隅县兴农猕猴桃有限公司,是,,项目盈利时，按照合同约定向村集体分红,99766,,察隅县农业农村局​,,否,立项+50-1000万台账,否,是,
540425201718002,林芝市,察隅县,2017,察隅县汽修市场建设项目,察隅县住建局,竹瓦根镇,1#楼工程（小车机修）2328.31平方米、2#楼工程（大车机修）2510.43平方米、门卫室及附属设施等,1936.76,1936.76,0,1904.50766838959,1904.50766838959,0,经营类,商贸流通,巩固,巩固,是,自主运营,国企,察隅县扶贫开发投资有限公司,否,,,,,察隅县交通运输局,,否,立项批复+19-25年台账（19年）,否,是,
540425201715002,林芝市,察隅县,2017,察隅县下察隅镇布巴村等三个行政村猕猴桃种植建设项目,下察隅镇人民政府,下察隅镇布巴村、京都村、宗古村,"1、核定布巴村种植猕猴桃370亩，大门一座（含值班室），土地整治及改良370亩，购买种苗37000株，撒播有机肥740吨，修建240立方米（24m×10m×1m）晒水池1处，引水管1300m，修排水沟3374m（0.4m×0.4m），修筑1200m防风林，搭架立桩27750根，牵拉铁丝，安装微喷设备等内容；
    2、核定京都村种植猕猴桃243亩，大门一座（含值班室），土地整治及改良243亩，购买种苗24300株，撒播有机肥243吨，网围栏6386米，修建100立方米（10m×10m×1m）晒水池2处，水管道（含1个蓄水池）1024m，搭架立桩18225根，牵拉铁丝，安装微喷设备等内容；
    3、核定宗古村种植猕猴桃230亩，大门一座（含值班室），土地整治及改良230亩，购买种苗23000株，撒播有机肥230吨，修筑800米防风林，网围栏3399米，修建100立方米（10m×10m×1m）晒水池2处，引水管道（含1个蓄水池）5800m，搭架立桩17250根，牵拉铁丝，安装微喷设备，修砂石路长1000m（宽3.5m）等内容。",2130.42,1484.39,646.03,2100.94,1484.39,616.55,经营类,猕猴桃,巩固,巩固,是,委托运营,私企,察隅县宗古农业发展有限责任公司、察隅县兴农猕猴桃有限公司、西藏林芝察隅巴布吉土地种植专业合作社,是,,,1050407,,察隅县农业农村局​,宗古村由察隅县宗古农业发展有限责任公司进行运营、京都村由察隅县兴农猕猴桃有限公司运营、布巴村由西藏林芝察隅巴布吉土地种植专业合作社运营,否,只有电子数据，来源超1000万财评，2019年,是,是,
540425201719011,林芝市,察隅县,2017,察隅县古玉乡博学村传统工艺品加工坊项目,古玉乡人民政府,古玉乡博学村,修建传统工艺品加工坊一座,36,36,0,36,36,0,经营类,商贸流通,巩固,调整,否,,,,否,,,,,察隅县农业农村局​,,否,,否,是,是
540425201719012,林芝市,察隅县,2017,察隅县古玉乡罗马村松茸加工坊,古玉乡人民政府,古玉乡罗马村,修建业务用房一座,20,20,0,20,20,0,经营类,设施农业,升级,调整,否,委托运营,个体工商户,白玛曲培,否,,,,,察隅县农业农村局​,,否,,否,是,是
540425201811001,林芝市,察隅县,2018,察隅县察瓦龙乡龙布村重楼种植项目,察瓦龙乡人民政府,察瓦龙乡龙布村,“能人+贫困户”，栽种280000株，遮阳网、遮阳架28亩，灌溉水管及土地平整28亩；种苗及设备购置:购买种苗280000株，肥料28吨，病虫害防治及追肥28亩。,64.4,50,14.4,64.4,50,14.4,经营类,藏药,升级,调整,否,,,,,,,,,,,是,确权资料,否,无需写,是
540425201811002,林芝市,察隅县,2018,察隅县察瓦龙乡扎恩村重楼种植项目,察瓦龙乡人民政府,察瓦龙乡扎恩村,“能人+贫困户”，栽种280000株，遮阳网、遮阳架28亩，灌溉水管及土地平整28亩；种苗及设备购置:购买种苗280000株，肥料28吨，病虫害防治及追肥28亩。,64.4,50,14.4,64.4,50,14.4,经营类,藏药,升级,调整,否,,,,,,,,,,,是,确权资料,否,无需写,是
540425201816008,林芝市,察隅县,2018,察隅县察瓦龙乡苗圃基地建设项目,察瓦龙乡人民政府,察瓦龙乡,项目模式为“能人+贫困户”，PE25灌溉水管及配套设施3000米，土地平整40亩，遮阳网、遮阳架40亩;种苗及设备购置:购买种苗3200株。,51.6,50,1.6,51.6,50,1.6,经营类,设施农业,升级,调整,否,,,,,,,,,,,是,确权资料,是,无需写,是
540425201819013,林芝市,察隅县,2018,察隅县上察隅镇西巴村铁皮石斛种植扩建项目,上察隅镇人民政府,上察隅镇西巴村,项目模式为“村集体+贫困户”，种植仿野生苗木10亩（含采购苗木60000丛），修建蓄水池1座（长*宽*高为4m*4m*2m），铁丝网围栏1000米，沉砂池、引水渠等。,50,50,0,50,50,0,经营类,藏药,升级,调整,是,委托运营,私企,西藏兵哥建筑工程有限公司,是,,,,,,,是,确权资料+立项批复,否,无需写,是
540425201807007,林芝市,察隅县,2018,察隅县古玉乡古井村藏香猪养殖项目,古玉乡人民政府,古玉乡古井村,项目模式为“合作社+贫困户”，扩建猪舍53.2㎡；新建铁丝网围栏1300m，办公室及厨房34.44㎡，饲料加工室17.6㎡，育猪室68.04㎡，库房14㎡，待宰室13.44㎡，水池6m3，场地平整765㎡，线路改造、屋面改造1项；采购卫生防疫500头，买种猪340头，购买加工饲料机1台，柴油发电机1台。,64.84,50,14.84,64.84,50,14.84,经营类,猪,盘活,调整,是,委托运营,农牧民专业合作社,察隅县古玉乡古井村青冈林藏香猪养殖专业合作社,否,,,28000,,察隅县农业农村局​,,是,确权资料,是,无需写,是
540425201808005,林芝市,察隅县,2018,察隅县古玉乡古井村藏鸡养殖项目,古玉乡人民政府,古玉乡古井村,项目模式为“能人+贫困户”，新建鸡舍160㎡，新建消毒室、饲料加工间、仓库、职工宿舍64㎡，下蛋室4间，新建蓄水池1座，新建化粪池1座，购置铁丝围栏及立柱550m，场地平整30375m3，道路平整30420m3，铁质大门1座，线路改造1项；种鸡及设备购置费：购买种鸡（藏鸡）1500只，购置饲料加工设备1台，孵化器2台。,55.6,50,5.6,55.6,50,5.6,经营类,鸡,盘活,调整,是,委托运营,个体工商户,察隅县兄弟藏鸡养殖场,否,,,51700,,察隅县农业农村局​,,是,确权资料,是,无需写,是
540425201807008,林芝市,察隅县,2018,察隅县竹瓦根镇扎拉村阿多专业养殖合作社项目,竹瓦根镇人民政府,竹瓦根镇扎拉村,项目模式为“合作社+贫困户”，平整土地2000㎡；新建猪圈20间，总建筑面积340㎡；新建化粪池1座；新建消毒室1座，建筑面积17.6㎡；PE32给水管200m，DN110排污管200m。采购猪苗100头，消毒设备（型号BG-C4）1台,71.44,50,21.44,71.44,50,21.44,经营类,猪,盘活,盘活,是,委托运营,农户,刘勇,,,,,,察隅县农业农村局​,,是,确权资料,是,无需写,是
540425201807009,林芝市,察隅县,2018,察隅县竹瓦根镇桑久村藏香猪养殖项目,竹瓦根镇人民政府,竹瓦根镇桑久村,项目模式为“村集体+贫困户”， 新建围墙200m，铁大门1扇，给水管100m，铜芯线100m，仓库及饲养员室1间，消毒室1间，猪圈14间，化粪池1座;设备购置:电力变压器1台，消毒设备1台，种猪1头，母猪10头，猪仔90头,53.08,50,3.08,53.08,50,3.08,经营类,猪,盘活,调整,是,委托运营,农户,扎西次仁,,,,41680,,察隅县农业农村局​,,是,确权资料,是,无需写,是
540425201805001,林芝市,察隅县,2018,察隅县古玉乡博学村犏奶牛养殖场扩建项目,古玉乡人民政府,古玉乡博学村,项目模式为“合作社+贫困户”，新建牛圈319.64m2，建筑工程319.64m2，安装工程319.64m2，大门1座，围墙120m；购置犏奶牛：母牛20头，公牛3头。,72.58,50,22.58,72.58,50,22.58,经营类,乳,升级,升级,是,委托运营,农牧民专业合作社,察隅县古玉乡博学村杰荣养殖专业合作社,否,,,76100,,察隅县农业农村局​,,是,确权资料,否,无需写,
540425201807010,林芝市,察隅县,2018,下察隅镇京都村藏香猪养殖项目,下察隅镇人民政府,下察隅镇京都村,"1.扩建猪舍面积153.88平方米；2.新建饲料库房及饲料加工房70.56平方米；3.建蓄水池1座（采用砖混结构长3m*宽4m*高1.2m）；4.买可繁育母猪60头（繁育母猪需为已生育过1窝猪仔的母猪）、种猪3头（种猪年龄1.5-2年）；5.购买加工饲料机1台（型号：9FQ40-28,动力：11-15kw）;6.购买柴油发电机1台（型号：L32-R00，功率：11-15KW）；7.新建猪舍C20混凝土硬化路面91.02平方米；8.PE水管直径75mmPE管300m,PE水管直径25mmPE管260m;9.新建简易木桥一座，采用木质结构（10米*2米）；10.原猪舍铁皮100张；11.铁丝围栏700m,围栏1.5m高，每隔3米设置一根圆钢管立柱，立柱高3m,立柱基础埋深30cm；11.新建大门2个（2m*3m）。",54.44,50,4.44,54.44,50,4.44,经营类,猪,盘活,升级,是,委托运营,农牧民专业合作社,下察隅镇京都村阿胖养殖专业合作社,,,,,,察隅县农业农村局​,,是,确权资料,是,无需写,
540425201807011,林芝市,察隅县,2018,察隅县古拉乡俄玉村藏香猪养殖项目,古拉乡人民政府,古拉乡俄玉村,项目模式为“合作社+贫困户”，建设猪舍105.7㎡，育种室和隔离室164.16㎡，仓库及管理用房68.64㎡，围墙200m，供水1项，购买猪仔80头，种猪4头，能繁母猪20头，饲料、防疫及运转费用1项，供电1项。,50,50,0,50,50,0,经营类,猪,盘活,盘活,是,,,,否,,,,,察隅县农业农村局,,是,确权资料,是,无需写,是
540425201812003,林芝市,察隅县,2018,察隅县产业扶贫毕达村茶叶种植项目,察隅县扶贫开发投资有限公司,上察隅毕达村,土地平整：土石方工程1项，筑田埂18975.08m，挖土沟(背沟开挖）12821m；灌溉工程:管道工程1项，蓄水池1座，沉砂池1座；茶叶苗种植工程:种植1794940株；附属工程：钢丝网围栏3500m；设备及工器具购置：购买及运输除草机4部，购买及运输修剪机4台，购买及运输中耕机4台，购买及运输施肥机2台，购买、运输及安装防虫灯、黄板等设施51台，购买运输安装基地大门1个，购买安装标识牌1个。,915.53,457.765,457.765,566.120561,283.0602805,283.0602805,经营类,茶,升级,升级,否,,,,,,,,,,项目尚未移交，还在管护中,是,确权资料+50-1000万财评统计表,否,无需写,
540425201812004,林芝市,察隅县,2018,察隅县产业扶贫松古村茶叶种植项目,察隅县扶贫开发投资有限公司,下察隅镇松古村,土地平整：土石方工程1项，修筑田埂24087m，挖土沟(背沟开挖）16275m；灌溉工程：管道工程1项，蓄水池1座，沉砂池1座；茶叶苗种植2598500株；附属工程：钢丝网围栏3500m，设备及工器具购置费，购买及运输除草机4部，购买及运输修剪机4台，购买及运输中耕机4台，购买及运输施肥机2台，购买、运输及安装防虫灯、黄板等设施65台，购买运输安装基地大门1个，购买安装标识牌1个。,1205.59,602.795,602.795,937.07852,468.53926,468.53926,经营类,茶,升级,升级,是,,,,,,,,,,,是,确权资料+50-1000万台账+财评,否,无需写,
540425201819014,林芝市,察隅县,2018,西藏牧野香畜禽养殖基地建设项目,察隅县扶贫开发投资有限公司,竹瓦根镇学尼村,新建猪舍375.06平方米、库房153.52平方米、宿舍及办公室119.31平方米、铁丝网围栏465m、病害猪隔离圈24平方米、无公害处理设施16平方米、场地硬化562.45平方米、新建大门一座，采购相关设备及相应配套设施。,379.93,250,129.93,361.466225,236.271175,125.19505,经营类,其他,盘活,巩固,否,,,,,,,,,,底稿已写,是,确权资料,否,无需写,
540425201812006,林芝市,察隅县,2018,察隅县茶叶产业项目（第二批）,察隅县产业发展工作领导小组办公室,下察隅沙玛村、上察隅米古村,在沙玛村、米古村、群众房前屋后等地点实施茶叶种植及配套附属设施建设等,2000,2000,0,2000,2000,0,经营类,茶,升级,升级,是,委托运营,私企,林芝毛尖茶叶有限责任公司,否,,,,800,察隅县农业农村局​,与沙玛村枇杷种植水肥一体化项目同一地点实施，枇杷茶叶套种，期间补种茶叶，原茶叶数量不详,否,,否,是,
540425201812008,林芝市,察隅县,2018,察隅县荣玉村2018年有机茶叶种植项目,察隅县扶贫开发投资有限公司,上察隅镇荣玉村,土地平整650亩，修建灌溉与排水工程，茶叶种植，第一次树苗种植1094660株，第二次补苗131359株，第三次补苗10508株，设备采购及附属设施,435.6,435.6,0,435.6,435.6,0,经营类,茶,升级,升级,否,,,,否,,,,,,村里收取管护费，分给村民，800/亩，共计158亩。收取了22年、23年。,是,本项目资料和确权资料同名，但是内容不一样，需要核实本项目来源,否,无需写,
540425201712009,林芝市,察隅县,2017,察隅县体育村2018年有机茶叶种植项目,察隅县扶贫开发投资有限公司,上察隅镇体育村,土地平整244.12亩，修建灌溉与排水工程，茶叶种植、设备采购及附属设施。第一次树苗种植854420株，第二次补苗102530株，第三次补苗8202株，及附属设施等。,600.7,400.47,200.23,600.7,400.47,200.23,经营类,茶,升级,调整,否,,,,,,,,,,,是,确权资料+50-1000万财评统计表,否,无需写,
540425201804004,林芝市,察隅县,2018,龙普村嘉兴组犏奶牛项目,察隅县农业农村局,察瓦龙乡龙普村,为察瓦龙乡龙普村嘉兴组购置牦奶牛15头，种牛1头,12.5112,12.5112,0,12.5112,12.5112,0,到户类,牦牛,调整,,否,,,,,,,,,,确权表主体是察瓦龙乡人民政府,是,确权资料,否,无需写,
540425201820008,林芝市,察隅县,2018,察隅县察瓦龙乡卡地村软籽石榴种植基地建设项目,察隅县林业和草原局,察瓦龙乡卡地村,营造林：种苗9804株，种植130.7亩，培训指导2年，有机肥98.04吨，病虫害防治130.7亩，人工修枝及管理130.7亩，工具费130.7亩（每亩配2把修枝剪、1个喷雾器）。,180.14,180.14,0,171.659074,171.659074,0,经营类,石榴,调整,调整,否,,,,,,,,,,已搬迁,是,确权资料,否,无需写,是
540425201820009,林芝市,察隅县,2018,察隅县察瓦龙乡格布村软籽石榴种植基地建设项目,察隅县林业和草原局,察瓦龙乡格布村,营造林：种苗8313株，种植184.7亩，培训指导2年，有机肥83.13吨，病虫害防治184.7亩，人工修枝及管理184.7亩，工具费184.7亩（每亩配2把修枝剪、1个喷雾器）。,160.52,160.52,0,160.52,160.52,0,经营类,石榴,调整,盘活,是,委托运营,个体工商户,仁青,否,,,,,​察隅县农业农村局,确权表主体是察隅县扶贫开发办公室,是,确权资料+50-1000万财评统计表,否,无需写,是
540425201820010,林芝市,察隅县,2018,察隅县察瓦龙乡左布村软籽石榴种植基地建设项目,察隅县林业和草原局,察瓦龙乡左布村,营造林：种苗5441株，种植120.9亩，培训指导2年，有机肥54.41吨，病虫害防治120.9亩，人工修枝及管理120.9亩，工具费120.9亩（每亩配2把修枝剪、1个喷雾器）,101.45,101.45,0,95.284457,95.284457,0,经营类,石榴,调整,盘活,否,自主运营,,,否,,,,,察隅县农业农村局,,是,确权资料,是,无需写,是
540425201820011,林芝市,察隅县,2018,察隅县察瓦龙乡处尼村软籽石榴种植基地建设项目,察隅县林业和草原局,察瓦龙乡处尼村,营造林：种苗2610株，种植58亩，培训指导2年，有机肥26.1吨，病虫害防治58亩，人工修枝及管理58亩，工具费58亩（每亩配2把修枝剪、1个喷雾器）。,60.87,60.87,0,57.611099,57.611099,0,经营类,石榴,调整,调整,否,,,,,,,,,,已搬迁,是,确权资料,否,无需写,是
540425201820012,林芝市,察隅县,2018,察隅县察瓦龙乡沙布村软籽石榴种植基地建设项目,察隅县林业和草原局,察瓦龙乡沙布村,营造林：种苗7866株，种植174.81亩，培训指导2年，有机肥78.66吨，病虫害防治174.81亩，人工修枝及管理174.81亩，工具费174.81亩（每亩配2把修枝剪、1个喷雾器）,148.07,148.07,0,138.449527,138.449527,0,经营类,石榴,调整,升级,否,自主运营,,,,,,,,察隅县农业农村局,,是,确权资料,否,无需写,
540425201820013,林芝市,察隅县,2018,察隅县古拉乡察空村软籽石榴种植基地建设项目,察隅县林业和草原局,古拉乡察空村,营造林：种苗23573株，种植428.6亩，培训指导2年，有机肥235.73吨，病虫害防治428.6亩，人工修枝及管理428.36亩，工具费428.6亩（每亩配2把修枝剪、1个喷雾器），保水剂428.6亩，网围栏4871米；给水工程：蓄水池120㎡，管网工程1项；土石方工程：客土改良2000m³，机械挖坑428.6亩。,521.33,521.33,0,440.095915,440.095915,0,经营类,石榴,调整,调整,否,,,,,,,,,,已搬迁,是,确权资料,是,无需写,是
540425201819016,林芝市,察隅县,2018,察瓦龙乡、古拉乡2018年秋季庭院经济项目,察隅县林业和草原局,察瓦龙乡邓许村、扎那村、龙普村、岗藏村、康然村、前中瓦村、梦扎村、格日村、拉卡村、巴布村、目巴村、学巴村、珠拉村、洪东村、扎然村、瓦布村、古拉乡安巴村、关龙村、觉不如村、则巴村、扎兴村、日托村、俄玉村,在察瓦龙乡、古拉乡23个村开展庭院经济项目，为23个村群众发放经济林木1.5万余株。,153.1,153.1,0,153.1,153.1,0,到户类,其他,调整,,,,,,,,,,,,已搬迁,是,确权资料,否,无需写,
540425201815003,林芝市,察隅县,2018,察隅县产业扶贫猕猴桃种植基地建设项目,察隅县扶贫开发投资有限公司,下察隅镇松古村,生活管理用房：建筑装饰工程123.96㎡，安装工程123.96㎡；管道工程8520m，水池工程2座，道路工程1188m3，围墙945m；其他工程：混凝土立柱22500根，网围栏1290m，架设钢丝60t，土地整治300亩，树苗种植27000株，广告牌1套。,771.95,500,271.95,693.685557,474.863231,218.822326,经营类,猕猴桃,巩固,升级,是,,,,,,,,,,,是,确权资料+50-1000万财评统计表（没有审定金额）,否,无需写,
540425201820015,林芝市,察隅县,2018,察隅县察瓦龙乡扎恩村软籽石榴种植基地建设项目,察隅县林业和草原局,察瓦龙乡扎恩村,营造林：种苗4344株，种植96.5亩，培训指导2年，有机肥43.44吨，病虫害防治96.5亩，人工修枝及管理96.5亩，工具费96.5亩（每亩配2把修枝剪、1个喷雾器）,77.25,77.25,0,77.25,77.25,0,经营类,石榴,调整,盘活,否,自主运营,农村集体经济组织,林芝市察隅县察瓦龙乡扎恩村股份经济合作社,否,,,,,察隅县农业农村局,,否,立项批复+50-1000万台账（未注明审定金额）,否,是,是
540425201819017,林芝市,察隅县,2018,察隅县古玉乡古井村松茸加工房,古玉乡人民政府,古玉乡古井村,修建业务用房一座,30,30,0,30,30,0,经营类,设施农业,升级,调整,是,委托运营,个体工商户,乔君伟,否,,,,,察隅县农业农村局​,,否,,否,是,
540425201819018,林芝市,察隅县,2018,察隅县古玉乡然乌学村然乌学组松茸加工坊,古玉乡人民政府,古玉乡然乌学村,修建业务用房一座,43,40,3,40,40,0,经营类,其他,调整,调整,否,,,,否,,,,,察隅县农业农村局​,,否,,否,是,是
540425201820017,林芝市,察隅县,2018,察隅县察瓦龙乡昌西村软籽石榴种植基地建设项目,察隅县林业和草原局,察瓦龙乡昌西村,营造林：种苗14022株，种植311.6亩，培训指导2年，有机肥140.22吨，病虫害防治311.6亩，工具费311.6亩（每亩配2把修枝剪、1个喷雾器）,238.36,238.36,0,238.36,238.36,0,经营类,石榴,调整,盘活,是,,,,,,,,,,,否,确权资料，审定金额待定,否,是,是
540425201918003,林芝市,察隅县,2019,察隅县竹瓦根镇沙通坝建材市场建设项目,察隅县扶贫开发投资有限公司,竹瓦根镇,1#楼：建筑装饰工程828.99m2，安装工程828.99m2；2#楼：建筑装饰工程671.58m2，安装工程671.58m2；3#楼：建筑装饰工程1446.48m2，安装工程1446.48m2；4#楼：建筑装饰工程671.58m2，安装工程671.58m2；5#楼：建筑装饰工程576.45m2，安装工程576.45m2；6#楼：建筑装饰工程1177.38m2，安装工程1177.38m2；主大门1座，附属工程：室外电气1项，车行硬化工程2689.82m2，人行硬化工程375.9m2，次大门1座，挡土墙工程300.74m，绿化工程1159.45m2，土石方工程1项，通透式围墙456.69m，室外给排水1项,2476,2476,0,2304.742556,2304.742556,0,经营类,商贸流通,巩固,巩固,是,自主运营,国企,察隅县扶贫开发投资有限公司,否,,,,,察隅县住房和城乡建设局,,是,确权资料+超过1千万的财评台账（21年）,否,无需写,
540425201920018,林芝市,察隅县,2019,察隅县古拉乡石榴种植项目,古拉乡人民政府,古拉乡,石榴种植30亩，购置苗木2000株，有机肥、农家肥、新建围栏1000m、病虫害防治30亩、人工修枝及管护30亩，60mmPE管400m，25mmPE管1600m，新建蓄水池1座（2m*2m*2m），土地平整30亩,50,50,0,50,50,0,经营类,石榴,调整,调整,否,自主运营,农村集体经济组织,林芝市察隅县古拉乡则巴村股份经济合作社,否,,,62000,,察隅县农业农村局,,是,确权资料,是,无需写,
540425201908006,林芝市,察隅县,2019,竹瓦根镇空档村“4+1”藏鸡养殖项目,竹瓦根镇人民政府,竹瓦根镇空档村,1、新建鸡舍255.60㎡；2、新建门卫室及消毒室57.76㎡；3、新增给水管道120m；4、新增排水管道100m（双壁波纹管Φ200）；5、新增供电线路100m；6、新增铁艺大门1座（宽4米，高3.6米）；7、新建消毒池1座；8、新建防护网600m；9、购买喂食槽4个；10、购买藏鸡苗400只；11、购买成年藏鸡100只,62.11,60,2.11,62.11,60,2.11,经营类,鸡,盘活,调整,是,委托运营,农户,布索朗,否,,,60000,2,察隅县农业农村局​,,是,确权资料+50-1000万财评统计表,否,无需写,是
540425201907012,林芝市,察隅县,2019,下察隅镇沙琼村藏香猪养殖项目,下察隅镇人民政府,下察隅镇沙琼村,新建猪舍200㎡、饲料库60㎡及饲料加工房40㎡、蓄水池1座、硬化路面及购买种猪、饲料、柴油发电机等,53.68,50,3.68,53.68,50,3.68,经营类,猪,盘活,升级,是,委托运营,农牧民专业合作社,察隅县下察隅镇沙琼村小次仁农民专业合作社,否,,,96600,,察隅县农业农村局​,,是,确权资料,是,无需写,
540425201907013,林芝市,察隅县,2019,下察隅镇自更村仁青罗布生态养殖专业合作社藏香猪养殖项目,下察隅镇人民政府,下察隅镇自更村,新建饲料仓库59.04平方米，配套网围栏等附属设施,30,30,0,30,30,0,经营类,猪,盘活,调整,否,,,,,,,,,,,是,确权资料,否,无需写,是
540425201907014,林芝市,察隅县,2019,下察隅镇拉丁村藏香猪养殖项目,下察隅镇人民政府,下察隅镇拉丁村,新建猪圈149.24平方米，新建蓄水池3.14立方米，化粪池一座3立方米等附属设施,20,20,0,20,20,0,经营类,猪,盘活,盘活,是,委托运营,农户,谢次仁,否,,,,,,,是,确权资料,是,无需写,是
540425201907015,林芝市,察隅县,2019,下察隅镇塔玛村藏猪养殖项目,下察隅镇人民政府,下察隅镇塔玛村,扩建猪圈51.34平米，并配套库房、饲料加工厂、围栏等附属设施。,20,20,0,20,20,0,经营类,猪,盘活,升级,是,自主运营,农牧民专业合作社,塔玛村藏香猪养殖专业合作社,,,,,,,,是,确权资料,否,无需写,
540425201908007,林芝市,察隅县,2019,察隅县竹瓦根镇扎拉村“4+1”藏鸡养殖项目,竹瓦根镇人民政府,竹瓦根镇扎拉村,鸡舍、仓库、化粪池、铁大门、附属设施部分、设备购置部分,41.03,30,11.03,41.03,30,11.03,经营类,鸡,盘活,盘活,否,委托运营,农户,成晓,,,,,,,,是,确权资料,否,无需写,是
540425201907016,林芝市,察隅县,2019,察隅县察瓦龙乡扎那村藏香猪养殖项目,察瓦龙乡人民政府,察瓦龙乡扎那村,"新建养猪厂面积314.32㎡（采用砖混结构），购买母猪30头，公猪3头，购买饲料加工机1台（型号：9FQ40－28，动力：11－15KW），购买柴油发电机1台（型号：Ｌ32－ROO，动力：23KW），新建猪舍C20砼硬化路面180.64㎡，饲养用水水管直径75mmPE管300m,饲养用水水管直径25mmPE管260m，新建大门一座",50.6,50,0.6,50.6,50,0.6,经营类,猪,盘活,调整,否,,,,否,,,,,察隅县农业农村局,资产闲置了,是,确权资料,否,无需写,是
540425201907017,林芝市,察隅县,2019,察隅县竹瓦根镇生猪养殖项目,竹瓦根镇人民政府,竹瓦根镇,新建猪舍153.78平方米，新建值班室44.65平方米，硬化工程115.02平方米，新建网围栏114.50米，新建挡土墙工程1.06立方米，挖填方工程1项，新建大门一座，室外给排水工程1项，室外电气工程1项；种猪、小猪、柴油发电机、饲料加工机等设备购置,50,50,0,50,50,0,经营类,猪,盘活,盘活,否,,,,,,,,,,,是,确权资料+立项批复,否,无需写,是
540425201919019,林芝市,察隅县,2019,察隅县察瓦龙乡前中瓦村核桃榨油坊建设项目,察瓦龙乡人民政府,察瓦龙乡前中瓦村,"新建特色产品加工坊173.50m²，硬化工程220m²，土石方工程1500m3，新建围墙90m,新建大门1座，购置核桃加工设备1套",50.06,50,0.06,50.06,50,0.06,经营类,设施农业,升级,盘活,是,委托运营,个体工商户,多吉,否,,,,,察隅县农业农村局,,是,确权资料,否,无需写,是
540425201919020,林芝市,察隅县,2019,察隅县察瓦龙乡处尼村特色农产品加工坊建设项目,察瓦龙乡人民政府,察瓦龙乡处尼村,新建特色产品加工坊558.96m²，硬化工程423.12m²，购置仙人掌加工设备1套，核桃加工设备1套,76.11,50,26.11,76.11,50,26.11,经营类,设施农业,升级,调整,否,,,,,,,,,,已搬迁,是,确权资料,否,无需写,是
540425201919021,林芝市,察隅县,2019,察隅县2019年庭院经济扶贫种植项目,察隅县林业和草原局,前中瓦村、拉卡村、松塔村、扎那村、扎恩村、昌西村、曲珠村、龙普村、沙布村、目巴村、格布村、俄玉村,购置经济林木，前中瓦村：石榴1440株，苹果600株；拉卡村：石榴585株；松塔村：石榴500株；扎那村：石榴2908株；扎恩村：石榴2045株，苹果630株，橘子380株，水蜜桃25株；昌西村：石榴160株；曲珠村：石榴1030株；龙普村：石榴1240株，苹果995株，橘子115株，水蜜桃230株；沙布村：苹果148株，橘子145株；目巴村：石榴2100株；格布村：石榴675株；俄玉村：苹果380株，水蜜桃380株,150,150,0,150,150,0,公益类,其他,调整,,,,,,,,,,,,,否,立项批复，审定金额待定,是,是,
540425201912011,林芝市,察隅县,2019,察隅县上察隅镇体育村通迪茶叶种植项目,察隅县产业发展工作领导小组办公室,上察隅镇体育村,上察隅镇体育迪通种植茶叶136亩，新建蓄水池，购买茶苗，安装网围栏等附属设施,285.98,285.98,0,279.814274,279.814274,0,经营类,茶,升级,调整,否,,,,,,,,,,,否,立项批复+19-25年台账（20年）,否,是,
540425201919022,林芝市,察隅县,2019,察隅县古拉乡则巴村扩建核桃加工项目,古拉乡人民政府,古拉乡则巴村,加工场地晒坝硬化260㎡，围墙48m，线路改造180m；设备购置：液压榨油机1台，剥壳机 2台，分拣机1台，烘干机1台，过滤器2台，核桃粉碎机（核桃粉）1台，包装机2台，包装袋及包装瓶1项，变压器及安装备件等1台，销售点装修费及柜台等1项，后期运转经费1项,50,50,0,50,50,0,经营类,设施农业,升级,调整,否,,,,,,,,,​察隅县农业农村局,已搬迁,是,确权资料,是,无需写,是
540425201919023,林芝市,察隅县,2019,察隅县本土生态农产品加工项目,察隅县农业农村局,上察隅镇迟巴村,在上察隅迟巴村建立鸡爪股粉生产线、花生生产线等附属设施,250,250,0,239.927031,239.927031,0,经营类,设施农业,升级,盘活,否,,,,,,,,,,产权未确定,是,确权资料+50-1000万财评统计表,否,无需写,
540425201919024,林芝市,察隅县,2019,察隅县古拉乡特色经济林果种植建设项目,察隅县林业和草原局,古拉乡目本村,人工种植突尼斯软粒石榴(含种苗购置及种植）45703株，成活养护960项，网围栏9587m，给水工程1项：灌溉水管共10819m、蓄水池4个共180m³、取水器260套、控制阀28个,943.67,943.67,0,881.452615,881.452615,0,经营类,石榴,盘活,调整,否,,,,,,,,,,察空村已整体搬迁,是,确权资料,否,无需写,是
540425201912012,林芝市,察隅县,2019,察隅县上察隅镇本堆村茶叶种植项目,察隅县产业发展工作领导小组办公室,上察隅镇本堆村,土地平整133亩，新建蓄水池，购买茶苗，安装网围栏等附属设施,265.93,265.93,0,251.863632,251.863632,0,经营类,茶,升级,升级,是,委托运营,私企,察隅伟诚茶业有限责任公司,否,,,,,,,是,确权资料+50-1000万财评统计表,否,无需写,
540425201903001,林芝市,察隅县,2019,察隅县下察隅镇拉丁村生物有机肥厂建设项目,下察隅镇人民政府,下察隅拉丁村,生化有机肥厂：建筑装饰工程1206.96平方米，安装工程1206.96平方米；门卫宿舍楼：建筑工程45.1平方米，安装工程45.1平方米；附属工程：通透式围墙316米，新建大门1座，室外电气工程1项，室外给排水工程1项，设备购置等,306,306,0,295.333946,295.333946,0,经营类,饲料,升级,升级,否,,,,,,,,,,,是,确权资料,否,无需写,
540425201912013,林芝市,察隅县,2019,察隅县上察隅镇本堆村函部茶叶种植项目,察隅县扶贫开发办公室,上察隅镇本堆村,土地平整103目，新建蓄水池，购买茶苗，安装网围栏等附属设施,205.93,205.93,0,185.694216,185.694216,0,经营类,茶,升级,升级,否,,,,,,,,,,,是,确权资料+50-1000万财评统计表,否,无需写,
540425201919025,林芝市,察隅县,2019,察隅县就业创业孵化基地维修改造工程,县人力资源和社会保障局,察隅县,"新建轻质隔墙141.4㎡，乳胶漆内墙853.8㎡，乳胶漆顶棚407.3㎡，瓷砖内墙5.4㎡，新建台阶12.16㎡，安装工程454.5㎡，展览架5架，脚手架1项,拆除工程1项，门窗工程1项",50,50,0,45.3,45.3,0,公益类,其他,调整,,,,,,,,,,,,,是,确权资料+立项批复,否,无需写,
540425201916009,林芝市,察隅县,2019,察隅县易地扶贫集中安置点温室配套建设项目,县脱贫攻坚指挥部产业组,下察隅镇格巴村、卡地村等村,240平米温室大棚工程（共15栋），216平米温室大棚工程（共3栋），土石方工程、总平给排水工程,143.46,143.46,0,121.212634,121.212634,0,公益类,设施农业,升级,,是,委托运营,私企,西藏利隆农业有限公司,否,,,,,,目本村由西藏利隆农业有限公司运营、,是,确权资料,否,无需写,
540425201916010,林芝市,察隅县,2019,察隅县上察隅镇竹巴村温室大棚建设项目,上察隅镇人民政府,上察隅镇竹巴村,新建蔬菜温室大棚6栋，每栋240㎡,35.2,35.2,0,35.2,35.2,0,经营类,设施农业,升级,升级,是,委托运营,农户,吴芝云,否,,,,,,,是,确权资料,否,无需写,
540425201916011,林芝市,察隅县,2019,察隅县竹瓦根镇知美村、曲瓦村新建温室大棚项目,竹瓦根镇人民政府,竹瓦根镇知美村、曲瓦村,在知美村新建10座100平方米的钢架双膜结构温室大棚，在曲瓦村新建6座99平方米的钢架双膜结构温室大棚,58.4,58.4,0,58.4,58.4,0,到户类,设施农业,升级,,是,,,,,,,,,,,是,确权资料+项目资料,否,无需写,
540425201916012,林芝市,察隅县,2019,察隅县竹瓦根镇学尼村现代设施农业建设项目,察隅县农牧局,竹瓦根镇学尼村,联栋温室大棚：建筑装饰工程3499.32㎡，安装工程3499.32㎡，附属工程：通透式围墙455m，新建大门1座，新建硬化247.73㎡，种植土1项,750,750,0,742.0825,742.0825,0,经营类,设施农业,升级,巩固,是,委托运营,私企,察隅县牧丰绿色农业有限公司,否,,,23898.29,14,察隅县农业农村局​,,是,概批+50-1000万财评台账,否,无需写,
540425201917009,林芝市,察隅县,2019,察瓦龙乡扎恩村旅游民宿客栈建设项目,察瓦龙乡人民政府,察瓦龙乡扎恩村,客栈：建筑装饰工程196.71㎡，安装工程196.71㎡；附属工程：总平电气1项，总平给排水1项，大门工程1项，透视围墙1项及设备购置。,85,85,0,80.818207,80.818207,0,经营类,乡村旅游,升级,盘活,是,委托运营,个体工商户,孙玉聪,否,,,,,察隅县农业农村局,,否,立项+50-1000万台账,否,是,是
540425201917010,林芝市,察隅县,2019,察隅县察瓦龙乡梦扎村客栈建设项目,察瓦龙乡人民政府,察瓦龙乡梦扎村,建筑装饰工程686.76㎡，安装工程686.76㎡；附属工程：总体给排水工程1项，总体电器工程1项等内容,253.08,10,243.08,253.08,10,243.08,经营类,乡村旅游,升级,巩固,否,,,,,,,,,,已搬迁,否,立项批复，审定金额无，以批复金额确权,否,是,
540425201920020,林芝市,察隅县,2019,察隅县察瓦龙乡洪东村石榴种植项目,察瓦龙乡人民政府,察瓦龙乡洪东村,挖种植穴2750株，购买种苗2750株，基肥7吨，病虫害防治50亩，围栏、大门等3000米，保湿地膜2750米，蓄水池50立方米，取水口2立方米，PE75引水管2500米，PE50支管300米，32塑料软管900米。,60,60,0,55.241853,55.241853,0,经营类,石榴,调整,盘活,是,委托运营,个体工商户,江村,否,,,,,​察隅县农业农村局,,否,立项+50-1000万台账,是,是,是
540425201917011,林芝市,察隅县,2019,察隅县目若村农家旅游驿站建设项目,竹瓦根镇人民政府,竹瓦根镇目若村,车行道工程3133.8㎡，入户道路工程909㎡，路基土方工程1项，排水沟工程550m，垃圾收集池工程1座，路缘石工程1102m，排污工程1项，照明工程1项，给水工程1项,864.36,864.36,0,805.88,805.88,0,公益类,乡村旅游,升级,,否,,,,,,,,,,,否,立项+50-1000万台账+财评,否,是,
540425201912014,林芝市,察隅县,2019,察隅县产业扶贫竹巴村茶叶种植项目,察隅县扶贫开发投资有限公司,上察隅竹巴村,土地平整：土石方工程1项；灌溉工程：管道工程1项，取水口1座，100m3蓄水池1座；茶叶种植：第一次树苗种植424950株，第二次补苗70825株；附属工程：铁丝网围栏2834.83m，大门3座，道路破除及恢复8㎡，设备购置：购买及运输除草机2部，购买安装防虫灯12个，购买安装标识牌2个,360,240,120,360,240,120,经营类,茶,升级,盘活,是,委托运营,私企,察隅伟诚茶业有限责任公司,否,,,,,,,是,确权资料+50-1000万财评统计表,否,无需写,
540425201919026,林芝市,察隅县,2019,察隅县上察隅镇荣玉村花椒种植项目,上察隅镇人民政府,上察隅镇荣玉村,土地平整；灌溉工程：管道工程1项，取水口1座，10m3蓄水池1座；花椒种植：花椒种植6066株，购买、施有机肥18.2t；附属工程：铁丝网围栏786m，大门1座,70,59,11,70,59,11,经营类,其他,调整,调整,是,委托运营,农户,江安扎西,,,,,,,项目以由花椒改种果园、产值、产量以及收益不详，无法开展评估,否,立项批复+50-1000万台账（未注明审定金额）,否,是,是
540425202019027,林芝市,察隅县,2020,察隅县育肥饲料（青贮玉米）加工厂项目,察隅县农业农村局,下察隅镇巴安通村,饲料加工厂，建筑装饰工程725.24平方米，安装工程725.4平方米，附属工程及设备购置,150,150,0,141.610593,141.610593,0,经营类,饲料,升级,升级,是,,,,,,,,,,,是,确权资料+50-1000万财评统计表,否,无需写,
540425202012015,林芝市,察隅县,2020,察隅县上察隅镇荣玉村第二期茶叶种植项目,察隅县农业农村局,上察隅镇荣玉村,土地平整：土方清理150076.39m³，石方清理13985m³，场地平整699023.24m2，灌溉工程，管道工程1项，沉砂池1座，取水口1座，100m3蓄水池1座；茶叶种植：第一次茶苗种植2432636株，第二次茶苗补植419420株，防草布547154.36m2，反光膜151987.32m2，有机肥524.28t；附属设施：铁丝网围栏7684.07m，大门2座，标识牌1个,2403.91,2403.91,0,2286.39,2286.39,0,经营类,茶,升级,升级,是,委托运营,私企,西藏宏峰建筑工程有限公司,否,,,,,,,是,确权资料+超过1千万的财评台账（23年）,否,无需写,
540425202019028,林芝市,察隅县,2020,察隅县雪颠57啤酒厂改扩建项目,西藏自治区察隅县国有资产经营有限公司,竹瓦根镇嘎巴村,采购水处理系统一套、粉碎系统一套、啤酒糖化设备生产线一套、发酵系统一套等,380,380,0,379,379,0,经营类,商贸流通,巩固,升级,是,自主运营,国企,察隅县雪巅啤酒有限公司,否,,,0,11,察隅县国资委,,是,确权资料+50-1000万财评统计表,否,无需写,
540425202020021,林芝市,察隅县,2020,察隅县察瓦龙乡珠拉村石榴种植项目,察隅县农业农村局,察瓦龙乡珠拉村,"种植工程，石榴种苗1454株，种植费32.3亩，有机肥1454株，病虫害防治32.3亩，人工修枝及管护32.3亩，保水剂32.3亩，蓄水池工程2座，灌溉支水管588.7m（PE,DN60），灌溉毛管541.13m（PE,DN13），控制阀门16个，网围栏906.21m。",43,43,0,43,43,0,经营类,石榴,调整,盘活,是,,,,,,,,,,,是,确权资料,是,无需写,是
540425202020022,林芝市,察隅县,2020,察隅县察瓦龙乡阿丙村石榴种植项目,察隅县农业农村局,察瓦龙乡阿丙村,种植工程，石榴种苗6469株，种植费125亩，有机肥5625株，病虫害防治125亩，人工修枝及管护125亩，保水剂125亩，主水管299.18m（PE-DN110），灌溉支水管815.04m（PE-DN60），灌溉毛管16320.17m（PE-DN13），滴头5625个，控制阀门4个，网围栏1122.13m,163,163,0,163,163,0,经营类,石榴,调整,盘活,否,,,,否,,,,,察隅县农业农村局,确权表主体是察瓦龙乡人民政府,是,确权资料+50-1000万财评统计表,否,无需写,是
540425202020023,林芝市,察隅县,2020,察隅县察瓦龙乡龙布村石榴种植项目,察隅县农业农村局,察瓦龙乡龙布村,"种植工程，石榴种苗12420株，种植费240亩，有机肥10800株，病虫害防治240亩，人工修枝及管护240亩，保水剂240亩，蓄水池工程2座，主水管1957.75m（PE,DN110），灌溉支水管1719.76m（PE,DN60），灌溉毛管4300.07m（PE,DN13），控制阀门60个，网围栏4271.4m。",312,312,0,312,312,0,经营类,石榴,调整,盘活,否,,,,否,,,,,察隅县农业农村局,确权表主体是察瓦龙乡人民政府,是,审定金额来源于确权资料和统计表,是,无需写,是
540425202020024,林芝市,察隅县,2020,古拉乡安巴村石榴种植项目,古拉乡人民政府,古拉乡安巴村,种植工程：管道工程1项，闸阀井5套，蓄水池3座，网围栏1998m，石榴种植1项；临时工程：临时工程1项。,137,137,0,133.6574,133.6574,0,经营类,石榴,调整,调整,否,,,,,,,,,,,是,确权资料,是,无需写,是
540425202012016,林芝市,察隅县,2020,察隅县下察隅镇松古村茶叶种植项目,县农业农村局,下察隅镇松古村,土地平整：土方清理13844.69m³，石方清理11610m³，场地平整357492.358m2，灌溉工程，管道工程1项，沉砂池3座，取水口3座，50m3蓄水池1座，25m3蓄水池2座；茶叶种植：第一次茶苗种植1833264株，第二次茶苗补植316080株，防草布412342.25m2，反光膜90833.48m2，有机肥395.11t；附属设施：铁丝网围栏8517.58m，大门3座，标识牌3个,1431,1431,0,1431,1431,0,经营类,茶,升级,升级,是,,,,,,,,,,,是,确权资料,否,无需写,
540425202021002,林芝市,察隅县,2020,察隅县察瓦龙乡龙布村羊肚菌种植项目,察瓦龙乡人民政府,察瓦龙乡龙布村,种植羊肚菌40亩，并配套灌溉、围栏等附属设施,50,50,0,50,50,0,经营类,菌类,升级,调整,否,,,,,,,,,,,是,确权资料,否,无需写,是
540425202019029,林芝市,察隅县,2020,察隅县察瓦龙乡龙布村灵芝种植项目,察瓦龙乡人民政府,察瓦龙乡龙布村,种植灵芝菌8亩，并配套灌溉、围栏等附属设施,50,50,0,50,50,0,经营类,菌类,升级,调整,否,,,,,,,,,,,是,确权资料,否,无需写,是
540425202012017,林芝市,察隅县,2020,察隅县上察隅镇松林村茶叶种植项目,察隅县农业农村局,上察隅镇松林村,土地平整：土方清理5113.18m³，石方清理6000m³，场地平整196025.72m2；灌溉工程：管道工程1项，沉砂池2座，取水口2座，25m3蓄水池1座，50m3蓄水池1座；茶叶种植：第一次茶苗种植682150株，第二次茶苗补植117612株，防草布153430.8m2，反光膜42619.65m2，有机肥147.02t，附属设施：铁丝网围栏3969.32m，大门2座，标识牌2个。,569,569,0,562.021472,562.021472,0,经营类,茶,升级,升级,是,委托运营,私企,西藏朝发润物农业开发有限公司,否,,,,,,,是,确权资料+50-1000万财评统计表,否,无需写,
540425202019030,林芝市,察隅县,2020,察隅县下察隅镇京都村柑橘项目,察隅县扶贫开发办公室,下察隅京都村,购买京都村柑桔地120亩地面附着物以及152亩新建网围栏、灌溉管道工程、追肥等配套附属设施。,60,60,0,59.36,59.36,0,经营类,其他,调整,升级,是,委托运营,私企,察隅县兴农猕猴桃有限公司,否,,,314545,,察隅县农业农村局​,,是,确权资料+50-1000万财评统计表,否,无需写,
540425202020025,林芝市,察隅县,2020,察隅县察瓦龙乡阿丙村软籽石榴种植项目二期,察隅县农业农村局,察瓦龙乡阿丙村,种植石榴222.5亩，并配套附属设施,316.99,316.99,0,316.99,316.99,0,经营类,石榴,调整,盘活,是,,,,,,,,,,,是,审定金额来源于确权资料和统计表,否,无需写,是
540425202020026,林芝市,察隅县,2020,察隅县察瓦龙乡拉卡村软籽石榴种植项目,察隅县农业农村局,察瓦龙乡拉卡村,种植石榴110.4亩，并配套附属设施,166,166,0,166,166,0,经营类,石榴,调整,调整,否,,,,,,,,,,已搬迁,是,确权资料+50-1000万财评统计表,否,无需写,是
540425202020027,林芝市,察隅县,2020,察隅县察瓦龙乡龙普村软籽石榴种植项目,察隅县农业农村局,察瓦龙乡龙普村,种植石榴300亩，灌溉工程2885M，并配套附属设施,391.07,391.07,0,391.07,391.07,0,经营类,石榴,调整,盘活,是,,,,,,,,,,,是,确权资料+立项批复,是,无需写,是
540425202020028,林芝市,察隅县,2020,察隅县察瓦龙乡昌西村软籽石榴种植项目,察隅县农业农村局,察瓦龙乡龙普村,种植石榴120亩，并配套附属设施,173.64,173.64,0,173.64,173.64,0,经营类,石榴,调整,盘活,是,,,,,,,,,,,是,确权资料,是,无需写,是
540425202017012,林芝市,察隅县,2020,察隅县察瓦龙乡旅游特色村镇建设项目,县文化和旅游局,察瓦龙乡,接待中心：建筑装饰工程53.88m²，安装工程53.88m²；2#楼餐厅：建筑装饰工程184.86m²，安装工程184.86m²；3#楼客栈：建筑装饰工程151.68m²，安装工程151.68m²，附属工程：室外电气工程1项，室外给排水工程1项，引水工程3023.78m，新建汤池6座，场地硬化工程227.04m2，园林绿化576.91m2，休息石桌椅6套，大门石墩2套，围墙工程132.52m，栏杆工程66.15m，帐篷承台1项；设备及工器具购置：空气能热源泵1台，家具、帐篷、遮阳座椅1项,500,500,0,491.996635,491.996635,0,经营类,乡村旅游,升级,巩固,是,委托运营,个体工商户,珠格,否,,,,,察隅县文化和旅游局,,是,确权资料+50-1000万财评统计表,是,无需写,
540425202012018,林芝市,察隅县,2020,察隅县上察隅镇格拥村茶叶种植项目,察隅县农业农村局,上察隅镇格拥村,土地平整：土方清理2557.8m3，石方清理1200m3，场地平整81109㎡；灌溉工程：管道工程1项，沉砂池1座，取水口1座，50m3蓄水池1座；茶叶种植：第一次茶树种植351086株，第二次茶树种植60552株，防草布78993.2㎡，反光膜21942.6㎡，有机肥75.7t；附属设施：铁丝网围栏2900m，大门3座，标识牌1个,305.85,305.85,0,295.120467,295.120467,0,经营类,茶,升级,盘活,,,,,,,,,,,,是,确权资料+50-1000万财评统计表,否,无需写,
540425202012029,林芝市,察隅县,2020,察隅县上察隅镇米古村第二期茶叶种植项目,察隅县农业农村局,上察隅米古村,土石方工程1项，灌溉工程1项，茶苗种植工程：茶树种植160208株，防草布30835.19m2，反光膜8637.6m2，有机肥29.45t，附属工程：铁丝围栏1520m，大门1座，标识牌1个,113.07,113.07,0,104.330065,104.330065,0,经营类,茶,升级,升级,是,,,,,,,,,,,是,确权资料+50-1000万财评统计表,否,无需写,
540425202012020,林芝市,察隅县,2020,察隅县下察隅镇卡地村第二期茶叶种植项目,察隅县农业农村局,下察隅卡地村,土石方工程：场地平整39768m2，土方工程1385.52m3，石方清理900m3；灌溉工程：管道工程1项，25m³蓄水池1座，取水口1座，沉砂池1座；茶叶种植：第一次茶苗种植184832株，第二次茶苗补植31868株，防草布41772.9m2，反光膜11749m2，有机肥39.8t；附属设施：铁丝围栏1051.45m，大门1座，石头围墙700m，标识牌1个,183.24,183.24,0,176.380201,176.380201,0,经营类,茶,升级,升级,是,自主运营,农村集体经济组织,西藏自治区林芝市察隅县下察隅镇卡地村股份经济合作社,否,,,,,,,是,确权资料+50-1000万财评统计表,是,无需写,
540425202004005,林芝市,察隅县,2020,察隅县竹瓦根镇高寒牧区高产养殖项目,竹瓦根镇人民政府,竹瓦根镇嘎达村,牛棚：建筑装饰工程600.16m2，安装工程600.16m2，隔离牛舍：建筑装饰工程37.84m2，安装工程37.84m2，宿舍兼消毒室：建筑装饰工程58.96m2，安装工程58.96m2，附属工程：新建消毒池1座，新建网围栏323.57米，总平电气1项，总平给排水1项，土石方工程1项，设备及工器具购置：牦牛75头，母牛10头，种牛5头，饲草料1项，干饲料1项；防疫费1项；饲料粉碎机1台,254.46,254.46,0,247.929484,247.929484,0,经营类,牦牛,盘活,盘活,是,委托运营,私企,西藏察鑫农业科技有限公司,否,,,,,察隅县农业农村局​,,是,确权资料+50-1000万财评统计表,否,无需写,是
540425202020029,林芝市,察隅县,2020,察隅县察瓦龙乡扎那村软籽石榴种植项目,察瓦龙乡人民政府,察瓦龙扎那村,种植石榴98亩，并配套附属设施,140,140,0,125.370018,125.370018,0,经营类,石榴,调整,盘活,是,,,,,,,,,,立项批复和确权申报主体:察隅县农业农村局,是,确权资料+50-1000万财评统计表,是,无需写,是
540425202112021,林芝市,察隅县,2021,察隅县上察隅镇荣玉村茶叶粗加工坊建设项目,察隅县农业农村局,上察隅荣玉村,茶叶粗加工厂房：建筑装饰工程725.23m2，安装工程725.23m2；门卫室：建筑装饰工程53.04m2，安装工程53.04m2；附属工程：新建围墙144.60m，硬化工程637.32m2，停车位画线1.00项，绿化工程816.04m2，总体给排水工程1.00项，总体电气工程1.00项,300,300,0,263.240156,263.240156,0,经营类,茶,升级,升级,是,委托运营,私企,察隅县百振茶叶有限公司,,,,,,,,是,确权资料+50-1000万财评统计表,否,无需写,
540425202112022,林芝市,察隅县,2021,察隅县下察隅镇松古村茶叶粗加工坊建设项目,察隅县农业农村局,下察隅镇松古村,茶叶加工厂房：建筑装饰工程725.23m2，安装工程725.23m2；门卫室：建筑装饰工程53.04m2，安装工程53.04m2；附属工程：通透式围墙116.66m，硬化面积1100.51m2，停车位1.00项，绿化面积816.32m2，给排水工程1.00项，电气工程1.00项,300,300,0,289.795688,289.795688,0,经营类,茶,升级,升级,是,,,,,,,,,,,是,确权资料,否,无需写,
540425202120030,林芝市,察隅县,2021,察隅县古拉乡安巴村软籽石榴种植项目二期,察隅县农业农村局,古拉乡安巴村,种植石榴255亩，并配套附属设施,360,360,0,333.259224,333.259224,0,经营类,石榴,调整,调整,否,,,,,,,,,,,是,确权资料,是,无需写,是
540425202112023,林芝市,察隅县,2021,察隅县茶叶园区茶叶生产基地二期工程建设项目,察隅县农业农村局,下察隅镇,建设规模及工程内容，办公住宿综合楼:建筑装饰工程3029.42㎡，安装工程3029.42㎡;茶叶加工厂:建筑装饰工程2298.27㎡，安装工程2298.27㎡;库房办公室:建筑装饰工程1360.30㎡，安装工程1360.30㎡;设备用房(含消防水池):建筑装饰工程543.90㎡，安装工程543.90㎡;附属工程:挡墙114m，路沿石1303.88m，混凝土硬化工程6849.15㎡，总平电气工程1项，总平给排水工程1项。,2900.53,2900.53,0,2591.14,2591.14,0,经营类,茶,升级,升级,是,,,,,,,,,,,否,立项批复+超过1千万的财评台账（23年）,否,是,
540425202120031,林芝市,察隅县,2021,察隅县察瓦龙乡原岗藏村石榴种植项目,察隅县乡村振兴局,察瓦龙原岗藏村,种植石榴60亩，新建蓄水池、灌溉管渠、网围栏等附属设施。,110.08,110.08,0,102.675876,102.675876,0,经营类,石榴,调整,盘活,否,,,,,,,,,,已搬迁,否,立项+50-1000万台账,是,是,是
540425202120032,林芝市,察隅县,2021,察隅县古拉乡俄库组石榴种植项目,察隅县扶贫开发办公室,古拉则巴村,土地平整52.01亩，100m³蓄水池1座，喷灌系统1项，苗木种植2692株，网围栏2199m，阀门井6座等附属设施,114,114,0,108.951623,108.951623,0,经营类,石榴,调整,调整,否,,,,,,,,,,整体搬迁，尚未移交村集体。底稿资料已写,否,立项+50-1000万台账,是,是,是
540425202120033,林芝市,察隅县,2021,察隅县古拉乡日托村石榴种植项目,察隅县乡村振兴局,古拉日托村,种植石榴30亩，新建蓄水池、灌溉管渠、网围栏等附属设施。,44.98,44.98,0,44.98,44.98,0,经营类,石榴,调整,调整,否,,,,,,,,,,尚未移交，未实际经营,否,项目资料,是,是,是
540425202116013,林芝市,察隅县,2021,察隅县竹瓦根镇城郊蔬菜种植项目,察隅县农业农村局,竹瓦根镇学尼村,温室大棚：建筑装饰工程2042.48㎡，安装工程2042.48㎡；附属工程：围墙工程（含大门）308.9m，有机营养土+营养液1项，土石方工程1项，总体电气工程1项，总体给排水工程1项。,383.78,383.78,0,371.559052,371.559052,0,经营类,设施农业,升级,升级,是,委托运营,私企,察隅县牧丰绿色农业有限公司,否,,,17923.71,10,察隅县农业农村局​,底稿资料已写,否,立项+50-1000万台账,否,是,
540425202116014,林芝市,察隅县,2021,察隅县察瓦龙乡城郊蔬菜种植项目,察隅县乡村振兴局,察瓦龙乡邓许村,360m³大棚3座，装饰工程1080㎡，安装工程1080㎡；296m³大棚2座，装饰工程592㎡，安装工程592㎡；240m³大棚9座，装饰工程2160㎡，安装工程2160㎡；216m³大棚6座，装饰工程1296㎡，安装工程1296㎡；168m³大棚1座，装饰工程168㎡，安装工程168㎡；等附属设施。,212,212,0,205.462561,205.462561,0,经营类,设施农业,升级,盘活,是,,,,,,,,,,,否,立项+50-1000万台账,否,是,是
540425202120034,林芝市,察隅县,2021,察隅县察瓦龙乡大流沙石榴种植项目,察隅县乡村振兴局,察瓦龙扎那村,种植石榴120亩，新建蓄水池、灌溉管渠、网围栏等附属设施。并引进专业人才进行察瓦龙乡全乡石榴的技术指导,201,201,0,201,201,0,经营类,石榴,调整,盘活,否,,,,,,,,,察隅县农业农村局,,否,立项批复+还未财评,否,是,是
540425202120035,林芝市,察隅县,2021,察隅县察瓦龙乡阿丙村石榴种植项目三期,察隅县扶贫开发办公室,察瓦龙阿丙村,土地平整72.07亩，100m³蓄水池1座，喷灌系统1项，苗木种植3730株，网围栏2109m，阀门井7座等附属设施,146,146,0,129.932827,129.932827,0,经营类,石榴,调整,盘活,否,,,,否,,,,,,,否,概批+50-1000万财评台账,否,是,是
540425202117013,林芝市,察隅县,2021,察隅县下察隅镇夏尼村旅游配套设施建设项目,察隅县乡村振兴局,下察隅镇夏尼村,修建停车场1个、门牌标识5个附属设施。,45,45,0,45,45,0,公益类,乡村旅游,升级,,是,,,,,,,,,察隅县农业农村局​,,否,立项批复,否,是,
540425202115004,林芝市,察隅县,2021,察隅县下察隅镇夏尼村猕猴桃园提升项目,察隅县乡村振兴局,下察隅镇夏尼村,在猕猴桃园铺设宽0.6米、长600米石板，并对360亩猕猴桃园施有机肥（每亩1吨）。,65.52,65.52,0,65.475,65.475,0,公益类,猕猴桃,巩固,,是,,,,,,,,,察隅县农业农村局​,,否,,否,是,
540425202120036,林芝市,察隅县,2021,察隅县察瓦龙乡松塔村石榴提升项目,察隅县乡村振兴局,察瓦龙松塔村,建筑安装工程:管道工程1.00沉砂池4.00座，m³蓄水池1.00座，m³蓄水池1.00座，有机肥128.20t。,189.05,189.05,0,185.29849,185.29849,0,公益类,石榴,升级,,是,,,,,,,,,,,否,财评,否,是,
540425202119031,林芝市,察隅县,2021,察隅县下察隅镇布巴村、沙玛村产业提升项目,察隅县乡村振兴局,下察隅镇布巴村、沙玛村,计划对布巴村370亩猕猴桃、30亩石榴及沙玛村370亩枇杷和280亩石榴施加有机肥（每亩1吨）。,157.5,157.5,0,157.4,157.4,0,公益类,其他,调整,,否,,,,,,,,,,,否,项目资料,否,是,
540425202115005,林芝市,察隅县,2021,察隅县下察隅镇布巴村猕猴桃园提升项目,察隅县乡村振兴局,下察隅镇布巴村,计划修建产业园道路429米及三相电接入。,75,75,0,71.78243,71.78243,0,公益类,猕猴桃,巩固,,是,,,,,,,,,,,否,立项+50-1000万台账,否,是,
540425202115006,林芝市,察隅县,2021,察隅县下察隅镇夏尼村猕猴桃种植项目,察隅县乡村振兴局,下察隅镇夏尼村,在夏尼村种植猕猴桃100亩，及灌溉、购置有机肥等附属设施。,229.48,229.48,0,229.48,229.48,0,经营类,猕猴桃,巩固,升级,是,委托运营,私企,察隅县兴农猕猴桃有限公司,是,,项目盈利时，按照合同约定向村集体分红,199534,,察隅县农业农村局​,,否,,否,是,
540425202117014,林芝市,察隅县,2021,察隅县竹瓦根镇学尼村旅游配套设施建设项目,察隅县乡村振兴局,竹瓦根镇学尼村,"村集体商超餐饮等经济用房:建筑装饰工程346.56㎡，安装工程346.56㎡;附属工程总体电气工程1.00项,总体给排水工程1.00项,硬化工程 25.59 ㎡,拆除工程228.75㎡,市政土建工程1.00项,市政管网工程1.00项,园林绿化 0.00㎡",262.72,262.72,0,242.17359,242.17359,0,经营类,乡村旅游,升级,升级,是,委托运营,个体工商户,彭琼玲,否,,,12348,,察隅县文化和旅游局,,否,立项批复+财评,否,是,
540425202104006,林芝市,察隅县,2021,察隅县竹瓦根镇高寒牧区高产养殖项目二期,察隅县农业农村局,竹瓦根镇嘎达村,牛棚：建筑装饰工程982.83㎡，安装工程982.83㎡；隔离牛舍：建筑装饰工程39.15㎡安装工程39.15㎡；宿舍兼消毒室：建筑装饰工程60.75㎡，安装工程60.75㎡；饲料加工房：建筑装饰工程60.75㎡，安装工程60.75m2；附属工程：新建实体围墙443.82m，新建大门4.00座，总平电气工程1.00项，总平给排水工程1.00项。,394,394,0,383.326447,383.326447,0,经营类,牦牛,盘活,盘活,是,委托运营,私企,西藏察鑫农业科技有限公司,否,,,,,察隅县农业农村局​,,否,立项+50-1000万台账,是,是,是
540425202117015,林芝市,察隅县,2021,察隅县古玉乡罗马村宾馆（没有实施过）,古玉乡人民政府,古玉乡罗马村,修建家庭旅馆一座,400,400,0,400,400,0,经营类,乡村旅游,升级,调整,否,委托运营,个体工商户,王新华,否,,,,,察隅县文化和旅游局,,否,租赁合同,否,是,情况说明
540425202120037,林芝市,察隅县,2021,察隅县察瓦龙乡左布村石榴种植项目,察隅县察瓦龙乡人民政府,察瓦龙左布村,"种植工程，石榴种苗6277株，种植费121.3亩，有机肥5459株，病虫害防治121.3亩，人工修枝及管护121.3亩，保水剂121.3亩，蓄水池工程2座，主水管1967.57m（PE,DN110），灌溉支水管1039.25m（PE,DN60），灌溉毛管16109.74m（PE,DN13），滴头5459个，控制阀门8个，网围栏1987.52m，客土1200.98m3",240,240,0,233.977156,233.977156,0,经营类,石榴,调整,盘活,是,自主运营,农村集体经济组织,林芝市察隅县察瓦龙乡左布村股份经济合作社,否,,,,,察隅县农业农村局,,是,确权资料+50-1000万财评统计表,是,无需写,是
540425202217016,林芝市,察隅县,2022,察隅县察瓦龙乡特色旅游产业项目,察隅县乡村振兴局,察瓦龙乡集镇,"特色产业楼：建筑装饰工程5768.20㎡,安装工程5768.20㎡;附属工程：道路硬化工程323.38㎡,花岗岩铺装工程715.01㎡,绿化工程964.87㎡,土石方工程1项，总体给排水工程1项，总体电气工程1项。设备购置：电梯2.00部，500KVA箱变1.00座。",2450,2450,0,2450,2450,0,经营类,乡村旅游,升级,巩固,是,,,,,,,,,,,否,立项批复,否,是,
540425202219032,林芝市,察隅县,2022,察隅县下察隅镇冷链库建设项目,察隅县农业农村局,下察隅集镇,计划建筑面积5731.74㎡，其中1#冷藏库3892.36m³，2#冷冻库2186.87m³及其他附属设施等。,2300,2300,0,2214.01,2214.01,0,经营类,商贸流通,巩固,巩固,是,,,,,,,,,,,否,立项批复+1000万以上台账（24年）,否,是,
540425202219033,林芝市,察隅县,2022,察隅县察瓦龙乡冷链库建设项目,察隅县乡村振兴局,察瓦龙乡集镇、扎恩村,"冷链库:建筑装饰工程1830.06㎡,安装工程1830.06㎡;石榴仓库:建筑装饰工程45.36㎡，安装工程45.36㎡;物流仓库:建筑装饰工程503.12㎡，安装工程503.12㎡值班室:建筑装饰工程158.40㎡，安装工程158.40㎡;附属工程:土石方工程1项，挡墙工程1项，不锈钢伸缩门2套，围墙工程220m，原有围墙拆除及新建围墙工程24m，混凝土硬化工程2776.44㎡，混凝土硬化破除、恢复工程93.78㎡，减速带14m，截水沟22米，绿化工程1项，砖砌踏步1项，总体给排水工程1项总体电气工程1项。设备购置:冷链库设备购置1项，石榴仓库设备购置1项，400KVA变压器1台,高效双线机械选果机XGJ-JL型1套，冷链车1台，又车1台。",1200,1200,0,1154.024321,1154.024321,0,经营类,商贸流通,巩固,盘活,否,,,,,,,,,,,否,财评,是,是,是
540425202219035,林芝市,察隅县,2022,察隅县上、下察隅镇木耳种植项目,察隅县乡村振兴局,下察隅共同村、上察隅荣玉村,"温室大棚:建筑装饰工程1222.44㎡,安装装工程1222.44㎡;育菌室:建筑装饰工程124.22㎡，安装工程124.22m:包装同:建筑装饰工程131.68㎡，安装工程131.68㎡:大门:建筑装饰工程1.00项;附属工程:总平给排水工程1.00项土石方工程1.00项，总平电气工程1.00项。",183.9,183.9,0,178.858872,178.858872,0,经营类,菌类,升级,升级,是,委托运营,私企,淳安千岛湖正杰农业发展有限责任公司,否,,,,,​察隅县农业农村局,,否,立项批复+财评,是,是,
540425202212024,林芝市,察隅县,2022,察隅县巩固村搬迁配套茶叶种植项目,察隅县农业农村局,上察隅桑典村,"土地平整:土方清理2129.4m³,石方清理26764m³，场地平整330197.6m³，种植沟开挖10646.8m³，种植沟回填8519.44m³;种植工程:茶苗1337040株,防草布267383.24㎡,反光膜74275.05㎡,有机肥247.6t;种植辅助工程:灌溉工程1项，铁丝网围栏4723m，大门及标牌1项;",1040,1040,0,892.979847,892.979847,0,经营类,茶,升级,升级,是,自主运营,农村集体经济组织,西藏自治区林芝市察隅县上察隅镇桑典村股份经济合作社,,,,,,,"2024年村集体接收与管护，管护验收通过率为60%，未开始采摘,无法开展评估",否,财评,是,是,
540425202204008,林芝市,察隅县,2022,察隅县古玉乡巴依、玉和村犏牛养殖项目,察隅县乡村振兴局,古玉乡巴依村,"1#牛棚:建筑装饰工程982.83㎡安装工程982.83㎡;2#牛棚:建筑装饰工程982.83㎡，安装工程982.83m;3#牛棚:建筑装饰工程982.83m，安装工程982.83㎡犊牛舍:建筑装饰工程420.21㎡，安装工程420.21㎡;草料棚:建筑装饰工程263.61㎡，安装工程263.61㎡;消毒室兼管理用房:建筑装饰工程85.05㎡，安装工程85.05㎡;隔离牛舍:建筑装饰工程39.15㎡，安装工程39.15㎡;牛粪处理间:建筑装饰工程66.15㎡安装工程66.15㎡;总平附属工程:土石方工程1项，给排水工程1项,电气工程1项,混凝土道路850.63㎡,三合土活动区2361.76㎡，粪便处理区161.76㎡，新建围墙505.05m，铁围栏351.8m，2m高挡墙80m，新建大门3座。设备购置费:饲料粉碎机2台，室外箱变1项，饲草料1项，精饲料1项，仔牛(母)154头，母牛4头种牛8头，消毒设备1项，牛粪生物质燃料压块1项。",975.89,975.89,0,945.208976,945.208976,0,经营类,牦牛,盘活,盘活,是,委托运营,私企,西藏察鑫农业科技有限公司,否,,,,,察隅县农业农村局​,,否,财评+50-1000万台账,是,是,是
540425202215007,林芝市,察隅县,2022,察隅县2022年拉丁村搬迁配套猕猴桃种植项目,察隅县农业农村局,下察隅拉丁村,"猕猴桃种植配套工程：灌溉工程1项，立柱11499根，新建铁丝网围栏1585.4m,1.8mm钢丝262780m,砂砾石路面1890.42m²,表土清理19999.98m³(含树木砍伐及转运),种植土换填2589.62m³,标志标牌工程1座，大门2座，防草布26343.6m²,3.5米高太阳能杀虫灯10盏；猕猴桃工程：猕猴桃苗11989株，猕猴桃种植150亩，病虫害防治150亩，人工修枝及管护(三年)150亩，有机肥225吨。",454,454,0,454,454,0,经营类,猕猴桃,巩固,升级,是,委托运营,私企,西藏利隆农业有限公司,否,,,,,,2025年才挂果,否,立项批复+财评还未出,否,是,
540425202212025,林芝市,察隅县,2022,察隅县2022年本堆村搬迁配套茶叶种植项目,察隅县农业农村局,上察隅镇本堆村,土地平整工程1项，种植沟开挖，回填工程1项，管道工程1项，沉砂池1座，取水口1座，50立方米蓄水池1座；第一次茶叶种植724500株，第二次种植茶叶198080株，防草布164373.3平方米，反光膜45659.25平方米，有机肥157.5吨，铁丝网围栏2783.5米，大门2座，标识牌1个。该项目的实施可保证搬迁群众的产业发展，保证搬迁群众的产业收入。经营主体：本堆村搬迁点村委会；项目建成后可有效带动91户，418人实现增收。,558.73,558.73,0,558.73,558.73,0,经营类,茶,升级,升级,否,,,,,,,,,,,否,立项批复+50-1000万台账（未注明审定金额）,是,是,
540425202204009,林芝市,察隅县,2022,察隅县古玉乡犏牛养殖场配套设施项目,古玉乡人民政府,古玉乡,通电工程1项,100,100,0,94.24684,94.24684,0,公益类,牦牛,盘活,,否,,,,,,,,,察隅县农业农村局​,,否,确权资料+50-1000万台账+财评,否,是,
540425202321003,林芝市,察隅县,2023,察隅县下察隅镇卡地村林下菌类种植项目,察隅县农业农村局,下察隅卡地村,建设内容：管理用房：建筑装饰工程68.75㎡，安装工程68.75㎡;加工厂：建筑装饰工程542.8㎡，安装工程542.8㎡;室外附属工程：室外电气工程1项，室外给排水工程1项，照明工程10盏，场地平整1项，场地道硬化1386.3㎡，排水沟96.58m，护栏80.32m，1.5m高挡土墙80.32m，通透式围墙149.78m;供水工程：给水管道工程1项，100m³蓄水池1座；田间种植、灌溉工程：场地清表106667.99㎡，灌溉工程1项；其他工程：网围栏2949.32m，大门6座，简介标识牌3座。设备购置及安装：茯苓菌棒1884m³，茯苓菌种100000袋，不锈钢操作台1套，成品钢制货架30个，成品烘千设备40kw6套，监控终端设备1套。可行性、必要性：该项目的建设可有效带动察隅县林下菌类产业发展，促进农牧民增收；经营主体：下察隅镇人民政府；效益分析：项目建成后可有效带动48户，266人实现增收。,824.26,824.26,0,759.384732,759.384732,0,经营类,菌类,升级,调整,是,自主运营,农村集体经济组织,西藏自治区林芝市察隅县下察隅镇卡地村股份经济合作社,是,,,,,,,否,立项批复+财评,是,是,
540425202321004,林芝市,察隅县,2023,察隅县上察隅镇布宗村林下菌类种植项目,察隅县农业农村局,上察隅镇布宗村,建设内容：田间种植、灌溉工程：场地清表14540m³，灌溉工程1项，200m³蓄水池1座，取水口1座，过滤池1座；附属工程：网围栏2972.27m，大门11座，简介标识牌4个，机耕道5681.04㎡，盖板沟5米；设备购置及安装：木耳菌包387831袋。可行性、必要性：该项目的建设可有效带动察隅县林下菌类产业发展，促进农牧民增收。经营主体：上察隅镇人民政府；效益分析：项目建成后可有效带动26户，142人实现增收。,777.72,777.72,0,703.055879,703.055879,0,经营类,菌类,升级,升级,是,委托运营,私企,西藏上诚健康产业股份有限公司,否,,,,,,因经营主体财务数据不健全等原因无法开展评估,否,立项批复+财评,否,是,
540425202315008,林芝市,察隅县,2023,察隅县下察隅镇沙琼村、洞冲村入股猕猴桃基地项目,中共察隅县委组织部,下察隅镇沙琼村、洞冲村,项目计划将资金入股华源佳隅农业科技技术开发有限公司（目前该公司拥有猕猴桃种植园1500亩，年亩产猕猴桃2500斤，可实现产值3750万元/年，带动周边群众务工收入近200万元，土地流转费用200万元以上），基地在保证70万元/村本金不损失的情况下，每年按照扶持资金的5%向入股村集体分红，为2个村每年集体增收共7万元。同时，如果出现撤股情况，村集体保证将70万元本金继续用于村集体经济建设。,140,140,0,140,140,0,经营类,猕猴桃,巩固,巩固,是,委托运营,私企,林芝华源佳隅农业科技开发有限公司,否,,,,,察隅县农业农村局​,,否,项目资料（用多少批多少，无需财评）,否,是,
540425202316016,林芝市,察隅县,2023,察隅县农产品加工产业园项目,察隅县农业农村局,察隅县,修建啤酒、自来水加工厂房、成品仓库、原料仓库、综合楼、配套用房、公厕、水电工程、绿化硬化等，建筑面积7550.34㎡。,4700,4700,0,4408.470034,4408.470034,0,经营类,设施农业,升级,升级,是,,,,,,,,,,,否,立项批复，项目资料,否,是,
540425201919037,林芝市,察隅县,2019,察隅县察瓦龙乡经济林种植基地建设项目,察瓦龙乡人民政府,察瓦龙乡,种植核桃900亩、石榴700亩,1530,1530,0,1529.925959,1529.925959,0,经营类,核桃、石榴,调整,调整,是,,,,,,,,,,,否,察隅县林草局提供了资料,否,是,是
540425202007021,林芝市,察隅县,2020,察隅县上察隅镇、下察隅镇村仔猪养殖项目,察隅县农业农村局,二镇所有行政村,为两镇的贫困户购置仔猪2048头。,380,380,0,380,380,0,到户类,猪,盘活,,,,,,,,,,,,,否,,否,是,
540425201917017,林芝市,察隅县,2019,察隅县古拉乡觉布如村家庭旅馆建设项目,察隅县扶贫开发办公室,古拉乡觉布如村,占地面积400平米，其中农家乐建筑面积310平米，绿化用地90平米，农家乐配套餐饮、住宿和便利商店。,62.49,60,2.49,62.49,60,2.49,经营类,乡村旅游,升级,调整,否,,,,,,否,,,,已搬迁,是,确权资料,否,无需写,是
540425202216017,林芝市,察隅县,2022,察隅县下察隅镇沙玛村枇杷种植水肥一体化项目,察隅县林业和草原局,下察隅镇沙玛村,"饮水灌溉工程：滴灌供水管1.00项 ,集水池1.00项，沉砂池1.00项；附属工程：除草工程1项，室外总水1项，室外总电1项，标识标牌2个，铁艺大门1座，1.5米高挡墙20.6m，附属用房庭院1.5米高围墙51m，附属用房庭院大门1座，150厚水泥硬化地面226m2；设备用房1#：建筑装饰工程48.84m2，安装工程48.84m2；设备用房2#：建筑装饰工程48.84m2，安装工程48.84m2；附属用房：建筑装饰工程81.00m2，安装工程81.00m2；设备购置：柴油发电机2.00台，智能水肥一体机2.00台。",227,227,0,214.340226,214.340226,0,经营类,设施农业,升级,升级,是,委托运营,私企,林芝毛尖茶叶有限责任公司,否,,,,1000,察隅县农业农村局​,与察隅县茶叶产业项目（第二批）地点实施，枇杷茶叶套种,否,立项+50-1000万台账,是,是,
540425202116018,林芝市,察隅县,2021,察隅县上察隅镇布宗村温室大棚建设项目,察隅县上察隅镇人民政府,上察隅镇布宗村,温室大棚：建筑装饰工程1320.00m2，安装工程1320.00m2。,26.37,26.37,0,26.37,26.37,0,公益类,设施农业,升级,,是,,,,,,,,,,,否,立项批复+50-1000万台账（未注明审定金额）,否,是,
540425202212029,林芝市,察隅县,2022,察隅县下察隅镇卡地村茶园提升改造建设项目,察隅县农业农村局,下察隅镇卡地村,水肥一体化用房：建筑装饰工程51.65m2，安装工程51.65m2；附属工程：智能溯源体系1项，室外电气工程1项，室外灌溉工程1项；景观工程：主大门1座，次大门1座，景观木屋1座，木栈道672m，金属围网643m，碎石道路2525m2，石材铺装273m2，种植工程1项，葡萄廊架30m，茶树补栽1项,415.88,415.88,0,402.644336,402.644336,0,公益类,茶,升级,,,,,,否,,,,,,,否,立项+50-1000万台账,是,是,
540425202016019,林芝市,察隅县,2020,察隅县拉丁村昌林养殖场建设项目,察隅县产业发展工作领导小组办公室,下察隅拉丁村,新建4座猪舍，及围墙500m等,120,120,0,120,120,0,经营类,猪,升级,升级,是,合作运营,私企,察隅县昌林养殖有限公司,是,,,,100,,,否,合同,否,是,
540425202012030,林芝市,察隅县,2020,察隅县下察隅镇松古村24道班茶叶种植项目,察隅县农业农村局,下察隅镇松古村,"土地平整:土方清理3688.90m³，石方清理2800.00m³，场地平整141418.80㎡;灌溉工程:管道工程1.00项，沉砂池1.00 座，取水口1.00 座，50m蓄水池 1.00 座;茶叶种植:第一次茶叶种植492119.00株，第二次茶叶种植(补植)84848.00株，防草布101460.48㎡，反光膜 30746.80㎡，有机肥106.06t;附属设施:铁丝网围栏 1830.40m,大门1.00座，标识牌1.00个",415.2,415.2,0,395.812157,395.812157,0,经营类,茶,升级,升级,是,,,,,,,,,,,否,其他资料+50-1000万台账,否,是,
54042520151938,林芝市,察隅县,2015,阿丙村家庭旅馆风格改造工程,察隅县察瓦龙乡人民政府,察瓦龙乡阿丙村,对阿丙村96户居民进行家庭旅馆的风格改造，为每户安装围布、顶灯、线路改造，进行墙面粉刷,28.8,28.8,0,28.8,28.8,0,公益类,其他,巩固,,,,,,,,,,,,,否,项目资料,是,是,
54042520161939,林芝市,察隅县,2016,察隅县机械购置项目,察隅县农业农村局,察隅县,购置农机具,179,179,0,179,179,0,到户类,其他,调整,,,,,,,,,,,,,否,,否,是,
54042520161940,林芝市,察隅县,2016,古拉乡贫困村微耕机购置,古拉乡人民政府,古拉乡,购买微耕机,55,55,0,55,55,0,到户类,其他,调整,,,,,,,,,,,,,否,,否,是,
54042520171941,林芝市,察隅县,2017,察隅县察瓦龙乡微耕机购置项目,察瓦龙乡人民政府,察瓦龙乡,为察瓦龙乡购置常柴188微耕机336台，配套犁、深耕刀和500-12轮胎,150.024,150.024,0,150.024,150.024,0,到户类,其他,调整,,,,,,,,,,,,确权申报主体是察隅县扶贫开发办公室,是,确权资料,否,无需写,
54042520191942,林芝市,察隅县,2019,察隅县上察隅镇农业机械采购项目,上察隅镇人民政府,上察隅镇,以村集体、双联户或贫困户为单位，采购微耕机、收割机、脱粒机等农机具,99.61,99.61,0,99.61,99.61,0,到户类,其他,调整,,,,,,,,,,,,,是,确权资料,否,无需写,
54042520191943,林芝市,察隅县,2019,察隅县竹瓦根镇农业机械采购项目,竹瓦根镇人民政府,竹瓦根镇,以村集体、双联户或贫困户为单位，采购微耕机、收割机、脱粒机等农机具,97.21,97.21,0,97.1505,97.1505,0,到户类,其他,调整,,,,,,,,,,,,,是,确权资料+50-1000万财评统计表（没有审定金额）,否,无需写,
54042520191944,林芝市,察隅县,2019,察隅县察瓦龙乡农业机械采购项目,察瓦龙乡人民政府,察瓦龙乡,以村集体、双联户或贫困户为单位，采购微耕机、收割机、脱粒机等农机具,95.526,95.526,0,95.526,95.526,0,到户类,其他,调整,,,,,,,,,,,,,是,确权资料,否,无需写,
54042520191945,林芝市,察隅县,2019,察隅县古拉乡农业机械采购项目,古拉乡人民政府,古拉乡,以村集体、双联户或贫困户为单位，采购微耕机、收割机、脱粒机等农机具,94.5,94.5,0,94.5,94.5,0,到户类,其他,调整,,,,,,,,,,,,,是,确权资料,否,无需写,
54042520191946,林芝市,察隅县,2019,察隅县古玉乡农业机械采购项目,古玉乡人民政府,古玉乡,以村集体、双联户或贫困户为单位，采购微耕机、收割机、脱粒机等农机具,99.96,99.96,0,99.96,99.96,0,到户类,其他,调整,,,,,,,,,,,,,是,确权资料,否,无需写,
54042520191947,林芝市,察隅县,2019,察隅县2019年高标准农田建设项目,察隅县农业农村局,察隅县,在布宗村：田间整治工程252亩；桑久村：田间整治工程426亩；桑久村珠组：田间整治工程90亩；桑久村加达组：田间整治工程94亩；；龙古村：田间整治工程248亩；目若村：田间整治工程223亩；曲瓦村：田间整治工程164亩；日东村：田间整治工程192亩；日东之推组：田间整治工程178亩；知美村：田间整治工程：670亩；雄久村：田间整治工程23亩；雄久村达巴组：田间整治工程250亩；雄久村西拖拉卡组：田间整治工程：307亩；罗马村：田间整治工程320亩；机耕道工程：空档村然巴组：田间整治工程92亩；空档村色巴组，田间整治工程325亩；空档村：田间整治工程446亩；邓许存邓许组：田间整治工程17亩；机耕道工程430米；邓许村熊组：田间整治工程45亩；邓许村共同组：田间整治工程120亩；龙普存：田间整治工程415亩；前中瓦村：田间整治工程600亩；沙布村：田间整治工程273亩；玉和村布玉组：田间整治工程273亩；玉和村达达组：田间整治工程290亩等,1304.02,1304.02,0,1184.286978,1184.286978,0,公益类,其他,调整,,,,,,,,,,,,,否,立项批复+1000万以上台账（22年）,否,是,
54042520161948,林芝市,察隅县,2016,察隅县生态旅游规划及开发,文化和旅游局,察隅县,邀请专业机构进行整体及旅游发展规划。编制上察隅镇、下察隅镇总体规划和详细规划；援藏项目设计、地形图测量和地质灾害评估费用；察隅县援藏公寓维护等费用,450,450,0,450,450,0,公益类,其他,调整,,,,,,,,,,,,,否,数据统计来源于察隅县2015年援藏投资项目计划表（被审计单位文件夹，附件2：援藏项目）,否,是,
540425201720002,林芝市,察隅县,2017,察瓦龙乡昌西村突尼斯软籽石榴到户种植项目,察瓦龙乡人民政府,察瓦龙乡昌西村,种植197亩到户突尼斯软籽石榴其配套灌溉设施，肥料、农药及管护197亩,298.52,298.52,0,298.52,298.52,0,到户类,石榴,升级,,,,,,,,,,,,,否,立项批复+50-1000万财评统计表（没有审定金额）,是,是,
540425201720003,林芝市,察隅县,2017,察瓦龙乡阿丙村突尼斯软籽石榴到户种植项目,察瓦龙乡人民政府,察瓦龙乡阿丙村,种植109亩到户突尼斯软籽石榴其配套灌溉设施，肥料、农药及管护109亩,176.6,176.6,0,176.6,176.6,0,到户类,石榴,升级,,,,,,,,,,,,,否,6个到户，是同一项目，没有审定金额，只有立项批复但是和台账不一致,是,是,
540425201720004,林芝市,察隅县,2017,察瓦龙乡龙布村突尼斯软籽石榴到户种植项目,察瓦龙乡人民政府,察瓦龙乡龙布村,种植32亩到户突尼斯软籽石榴其配套灌溉设施，肥料、农药及管护32亩,61.5242105263158,61.5242105263158,0,61.5242105263158,61.5242105263158,0,到户类,石榴,升级,,,,,,,,,,,,,否,6个到户，是同一项目，没有审定金额，只有立项批复但是和台账不一致,是,是,
540425201720005,林芝市,察隅县,2017,察瓦龙乡曲珠村突尼斯软籽石榴到户种植项目,察瓦龙乡人民政府,察瓦龙乡曲珠村,种植6亩到户突尼斯软籽石榴其配套灌溉设施，肥料、农药及管护6亩,21.2857894736842,21.2857894736842,0,21.2857894736842,21.2857894736842,0,到户类,石榴,升级,,,,,,,,,,,,,否,6个到户，是同一项目，没有审定金额，只有立项批复但是和台账不一致,是,是,
540425201720006,林芝市,察隅县,2017,察瓦龙乡松塔村突尼斯软籽石榴到户种植项目,察瓦龙乡人民政府,察瓦龙乡松塔村,种植126亩到户突尼斯软籽石榴其配套灌溉设施，肥料、农药及管护126亩,194.88,194.88,0,194.88,194.88,0,到户类,石榴,升级,,,,,,,,,,,,,否,6个到户，是同一项目，没有审定金额，只有立项批复但是和台账不一致,是,是,
540425201720007,林芝市,察隅县,2017,察瓦龙乡扎恩村突尼斯软籽石榴到户种植项目,察瓦龙乡人民政府,察瓦龙乡扎恩村,种植到户突尼斯软籽石榴其配套灌溉设施，肥料、农药及管护,304.06,304.06,0,304.06,304.06,0,到户类,石榴,升级,,,,,,,,,,,,,否,6个到户，是同一项目，没有审定金额，只有立项批复但是和台账不一致,是,是,
540425201817007,林芝市,察隅县,2018,察隅县察瓦龙乡松塔民俗客栈建设项目,察瓦龙乡人民政府,察瓦龙乡松塔村,装修装饰松塔民俗客栈,53.75,53.75,0,53.75,53.75,0,经营类,乡村旅游,升级,巩固,是,委托运营,个人,,否,,,,,察隅县文化和旅游局,,否,立项+50-1000万台账,是,是,
540425202219034,林芝市,察隅县,2016,察隅县农贸市场综合改造项目,察隅县扶贫开发投资有限公司,竹瓦根镇,核定本工程概算总投资1375.76万元，其中建筑安装工程费1200.93万元，设备购置费29.1万元，工程其他费用85.27万元，基本预备费用60.46万元；察隅县农贸市场综合改造项目位于察隅县农贸市场，核定建设规模及工程内容为：建筑面积3973.89平方米。,1375.76,1375.76,0,1282.832953,1282.832953,0,经营类,商贸流通,巩固,巩固,是,自主运营,,,,,,,,,,是,确权资料+超过1千万的财评台账（21年）,否,无需写,
540425202219055,林芝市,察隅县,2016,察隅县下察隅镇精准扶贫商住楼项目,察隅县扶贫开发投资有限公司,竹瓦根镇,新建2457.5平米的商住楼及附属工程。,803.15,803.15,,755.204967,755.204967,,经营类,商贸流通,巩固,巩固,是,自主运营,,,,,,,,,,是,确权资料,否,无需写,
540425202119032,林芝市,察隅县,2017,察隅县察瓦龙乡、古拉乡扶贫庭院经济,察隅县农业农村局,察瓦龙乡、古拉乡,"柑橘4212株，共计113,724.00元，石榴10281株，共计462,645.00元，香梨10281株，共计18,941.00元，苹果7304株，共计204,512.00元，桃子2907株，共计90,117.00元，葡萄2755株，共计82,650.00元，核桃743株，共计22,020.00元。",105.04,105.04,,105.0427,105.0427,,到户类,其他,调整,,,,,,,,,,,,,是,审定金额来源于确权资料和统计表,否,无需写,
540425202219045,林芝市,察隅县,2017,察隅县异地扶贫产业项目,察隅县扶贫开发投资有限公司,林芝市巴宜区,购置商铺8068.46㎡。,7800,7800,,7800,7800,,经营类,商贸流通,巩固,巩固,是,自主运营,,,,,,,,,"巴宜区幸福小区对面，2017年10月16日09时30分在林芝市建设工程交易中心进行公开招标，确定林芝睿晟商贸有限公司为中标人；中标价为5,020,200.00元;中标内容：共购置商铺8068.46㎡（其中商贸城：3491.99㎡，幸福小区：4576.47㎡），商品房整体年租金为人民币5,020,200.00元，租金按年缴纳，每年为一期，两个月装修期免租金（自2017年11月3日至2018年1月2日），免租期到期后5个工作日内乙方应缴纳第一年度租金合计4,183,500.00元整。",是,确权资料,否,无需写,
540425201912010,林芝市,察隅县,2019,上察隅镇松林村茶叶种植项目（2019）,察隅县产业发展工作领导小组办公室,上察隅镇松林村,土地平整：土石方工程1项；2#地：管道工程1项，50m³蓄水池1座；茶叶种植：茶苗第一次种植402420株，茶苗第二次补种67070株，防草布58156㎡，反光膜31314㎡，铺干松叶枝9320㎡，有机肥67.07t，铁丝网围栏528.6m，大门1座，标识牌2块。,225.1,225.1,,220.820373,220.820373,,经营类,茶,升级,盘活,是,委托运营,私企,察隅伟诚茶业有限责任公司,否,,,,,,,否,立项+50-1000万台账,否,是,
540425201812031,林芝市,察隅县,2020,下察隅镇沙玛村茶叶种植项目,察隅县农业农村局,下察隅沙玛村,"土地平整：土方清理6964.99m³,石方清理15900m³,场地平整298543.48 m²;灌溉工程：管道工程1项，沉砂池1座，取水口1座；50m³蓄水池1座；茶叶种植：第一次茶苗种植1038896株，第二次茶苗补植179120株，防草布233671m²,反光膜64908.61m²,有机肥223.9t;附属设施：铁丝网围栏4988.71m,大门3座，标识牌3个",896,896,,813.381396,813.381396,,经营类,茶,升级,升级,否,,,,,,,,,,,否,19-25年台账（23年）有审定金额,否,是,
540425201812032,林芝市,察隅县,2022,察隅县下察隅镇嘎腰村茶叶种植项目（2022）,下察隅镇人民政府,下察隅嘎腰村,414亩茶苗茶园补植、附属设施完善及管护等,298.35,298.35,,298.35,298.35,,公益类,茶,升级,,,,,林芝毛尖茶叶有限责任公司,,,,,,,,否,合同,否,是,
540425201812035,林芝市,察隅县,2020,察隅县下察隅镇塔玛村等3个茶园提升改造项目,下察隅镇人民政府,下察隅镇塔玛村、宗古村、竹尼村,1797亩茶叶提升改造，土地平整、灌溉工程、茶苗种植、附属工程及三年管理,2858.577,2858.577,,2564.178154,2564.178154,,公益类,茶,升级,,,,,,,,,,,,,否,合同+超1千万财评（23年）,否,是,
540425201812036,林芝市,察隅县,2020,下察隅镇共同村等5个村茶园提升改造项目,下察隅镇人民政府,下察隅镇扎巴村、塔林村、自更村、共同村、沙琼村,3513亩茶叶提升改造，土地平整、灌溉工程、茶苗种植、附属工程及三年管理,5677.5288,5677.5288,,5537.962509,5537.962509,,公益类,茶,升级,,,,,,,,,,,,,否,合同+超1千万财评（23年）,否,是,
540425201812037,林芝市,察隅县,2020,察隅县下察隅镇扎巴村茶叶种植项目,察隅县农业农村局,下察隅镇扎巴村,土地平整及茶叶种植138.4亩、网围栏、大门等附属设施,210.95,210.95,,210.8829941,210.8829941,,经营类,茶,升级,升级,是,委托运营,私企,,,,,,,,,否,项目资料,否,是,
540425201812038,林芝市,察隅县,2022,下察隅镇嘎堆嘎美、新村茶叶种植项目,下察隅镇人民政府,下察隅镇新村、嘎堆嘎美村,788.46亩茶园茶苗补植、附属设施完善及管护等,491.15,491.15,,491.15,491.15,,公益类,茶,升级,,,,,,,,,,,,,否,合同,否,是,
540425201812039,林芝市,察隅县,2020,下察隅镇巴安通村茶叶种植项目,察隅县农业农村局,下察隅镇巴安通村,"土地平整：土方清理2995m³,石方清理1000m³,场地平整713085.95m²,种植沟开挖21392.64m³,种植沟回填18397.64m³;灌溉工程：取水口1座，沉砂池1座，100m³蓄水池1座；茶叶种植：第一次茶叶种植2481542株，第二次茶叶种植427852株，防革布558155m²,反光膜155043m²,有机肥534.82t,附属设施；铁丝网围栏8527.50m,大门2座，标识牌1个",1421.900617,1421.900617,,1389.229304,1389.229304,,经营类,茶,升级,升级,是,委托运营,私企,察隅县西典圣茗农业发展有限公司,,,,,,,,否,,否,是,
540425201812040,林芝市,察隅县,2022,察隅县拉丁村搬迁配套茶叶种植项目,察隅县农业农村局,下察隅仲萨村,"土地平整：土方清理2851.76m³,石方清理10512.50m³,场地平整292175m²,种植沟开挖9421.30m³,种植沟回填7537.04m³;种植工程：茶苗1183140株，防草布236508.90m²,反光膜65698.62m²,有机肥219.10t;种植辅助工程：灌溉工程1项，铁丝网围栏4914.40m,大门及标牌1项",774.19,774.19,,719.604937,719.604937,,经营类,茶,升级,升级,是,自主运营,农村集体经济组织,西藏自治区林芝市察隅县下察隅镇仲萨村股份经济合作社,,,,,,,,否,察隅县农业农村局,否,是,
540425201812043,林芝市,察隅县,2019,察隅县巩固村宗巴组茶叶种植项目,察隅县产业发展工作领导小组办公室,上察隅巩固村,"，新建铁丝围栏1435m,新建大门2座，喷灌工程1项，土方工程1项，标识牌2套，地面破除及恢复8m²;茶叶种植：茶苗第一次种植510750株，茶苗第二次补种85125株，防草布73811 m²,反光膜39744 m²,有机肥463190t",339.47,339.47,,334.197568,334.197568,,经营类,茶,升级,调整,否,,,,,,,,,,,否,项目资料,否,是,
540425201812044,林芝市,察隅县,2019,察隅县巩固村巩固组茶叶种植项目,察隅县产业发展工作领导小组办公室,上察隅巩固村,"新建铁丝围栏4720.4m,新建大门1座，100m³蓄水池1座，取水口1座，喷灌工程1项，场地清理1项，标识牌1套；第一次茶叶种植748290株，第二次补植249430株，防草布194652m²,反光膜104812m²,茶苗及相关采购，茶苗第一次种植748290株，茶苗第二次补种249430株，防草布194652 m²,反光膜104812m²,有机肥249.43t",668.75,668.75,,653.718776,653.718776,,经营类,茶,升级,盘活,是,自主运营,农村集体经济组织,西藏自治区林芝市察隅县上察隅镇巩固村股份经济合作社,,,,,,,,否,项目资料,否,是,
540425201812045,林芝市,察隅县,2022,察隅县上察隅镇竹龙巴搬迁配套茶叶种植项目,察隅县农业农村局,上察隅镇岗藏村,"土地平整：石方清理3500m³,场地平整170632.56 m²,种植沟开挖5503m³,植沟回填4403m³;灌溉工程：管道工程1项，50m³蓄水池1座，25m³蓄水池1座；茶叶种植：茶苗种植1项；附属设施：铁丝网围栏1905.12米，大门1座，标识牌1个",390.74,390.74,,385.626485,385.626485,,经营类,茶,升级,升级,是,自主运营,农村集体经济组织,西藏自治区林芝市察隅县上察隅镇岗藏村股份经济合作社,,,,,,,,否,19-25年台账（24年）有审定金额,否,是,
540425201812046,林芝市,察隅县,2019,察隅县上察隅镇西巴村茶叶种植项目,察隅县农业农村局,上察隅镇西巴村,土地平整1项，灌溉工程：管道工程1项，取水口3座，100m3蓄水池3座；茶叶种植：茶苗第一次种植1376520株，茶苗第二次补种458840株，防草布 358074㎡，反光膜192809㎡，有机肥458.84t；茶叶种植附属工程，铁丝网围栏3600.38m，大门3座，标识牌4块,1866,1866,,1866,1866,,经营类,茶,升级,盘活,否,,,,,,,,,,,否,项目资料,否,是,
540425201812047,林芝市,察隅县,2021,上察隅镇巩固村茶叶粗加工坊建设项目,察隅县农业农村局,上察隅巩固村,茶叶粗加工厂房：建筑装饰工程725.23㎡，安装工程725.23㎡；门卫室：建筑装饰工程53.04㎡，安装工程53.04㎡；附属工程：新建围墙147.50m，硬化工程363.69㎡，停车位画线1.00项，绿化工程530.66㎡，总体给排水工程1.00项，总体电气工程1.00项,294,294,,259.737267,259.737267,,经营类,茶,升级,升级,是,,,,,,,,,,,否,,否,是,
540425201812048,林芝市,察隅县,2019,察隅县上察隅镇米古村茶叶种植项目,察隅县产业发展工作领导小组办公室,上察隅米古村,土地平整：土石方工程1项；2＃地：管道工程1项，取水口1座，50m3蓄水池1座；茶叶种植：茶苗第一次种植182610株，茶苗第二次补种60870株，防草布47502㎡，反光膜25578㎡，有机肥60.87t；茶叶种植附属：铁丝网围栏3310m，标识牌2块,244.92,244.92,,234.747448,234.747448,,经营类,茶,升级,盘活,是,委托运营,私企,林芝毛尖茶叶有限责任公司,,,,,,,,否,19-25年台账（20年）有审定金额,否,是,
540425201812049,林芝市,察隅县,2019,察隅县竹瓦根镇巴嘎村茶叶种植项目,察隅县农业农村局,竹瓦根镇巴嘎村,"种苗1519800株：辅助材料：有机肥447000kg,遮阳膜92332m²,防草布205669m²;人工种植：清林、整地、起龚447亩，植苗、铺防草布、遮阳膜447亩；有害生物害防治：病虫(鼠)害防治447亩(3年);辅助工程：拦河坝1座，宣传牌1套，滴溉管网1项，输水管网1项，1#管桥1座，2#管桥1座，30m³蓄水池土建1座，40m³蓄水池土建1座",1004,1004,,921.038566,921.038566,,经营类,茶,升级,巩固,是,委托运营,私企,林芝毛尖茶叶有限责任公司,,,,,,,底稿已写,否,立项批复+1000万以上台账（22年）,否,是,
540425201812050,林芝市,察隅县,2020,察隅县产业园区茶叶生产加工基地一期工程建设项目,察隅县农业农村局,下察隅镇,茶叶生产加工车间：建筑装饰工程1620.04㎡，安装工程1620.04㎡；茶叶库房：建筑装饰工程762.01㎡，安装工程762.01㎡；室外晒茶架：建筑装饰工程100㎡；门卫室及大门：建筑装饰工程1项，安装工程1项；附属工程：场内道路2299.4㎡，消防车道144㎡，通透式围墙420m，土石方工程1项，排水暗沟300m，新建堡坎77.2m，室外电气工程1项，室外给排水工程1项，设备及工具、器具购置,800,800,,788.362197,788.362197,,经营类,茶,升级,升级,是,委托运营,私企,林芝毛尖茶叶有限责任公司,,,,,,,,否,项目资料,否,是,
540425201812051,林芝市,察隅县,2021,下察隅镇塔林村茶叶粗加工坊建设项目,察隅县农业农村局,下察隅镇塔林村,"茶叶加工厂房：建筑装饰工程725.23m²,安装工程725.23m²;门卫室：建筑装饰工程53.04m²,安装工程53.04m²;附属工程：通透式围墙50.00m,硬化面积524.00m²,停车位1.00项，绿化面积791.00m²,给排水工程1.00项，电气工程1.00项",300,300,,280.297741,280.297741,,经营类,茶,升级,升级,是,委托运营,私企,察隅县雪山圣茗有限公司,,,,,,,,否,19-25年台账（23年）有审定金额,否,是,
540425201812052,林芝市,察隅县,2018,察隅县下察隅镇沙玛村2018年林间套茶树试点项目,察隅县农牧局,下察隅镇沙玛村,灌溉工程：管道工程3000m，蓄水池1座，标识牌1个；茶苗种植工程：清除地表杂物40亩，挖穴、茶苗人工种植费80000株，有机肥、表土等回填人工费80000株；附属设施：大门1座，铁丝网围栏1430m；设备及工器具购置费：茶苗购置费80000株，购买及运输修剪机2台，购买、运输及安装防虫灯、黄板等设施10台，有机肥采购40t,169.98,169.98,,160.764874,160.764874,,经营类,茶,升级,升级,否,,,,,,,,,,,否,项目资料,,是,
540425201812053,林芝市,察隅县,2018,察隅县上察隅镇米古村2018年林间套种茶树试点项目,察隅县农牧局,上察隅米古村,灌溉工程：管道工程6700m，蓄水池2座，标识牌1个；茶苗种植工程：清除地表杂物148亩，挖穴、茶苗人工种植费420000株，有机肥、表土等回填人工费420000株；附属设施：大门3座，铁丝网围栏2600m；设备及工器具购置费：茶苗购置费 420000株，购买及运输修剪机4台，购买、运输及安装防虫灯、黄板等设施20台，有机肥采购148t,265.1,265.1,,254.671851,254.671851,,经营类,茶,升级,调整,否,,,,,,,,,,,否,其他资料+项目统计表19-25年（22年）,否,是,
540425201812054,林芝市,察隅县,2022,察隅县下察隅沙琼村茶叶粗加工场项目,察隅县农业农村局,下察隅沙琼村,茶叶加工厂房：建筑装饰工程728.80㎡，安装工程728.80㎡；附属工程：混凝土路面工程86.22㎡，硬化工程1272.11㎡，停车位工程90㎡，挡土墙工程1237.81㎡，土石方工程1项，总体电气工程1项，总体给排水工程1项,300,300,,300,300,,经营类,茶,升级,升级,是,,,,,,,,,,,否,项目资料,否,是,
540425201812057,林芝市,察隅县,2019,下察隅镇沙玛村石榴基地套种茶叶项目,下察隅镇人民政府,下察隅镇沙玛村,整地280亩，植苗、铺防草布280亩，引水管修复DN75（1.0MPA）PE管2000m，宣传牌一座，购买茶苗588000株，购买有机肥280000kg，购买防草布154001㎡等内容,522,522,,518.348114,518.348114,,经营类,茶,升级,调整,是,委托运营,私企,林芝毛尖茶叶有限责任公司,,,,,,,,否,19-25年台账（21年）有审定金额,否,是,是
540425201812058,林芝市,察隅县,2019,下察隅镇沙玛村枇杷基地套种茶叶项目,下察隅镇人民政府,下察隅镇沙玛村,新建蓄水池2个，灌溉工程1项，标志牌1座，整体含施底肥370亩，植苗、铺防草布370亩，购买茶苗777000株，购买有机肥370000kg，购买防草布192400 m² 等内容,787,787,,758.566162,758.566162,,经营类,茶,升级,升级,是,委托运营,私企,林芝毛尖茶叶有限责任公司,,,,,,,,否,19-25年台账（21年）有审定金额,否,是,
540425201812059,林芝市,察隅县,2017,下察隅镇沙玛、卡地村茶叶种植基地建设项目,下察隅镇人民政府,下察隅镇沙玛、卡地村,新建茶园338.85亩。其中沙玛村132.05亩、卡地村206.8亩，土地平整、灌溉、茶树种植、设备购置及附属,637,637,,367.246444,367.246444,,经营类,茶,升级,升级,否,,,,,,,,,,,否,立项批复+财评,否,是,
540425201812060,林芝市,察隅县,2019,察隅县下察隅镇宗古村茶叶种植项目,下察隅镇人民政府,下察隅镇宗古村,在下察隅镇宗古村种植茶叶386亩，涉及土地平整、灌溉工程、茶树种植及其附属设施等建设,788.54844,788.54844,,304.4,304.4,,经营类,茶,升级,升级,是,委托运营,私企,察隅县德茗茶业有限责任公司,,,,,,,,否,项目资料，清退协议,否,是,
540425201812061,林芝市,察隅县,2019,察隅县下察隅镇自更村茶叶种植项目,下察隅镇人民政府,下察隅镇自更村,在下察隅镇自更村种植茶叶430亩，涉及土地平整、灌溉工程、茶树种植及其附属设施等建设,870.3254,870.3254,,344.36,344.36,,经营类,茶,升级,升级,是,委托运营,私企,察隅县雪山圣茗有限公司,,,,,,,,否,项目资料，清退协议,,是,
540425201812062,林芝市,察隅县,2019,察隅县下察隅镇竹尼村茶叶种植项目,下察隅镇人民政府,下察隅镇竹尼村,在下察隅镇竹尼村种植茶叶903亩，涉及土地平整、灌溉工程、茶树种植及其附属设施等建设,1674.45035,1674.45035,,741.2,741.2,,经营类,茶,升级,升级,是,委托运营,私企,察隅县德茗茶业有限责任公司,,,,,,,,否,项目资料，清退协议,,是,
540425201812063,林芝市,察隅县,2019,察隅县下察隅镇塔玛村茶叶种植项目,下察隅镇人民政府,下察隅镇塔玛村,在下察隅镇塔玛村种植茶叶508亩，涉及土地平整、灌溉工程、茶树种植及其附属设施等建设,956.651018,956.651018,,415.38,415.38,,经营类,茶,升级,升级,是,委托运营,私企,察隅县德茗茶业有限责任公司,,,,,,,,否,项目资料，清退协议,否,是,
540425201812064,林芝市,察隅县,2019,察隅县下察隅镇塔林村茶叶种植项目,下察隅镇人民政府,下察隅镇塔林村,在下察隅镇塔林村种植茶叶540亩，涉及土地平整、灌溉工程、茶树种植及其附属设施等建设,1012.084842,1012.084842,,401.76,401.76,,经营类,茶,升级,升级,是,委托运营,私企,察隅县雪山圣茗有限公司,,,,,,,,否,项目资料，清退协议,,是,
540425201812065,林芝市,察隅县,2019,察隅县下察隅镇沙琼村茶叶种植项目,下察隅镇人民政府,下察隅镇沙琼村,在下察隅镇沙琼村种植茶叶2056亩，涉及土地平整、灌溉工程、茶树种植及其附属设施等建设,3875.50821,3875.50821,,1638.24,1638.24,,经营类,茶,升级,升级,是,委托运营,私企,察隅县雪山圣茗有限公司,,,,,,,,否,项目资料，清退协议,否,是,
540425201812066,林芝市,察隅县,2019,察隅县下察隅镇共同村茶叶种植项目,下察隅镇人民政府,下察隅镇共同村,在下察隅镇共同村种植茶叶320亩，涉及土地平整、灌溉工程、茶树种植及其附属设施等建设,614.0174,614.0174,,235.72,235.72,,经营类,茶,升级,升级,是,委托运营,私企,察隅县雪山圣茗有限公司,,,,,,,,否,项目资料，清退协议,否,是,
540425201812067,林芝市,察隅县,2019,察隅县下察隅镇嘎腰村茶叶种植项目,下察隅镇人民政府,下察隅镇嘎腰村,在下察隅镇嘎腰村种植茶叶414亩，涉及土地平整、灌溉工程、茶树种植及其附属设施等建设,839.74,839.74,,541.3906,541.3906,,经营类,茶,升级,升级,是,委托运营,私企,,,,,,,,,否,项目资料，第二次清退资料,否,是,
540425201812068,林芝市,察隅县,2019,察隅县下察隅镇嘎堆嘎美村茶叶种植项目,下察隅镇人民政府,下察隅镇嘎堆嘎美村,在下察隅镇嘎堆嘎美村种植茶叶430亩，涉及土地平整、灌溉工程、茶树种植及其附属设施等建设,791.20116,791.20116,,520.027,520.027,,经营类,茶,升级,升级,是,委托运营,私企,察隅县雪山圣茗有限公司,,,,,,,,否,项目资料，第二次清退资料,否,是,
540425201812069,林芝市,察隅县,2019,察隅县下察隅镇新村茶叶种植项目,下察隅镇人民政府,下察隅镇新村,在下察隅镇新村种植茶叶358.46亩，涉及土地平整、灌溉工程、茶树种植及其附属设施等建设,624.029439,624.029439,,404.0496,404.0496,,经营类,茶,升级,升级,是,委托运营,私企,察隅县雪山圣茗有限公司,,,,,,,,否,项目资料，第二次清退资料,否,是,
540425201812070,林芝市,察隅县,2019,察隅县下察隅镇扎巴村茶叶种植项目（2019）,下察隅镇人民政府,下察隅镇扎巴村,在下察隅镇扎巴村种植茶叶167亩，涉及土地平整、灌溉工程、茶树种植及其附属设施等建设,341.761554,341.761554,,30.06,30.06,,经营类,茶,升级,升级,是,委托运营,私企,察隅县雪山圣茗有限公司,,,,,,,,否,项目资料，清退协议,否,是,
540425201812071,林芝市,察隅县,2022,察隅县2022年巩固村搬迁配套茶叶种植项目,察隅县农业农村局,上察隅永宁村,整地280亩，植苗、铺防草布280亩，引水管修复DN75（1.0MPA）PE管2000m，宣传牌一座，购买茶苗588000株，购买有机肥280000kg，购买防草布154001㎡等内容,522,522,,522,522,,经营类,茶,升级,调整,否,,,,,,,,,,,否,还未财评,否,是,
540425201421005,林芝市,察隅县,2014,察隅县古拉乡觉布如村灵芝种植项目,古拉乡人民政府,古拉乡觉布如村,新建遮阳温室2栋，每栋温室占地240㎡（规格：24m×10m），购买灵芝菌袋1万袋（其中：4000袋用于遮阳温室栽种，其余6000袋野外栽种），并聘请地区科技局专家进行实地技术指导。,31,31,,31,31,,经营类,菌类,升级,调整,否,,,,,,,,,,县人民政府2014年会议纪要第二十七号,否,,否,是,是
540425201521006,林芝市,察隅县,2015,古拉乡觉布如贝母、灵芝、玛卡种植项目,古拉乡人民政府,古拉乡觉布如村,推广种植玛卡20亩，种植贝母10亩，种植灵芝1200平方,140,140,,140,140,,经营类,菌类,升级,调整,否,,,,,,,,,,林地扶发〔2015〕复字1号,否,,否,是,是
540425201319049,林芝市,察隅县,2013,古拉乡日托村核桃种植项目,古拉乡人民政府,古拉日托村,种核桃160亩，约9600株，铁丝网围栏1800米，新修土渠1500米。,28,28,,28,26,2,经营类,核桃,调整,调整,否,,,,,,,,,,藏扶办〔2013〕复字10号,否,项目资料,否,是,是
540425201419050,林芝市,察隅县,2014,古拉乡核桃种植项目,古拉乡人民政府,古拉则巴村、觉布如、关龙,在则巴、觉不如与关龙三村种植核桃1050亩：购买核桃苗木35381株，挖坑回填35381个；购买PE管材2780米；新建铁丝网围栏4000米及其它附属建设等。,166.75,166.75,,166.75,166.75,,经营类,核桃,调整,调整,否,,,,,,,,,,林地扶发〔2014〕复字8号.,否,,否,是,是
540425201619008,林芝市,察隅县,2015,察隅县古玉乡巴依村修建水磨糌粑加工厂建设项目,察隅县民族宗教事务局,古玉乡巴依村,新建水磨坊6座，每组1座,35,30,5,30,30,,公益类,其他,调整,,否,,,,,,,,,,,否,资金文件+合同,是,是,
540425201307022,林芝市,察隅县,2013,生猪养殖基地建设项目,察隅县民族宗教事务局,下察隅镇松古村,扩建猪舍334㎡，修建围栏500米，购买种猪、饲料加工设备,50,46,4,46,46,,经营类,猪,调整,调整,否,,,,,,,,,,,否,资金文件+合同,是,是,
540425201319053,林芝市,察隅县,2013,察瓦龙乡目巴村核桃种植基地建设项目,察隅县民族宗教事务局,察瓦龙乡目巴村,新建核桃种植基地10亩，购买核桃树苗1500棵修建灌溉水渠600米，围栏3000米。,45,40,5,45,40,5,经营类,核桃,调整,调整,否,,,,,,,,,,,否,资金文件+合同,是,是,是
540425201319054,林芝市,察隅县,2013,上察隅镇翠西村核桃基地建设,察隅县民族宗教事务局,上察隅镇翠西村,新建核桃种植基地水渠、简易道路以及附属设施建设。,110,100,10,100,100,,经营类,其他,调整,调整,否,,,,,,,,,,,否,资金文件+合同,是,是,
540425201419014,林芝市,察隅县,2015,古玉乡巴依村典东组藏药材种植项目,察隅县民族宗教事务局,古玉乡巴依村,新种植丹参、黄牡丹等藏药原料原材料200亩,55,50,5,50,50,,经营类,藏药,调整,调整,否,,,,,,,,,,,否,资金文件+合同,是,是,是
540425201419055,林芝市,察隅县,2014,下察隅镇夏尼村魔芋种植、加工基地建设项目,察隅县民族宗教事务局,下察隅镇夏尼村,新建拟魔芋种植基地10亩，铁丝围栏2000米，够加工设备等,65,60,5,60,60,,经营类,其他,调整,调整,否,,,,,,,,,,,否,资金文件+合同,,是,是
540425201307023,林芝市,察隅县,2013,下察隅镇沙琼村二村藏猪养殖项目,察隅县民族宗教事务局,下察隅镇沙琼村,新建猪舍800平方米、围墙5000米以及附属设施建设。,55,55,,50,50,,经营类,猪,调整,调整,否,,,,,,,,,,,否,资金文件+合同,,是,
540425201407023,林芝市,察隅县,2014,察瓦龙前中瓦村水磨坊建设项目,察隅县民族宗教事务局,察瓦龙前中瓦村,新建10座，每组2座水泥结构,55,50,5,50,50,,公益类,其他,调整,,,,,,,,,,,,,否,资金文件+财评,否,是,
540425201407024,林芝市,察隅县,2014,察隅县下察隅镇嘎腰村天麻种植基地建设项目,察隅县民族宗教事务局,下察隅镇嘎腰村,新建种植面积6亩，围墙280米,50,45,5,45,45,,经营类,其他,调整,调整,,,,,,,,,,,,否,资金文件+财评,,是,是
540425201407025,林芝市,察隅县,2014,上察隅镇阿扎村核桃种植基项目,察隅县民族宗教事务局,上察隅镇阿扎村,种植面积200亩，机耕道1000米，水渠1000米及附属设施项目建设,120,105,15,104.45,104.45,,经营类,核桃,调整,调整,,,,,,,,,,,,否,合同及竣工结算报告+资金文件,是,是,
540425201307025,林芝市,察隅县,2013,察隅县上察隅镇西巴村新建藏猪、藏鸡养殖基地建设项目,察隅县民族宗教事务局,上察隅镇西巴村,新建藏猪舍、鸡舍共380平方米以及附属设施建设。,48,45,3,45,45,,经营类,猪,调整,调整,,,,,,,,,,,,否,资金文件+财评+合同,是,是,
540425201307026,林芝市,察隅县,2013,察隅县下察隅镇新村土鸡养殖基地建设项目,察隅县民族宗教事务局,下察隅镇新村,修建鸡舍150㎡、围栏、工房，购买鸡种、机器设备等。,45,40,5,40,40,,经营类,鸡,调整,调整,,,,,,,,,,,,否,资金文件+财评,是,是,
540425201519412,林芝市,察隅县,2015,上察隅镇鸡爪谷种植项目,察隅县民族宗教事务局,上察隅镇,种植鸡爪谷60亩，修建灌溉水渠1.5公里，架设网围栏4千米,55,45,10,45,45,,经营类,其他,调整,调整,,,,,,,,,,,,否,资金文件+合同,,是,
540425201307027,林芝市,察隅县,2013,上察隅镇翠西村核桃基地建设,察隅县民族宗教事务局,上察隅镇翠西村,新建核桃种植基地水渠、简易道路以及附属设施建设。,39,34,5,34,34,,经营类,核桃,调整,调整,,,,,,,,,,,,否,资金文件+合同,是,是,
540425201519417,林芝市,察隅县,2015,察瓦龙乡前中瓦村核桃种植建设项目,察隅县民族宗教事务局,察瓦龙乡前中瓦村,新建占地50亩，购买核桃苗1000棵，建工房、围墙、仓库等辅助设施,47,45,2,45,45,,经营类,核桃,调整,调整,,,,,,,,,,,,否,资金文件+佐证资料,是,是,是
540425201307028,林芝市,察隅县,2013,察瓦龙乡岗藏村核桃种植项目,察隅县民族宗教事务局,察瓦龙乡岗藏村,新建核种植基地15亩，购买核桃苗850株，灌溉水渠600米，围栏300米,40,40,,40,40,,经营类,核桃,调整,调整,,,,,,,,,,,,否,资金文件+合同,是,是,是
540425201519413,林芝市,察隅县,2015,察隅县察瓦龙乡目巴旅游驿站项目,察隅县民族宗教事务局,察瓦龙乡目巴村,改造农家乐内部设施等,90,80,10,80,80,,经营类,乡村旅游,调整,巩固,,,,,,,,,,,,否,资金文件+合同,是,是,
540425202219039,林芝市,察隅县,2016,察隅县贫困户温室大棚项目,察隅县农牧局,6个乡镇,核定建设内容为:为我县6个乡镇28个行政村120户建档立卡贫困户新建蔬菜大棚10栋，共22205平方米(单栋蔬菜大棚规格:古拉乡和察瓦龙乡20m*6m=120m;竹瓦根镇、上察隅镇和下察隅镇30m*8m=240m2)。,265.73,239.37,26.36,265.73,239.37,26.36,到户类,其他,,,,,,,,,,,,,,是,确权资料+项目资料,否,无需写,
540425201407028,林芝市,察隅县,2014,下察隅镇拉丁村枇杷种植基地设项目,察隅县民族宗教事务局,下察隅拉丁村,种植枇杷146亩，由村集体统一从四川成都龙泉驿区龙泉驿镇采购优质的五大星枇杷苗子7287/株，维修围栏等基础设施;修建438米石头围墙，规格为宽.0.5米、高1.5米，修建一座长6m*宽5m=30m2的枇杷果实收藏室,45,40,5,40,40,,经营类,其他,升级,巩固,,,,,,,,,,,,否,项目资料,是,是,
,,,,,,,,,,,,,,,,,,,,,,,,,,,,,,,,,
,,,,无资料, ,,,,,,,,,,,,,,,,,,,,,,,,,,,,
