id,card_no,holder_name,dept_name,trans_date,amount,merchant,category,purpose
1,6282828453780146,杨帆,科技局,2025-06-18,6596.68,某汽车维修厂,培训费,宣传费
2,6282402396951382,马超,民政局,2025-01-06,12792.87,某加油站,车辆加油,公务接待
3,6282645077544964,吴鑫,卫健委,2025-05-03,6439.62,某印刷厂,培训费,培训费
4,6282790016008604,胡兵,农业农村局,2025-03-09,393.38,某印刷厂,印刷费,会议费
5,6282132359220444,黄磊,人社局,2025-05-02,14542.55,某酒店,车辆加油,宣传费
6,6282460363678581,陈静,住建局,2025-02-11,9698.42,某旅行社,车辆加油,印刷费
7,6282353963309153,陈静,农业农村局,2025-04-10,12079.08,某办公用品店,公务接待,车辆维修
8,6282590781972556,张伟,交通局,2025-05-15,401.87,某餐饮公司,公务接待,车辆加油
9,6282932877472480,张伟,住建局,2025-02-10,1433.83,某印刷厂,差旅住宿,培训费
10,6282979206622067,黄磊,卫健委,2025-01-20,5624.44,某旅行社,车辆维修,培训费
11,6282750033969627,孙丽,民政局,2025-06-04,5651.64,某汽车维修厂,印刷费,会议费
12,6282854867992437,陈静,住建局,2025-04-21,11232.71,某加油站,培训费,印刷费
13,6282446636423837,林雪,民政局,2025-01-26,7854.4,某汽车维修厂,差旅住宿,车辆维修
14,6282259678698274,陈静,交通局,2025-03-02,3205.04,某旅行社,印刷费,培训费
15,6282121019450589,李娜,卫健委,2025-04-08,267.81,某会议中心,公务接待,办公用品
16,6282372616003669,吴鑫,人社局,2025-05-22,7049.12,某印刷厂,培训费,印刷费
17,6282583805587471,林雪,卫健委,2025-04-06,9275.72,某办公用品店,差旅住宿,印刷费
18,6282416018827872,马超,住建局,2025-05-27,7608.62,某印刷厂,办公用品,车辆维修
19,6282836836870594,刘洋,人社局,2025-05-27,2634.71,某印刷厂,印刷费,车辆加油
20,6282694022057149,吴鑫,科技局,2025-01-28,2723.87,某广告公司,印刷费,印刷费
21,6282791563867674,吴鑫,教育局,2025-03-21,6317.92,某广告公司,差旅住宿,差旅住宿
22,6282886932784903,胡兵,民政局,2025-01-25,6243.09,某旅行社,印刷费,会议费
23,6282132330125426,徐明,民政局,2025-03-20,2103.51,某餐饮公司,车辆加油,印刷费
24,6282976003237845,赵敏,住建局,2025-05-10,4797.89,某广告公司,差旅住宿,印刷费
25,6282757554631350,杨帆,农业农村局,2025-03-18,13919.14,某餐饮公司,培训费,车辆加油
26,6282919286898386,朱红,人社局,2025-02-04,2592.45,某餐饮公司,差旅住宿,培训费
27,6282343699723319,胡兵,住建局,2025-06-17,9474.38,某办公用品店,公务接待,公务接待
28,6282894085653051,王芳,住建局,2025-06-03,4252.8,某加油站,车辆加油,印刷费
29,6282270759080497,王芳,民政局,2025-03-21,2286.28,某旅行社,车辆加油,公务接待
30,6282559153069215,徐明,住建局,2025-02-11,14031.15,某汽车维修厂,培训费,公务接待
31,6282801523696784,张伟,交通局,2025-05-22,1875.95,某办公用品店,差旅住宿,差旅住宿
32,6282376014010433,杨帆,交通局,2025-01-20,6607.37,某餐饮公司,车辆加油,会议费
33,6282640944564374,林雪,教育局,2025-01-16,8296.68,某广告公司,差旅住宿,差旅住宿
34,6282636840625366,黄磊,交通局,2025-05-14,14058.02,某加油站,差旅住宿,宣传费
35,6282514714747124,马超,农业农村局,2025-02-20,523.54,某餐饮公司,车辆加油,印刷费
36,6282351585384579,黄磊,科技局,2025-05-26,8377.4,某会议中心,宣传费,培训费
37,6282979290117665,徐明,农业农村局,2025-03-11,14382.73,某会议中心,办公用品,宣传费
38,6282538706658028,徐明,教育局,2025-06-08,1901.14,某旅行社,印刷费,办公用品
39,6282359461353282,徐明,交通局,2025-02-08,13927.73,某办公用品店,印刷费,办公用品
40,6282244190310504,林雪,民政局,2025-03-08,3558.39,某印刷厂,宣传费,印刷费
41,6282116698222377,周杰,人社局,2025-05-16,5242.88,某餐饮公司,差旅住宿,车辆维修
42,6282687605936178,朱红,教育局,2025-06-17,5715.8,某广告公司,办公用品,差旅住宿
43,6282850809848762,朱红,教育局,2025-06-04,3815.91,某旅行社,培训费,办公用品
44,6282901850111953,吴鑫,教育局,2025-04-25,13661.54,某酒店,会议费,印刷费
45,6282352529566316,刘洋,交通局,2025-04-25,7867.31,某广告公司,印刷费,会议费
46,6282603641266923,吴鑫,卫健委,2025-06-09,1020.53,某会议中心,车辆加油,公务接待
47,6282696407210954,杨帆,民政局,2025-02-15,4970.7,某餐饮公司,宣传费,办公用品
48,6282574403667131,孙丽,住建局,2025-03-11,14927.74,某会议中心,会议费,车辆维修
49,6282583365255668,胡兵,交通局,2025-03-12,13712.66,某旅行社,会议费,差旅住宿
50,6282553703035861,黄磊,卫健委,2025-03-03,2583.55,某办公用品店,宣传费,差旅住宿
51,6282405876537434,张伟,交通局,2025-04-03,8457.46,某广告公司,会议费,办公用品
52,6282965303541260,张伟,卫健委,2025-05-10,837.45,某广告公司,车辆维修,车辆加油
53,6282248374837151,陈静,交通局,2025-03-03,4690.9,某广告公司,印刷费,会议费
54,6282465595602713,黄磊,住建局,2025-04-03,612.63,某会议中心,车辆加油,会议费
55,6282579474861690,陈静,民政局,2025-06-04,7499.99,某广告公司,印刷费,公务接待
56,6282853442491659,赵敏,人社局,2025-03-12,4716.87,某会议中心,车辆维修,宣传费
57,6282145502351229,黄磊,住建局,2025-06-16,310.59,某旅行社,培训费,公务接待
58,6282381246858678,吴鑫,交通局,2025-03-23,7303.06,某会议中心,培训费,公务接待
59,6282123390972311,马超,住建局,2025-04-18,4022.08,某办公用品店,培训费,办公用品
60,6282783061945906,刘洋,交通局,2025-05-18,8267.87,某餐饮公司,公务接待,车辆维修
61,6282747263759467,吴鑫,民政局,2025-04-03,13256.35,某办公用品店,培训费,差旅住宿
62,6282525496527446,黄磊,卫健委,2025-01-27,5802.08,某会议中心,车辆加油,差旅住宿
63,6282200540548183,赵敏,住建局,2025-02-09,3875.28,某加油站,公务接待,差旅住宿
64,6282828909850112,周杰,教育局,2025-01-26,8570.64,某加油站,会议费,宣传费
65,6282864015260115,刘洋,农业农村局,2025-04-01,7339.13,某旅行社,车辆加油,宣传费
66,6282806523488744,吴鑫,科技局,2025-05-10,8417.85,某广告公司,会议费,培训费
67,6282256493418740,黄磊,民政局,2025-03-28,10308.55,某酒店,差旅住宿,办公用品
68,6282538076407239,陈静,科技局,2025-06-09,8207.65,某酒店,印刷费,会议费
69,6282648849962920,朱红,民政局,2025-01-03,12304.67,某酒店,印刷费,车辆加油
70,6282867086131581,黄磊,教育局,2025-04-28,13428.95,某会议中心,培训费,车辆维修
71,6282271161147081,徐明,住建局,2025-05-03,3677.47,某会议中心,会议费,印刷费
72,6282850229525636,孙丽,农业农村局,2025-02-16,9387.96,某加油站,会议费,印刷费
73,6282820799551521,张伟,人社局,2025-05-15,6785.74,某加油站,会议费,印刷费
74,6282856019640005,王芳,教育局,2025-03-18,5788.99,某办公用品店,公务接待,公务接待
75,6282382218426074,胡兵,住建局,2025-03-09,6581.5,某广告公司,公务接待,办公用品
76,6282629418701389,王芳,交通局,2025-06-21,85.2,某加油站,差旅住宿,办公用品
77,6282173553477401,林雪,卫健委,2025-03-24,7031.12,某会议中心,培训费,办公用品
78,6282666709490888,马超,住建局,2025-01-19,3431.29,某餐饮公司,会议费,差旅住宿
79,6282236306069334,吴鑫,科技局,2025-02-03,1283.52,某广告公司,车辆维修,印刷费
80,6282653672677827,赵敏,交通局,2025-02-17,1388.56,某餐饮公司,车辆加油,会议费
81,6282477702949774,孙丽,民政局,2025-05-02,13031.73,某办公用品店,印刷费,培训费
82,6282704197329679,孙丽,民政局,2025-04-14,6335.4,某广告公司,印刷费,公务接待
83,6282814499064502,李娜,农业农村局,2025-06-17,5778.47,某汽车维修厂,会议费,差旅住宿
84,6282577044008827,王芳,住建局,2025-06-20,9115.17,某印刷厂,会议费,宣传费
85,6282374323149269,赵敏,科技局,2025-03-19,12759.21,某会议中心,培训费,宣传费
86,6282605091820994,李娜,民政局,2025-04-12,8949.17,某会议中心,印刷费,车辆加油
87,6282989803878981,王芳,人社局,2025-06-26,6343.73,某酒店,公务接待,办公用品
88,6282770794154952,马超,交通局,2025-06-23,14648.15,某汽车维修厂,差旅住宿,办公用品
89,6282919814132970,胡兵,人社局,2025-04-24,3678.19,某汽车维修厂,公务接待,差旅住宿
90,6282671242449303,孙丽,科技局,2025-06-21,2208.61,某汽车维修厂,印刷费,会议费
91,6282900659141167,李娜,科技局,2025-05-11,10678.99,某办公用品店,办公用品,印刷费
92,6282992172708777,徐明,交通局,2025-03-21,9042.31,某汽车维修厂,办公用品,印刷费
93,6282303324343454,刘洋,交通局,2025-05-21,3588.16,某旅行社,宣传费,车辆加油
94,6282730818678978,陈静,民政局,2025-03-06,8107.42,某酒店,印刷费,车辆加油
95,6282512670743756,周杰,民政局,2025-06-04,6109.3,某广告公司,印刷费,公务接待
96,6282726627924306,刘洋,农业农村局,2025-05-27,1445.3,某旅行社,办公用品,印刷费
97,6282174991911567,周杰,交通局,2025-03-24,11590.41,某加油站,办公用品,会议费
98,6282374033129390,王芳,民政局,2025-03-21,4148.29,某旅行社,公务接待,车辆加油
99,6282578551204148,朱红,人社局,2025-01-13,11828.32,某办公用品店,公务接待,车辆维修
100,6282771790330007,刘洋,科技局,2025-01-05,13085.57,某广告公司,培训费,公务接待
101,6282884151580396,李娜,农业农村局,2025-04-28,11093.91,某印刷厂,车辆维修,公务接待
102,6282326133886644,周杰,卫健委,2025-05-14,3333.91,某印刷厂,培训费,车辆维修
103,6282282513926837,马超,卫健委,2025-04-26,7202.68,某加油站,公务接待,车辆加油
104,6282942113287274,杨帆,科技局,2025-03-02,2878.21,某办公用品店,培训费,公务接待
105,6282848445517370,杨帆,科技局,2025-05-18,3781.97,某餐饮公司,印刷费,培训费
106,6282896454210860,胡兵,交通局,2025-01-18,1529.92,某印刷厂,办公用品,车辆维修
107,6282893437593153,赵敏,住建局,2025-02-05,14570.8,某广告公司,公务接待,印刷费
108,6282320261201871,胡兵,交通局,2025-04-12,2930.36,某广告公司,车辆维修,差旅住宿
109,6282526643310115,黄磊,教育局,2025-04-14,444.08,某加油站,差旅住宿,公务接待
110,6282708099062558,杨帆,住建局,2025-02-01,9433.37,某汽车维修厂,车辆维修,印刷费
111,6282886606629866,周杰,民政局,2025-01-10,169.32,某办公用品店,差旅住宿,宣传费
112,6282823328697886,李娜,交通局,2025-01-10,2990.2,某酒店,会议费,会议费
113,6282183734393111,陈静,住建局,2025-05-01,13946.14,某餐饮公司,培训费,宣传费
114,6282274682935195,黄磊,住建局,2025-04-20,11422.7,某印刷厂,培训费,培训费
115,6282940366277652,林雪,农业农村局,2025-05-09,8601.14,某餐饮公司,公务接待,车辆加油
116,6282674129495937,杨帆,农业农村局,2025-03-21,890.58,某酒店,公务接待,会议费
117,6282916826831443,徐明,住建局,2025-05-15,593.54,某广告公司,印刷费,宣传费
118,6282439909978367,吴鑫,卫健委,2025-03-25,1883.54,某会议中心,印刷费,车辆加油
119,6282607054054466,胡兵,民政局,2025-03-17,11201.71,某加油站,差旅住宿,培训费
120,6282878356512939,马超,民政局,2025-05-21,1316.89,某办公用品店,会议费,宣传费
121,6282828452137598,马超,住建局,2025-04-27,10054.26,某旅行社,车辆维修,车辆加油
122,6282106580056340,林雪,卫健委,2025-04-09,14266.41,某印刷厂,差旅住宿,差旅住宿
123,6282112756138645,王芳,民政局,2025-04-27,2955.21,某汽车维修厂,培训费,宣传费
124,6282744407214975,陈静,农业农村局,2025-02-26,6434.04,某办公用品店,车辆加油,车辆加油
125,6282326384425846,胡兵,住建局,2025-03-09,12519.32,某广告公司,培训费,差旅住宿
126,6282843842601749,赵敏,教育局,2025-01-15,2766.73,某会议中心,车辆维修,宣传费
127,6282801830520521,张伟,卫健委,2025-02-26,117.24,某办公用品店,印刷费,印刷费
128,6282105288844471,李娜,教育局,2025-06-05,8131.87,某餐饮公司,车辆维修,会议费
129,6282352400840712,张伟,住建局,2025-06-02,8800.39,某餐饮公司,差旅住宿,培训费
130,6282331480138039,周杰,人社局,2025-05-18,13679.77,某餐饮公司,差旅住宿,办公用品
131,6282178826940022,周杰,卫健委,2025-06-21,10467.15,某会议中心,印刷费,宣传费
132,6282946223731331,林雪,科技局,2025-04-04,102.44,某酒店,培训费,车辆加油
133,6282373448130092,胡兵,卫健委,2025-04-25,10573.55,某餐饮公司,车辆维修,办公用品
134,6282446781187226,王芳,交通局,2025-06-08,6356.89,某酒店,办公用品,宣传费
135,6282851596364526,孙丽,教育局,2025-04-28,12746.41,某旅行社,培训费,差旅住宿
136,6282706587056292,朱红,农业农村局,2025-03-04,12403.06,某酒店,公务接待,公务接待
137,6282124506157717,刘洋,民政局,2025-02-23,10163.17,某汽车维修厂,公务接待,会议费
138,6282265275375426,黄磊,交通局,2025-02-03,3759.82,某广告公司,宣传费,办公用品
139,6282570749098045,陈静,交通局,2025-02-25,11450.98,某餐饮公司,车辆加油,宣传费
140,6282725546325825,陈静,人社局,2025-03-17,7150.1,某会议中心,差旅住宿,会议费
141,6282779088800664,赵敏,人社局,2025-03-13,14962.35,某广告公司,差旅住宿,宣传费
142,6282997629866710,王芳,卫健委,2025-02-01,3731.14,某酒店,车辆维修,车辆维修
143,6282386992872094,孙丽,卫健委,2025-01-08,8685.81,某旅行社,办公用品,车辆维修
144,6282866787539519,朱红,科技局,2025-03-12,14675.67,某旅行社,宣传费,会议费
145,6282823524843853,马超,农业农村局,2025-02-05,1953.5,某办公用品店,办公用品,车辆加油
146,6282352351636113,朱红,卫健委,2025-01-28,9097.13,某会议中心,公务接待,车辆维修
147,6282922845074946,周杰,农业农村局,2025-03-09,14723.08,某酒店,会议费,车辆维修
148,6282424208533608,赵敏,卫健委,2025-04-16,12428.41,某广告公司,车辆加油,公务接待
149,6282314278517646,刘洋,人社局,2025-04-18,12807.83,某汽车维修厂,车辆加油,培训费
150,6282235600591881,王芳,住建局,2025-02-02,10482.79,某酒店,印刷费,培训费
151,6282214862135879,陈静,农业农村局,2025-05-17,12451.47,某餐饮公司,会议费,差旅住宿
152,6282339679384535,吴鑫,教育局,2025-04-05,7197.14,某广告公司,车辆加油,培训费
153,6282653813617346,孙丽,民政局,2025-04-12,14394.64,某会议中心,车辆维修,办公用品
154,6282712902522704,陈静,民政局,2025-06-07,2680.75,某汽车维修厂,公务接待,培训费
155,6282708134872852,王芳,人社局,2025-02-05,12309.5,某办公用品店,车辆加油,宣传费
156,6282641153981974,朱红,住建局,2025-03-14,13378.07,某旅行社,办公用品,车辆维修
157,6282547330328591,林雪,人社局,2025-04-22,8484.2,某办公用品店,培训费,会议费
158,6282977328591633,李娜,住建局,2025-01-09,7618.09,某会议中心,宣传费,车辆维修
159,6282334671914083,赵敏,住建局,2025-02-05,8196.18,某加油站,宣传费,车辆加油
160,6282169618955271,周杰,住建局,2025-06-23,488.46,某加油站,车辆加油,培训费
161,6282601437434005,胡兵,卫健委,2025-03-21,8747.61,某餐饮公司,差旅住宿,差旅住宿
162,6282186454356165,李娜,教育局,2025-05-06,11441.15,某广告公司,车辆加油,差旅住宿
163,6282133100592342,马超,民政局,2025-03-05,2079.24,某酒店,培训费,车辆加油
164,6282549524231929,孙丽,卫健委,2025-05-23,7680.94,某旅行社,会议费,印刷费
165,6282150079033721,周杰,农业农村局,2025-02-15,3795.28,某汽车维修厂,培训费,车辆加油
166,6282869099405722,陈静,人社局,2025-06-01,4463.3,某办公用品店,车辆加油,差旅住宿
167,6282360894029803,王芳,农业农村局,2025-01-01,14572.43,某酒店,公务接待,车辆维修
168,6282694654259737,林雪,农业农村局,2025-06-25,4150.72,某旅行社,印刷费,公务接待
169,6282139247459362,徐明,教育局,2025-04-09,4608.17,某旅行社,车辆加油,办公用品
170,6282986056590023,赵敏,人社局,2025-01-14,730.22,某汽车维修厂,宣传费,车辆加油
171,6282886819427203,马超,教育局,2025-05-07,5015.07,某旅行社,办公用品,办公用品
172,6282719978502945,朱红,人社局,2025-05-17,12279.48,某汽车维修厂,印刷费,公务接待
173,6282292255807393,吴鑫,农业农村局,2025-02-01,14059.01,某汽车维修厂,车辆加油,宣传费
174,6282719344506468,徐明,科技局,2025-03-15,8252.13,某酒店,宣传费,车辆加油
175,6282373020856565,吴鑫,交通局,2025-03-21,10703.3,某酒店,宣传费,宣传费
176,6282130538123840,孙丽,农业农村局,2025-03-03,14029.51,某旅行社,会议费,培训费
177,6282481933738314,徐明,卫健委,2025-03-09,5272.1,某加油站,差旅住宿,宣传费
178,6282128704176928,徐明,住建局,2025-06-17,9154.89,某会议中心,办公用品,印刷费
179,6282239518897737,王芳,人社局,2025-01-27,11983.11,某餐饮公司,会议费,宣传费
180,6282889562126615,黄磊,交通局,2025-05-26,5775.52,某汽车维修厂,宣传费,办公用品
181,6282969653324373,杨帆,卫健委,2025-06-04,12452.22,某会议中心,会议费,车辆维修
182,6282649992984944,徐明,民政局,2025-03-01,185.74,某加油站,印刷费,差旅住宿
183,6282951207534934,周杰,农业农村局,2025-03-16,14273.68,某汽车维修厂,印刷费,办公用品
184,6282530266796930,吴鑫,住建局,2025-06-26,12869.99,某旅行社,公务接待,差旅住宿
185,6282866043063978,李娜,农业农村局,2025-02-21,6340.58,某办公用品店,公务接待,车辆维修
186,6282491328232733,胡兵,科技局,2025-06-19,8386.54,某加油站,车辆加油,车辆加油
187,6282793381426888,朱红,卫健委,2025-04-06,1168.05,某旅行社,会议费,公务接待
188,6282625270973269,刘洋,科技局,2025-02-17,8803.87,某酒店,会议费,办公用品
189,6282551552997259,陈静,农业农村局,2025-02-24,12152.29,某会议中心,差旅住宿,差旅住宿
190,6282452634829517,孙丽,交通局,2025-05-16,8271.23,某办公用品店,会议费,公务接待
191,6282723595779983,王芳,农业农村局,2025-04-15,11700.22,某办公用品店,宣传费,公务接待
192,6282481922159864,张伟,农业农村局,2025-02-19,11816.46,某印刷厂,差旅住宿,差旅住宿
193,6282563678022112,杨帆,交通局,2025-05-26,13652.25,某加油站,车辆加油,车辆加油
194,6282753307894974,杨帆,卫健委,2025-05-11,10626.18,某广告公司,办公用品,会议费
195,6282217795882755,陈静,人社局,2025-06-08,8412.76,某酒店,车辆加油,印刷费
196,6282204491472737,李娜,人社局,2025-01-26,3739.16,某印刷厂,培训费,车辆加油
197,6282398170913848,王芳,卫健委,2025-05-27,11852.98,某会议中心,车辆维修,车辆维修
198,6282467449483279,马超,人社局,2025-03-02,5954.95,某办公用品店,宣传费,车辆维修
199,6282192963018477,胡兵,农业农村局,2025-03-09,13840.24,某印刷厂,宣传费,印刷费
200,6282989752700073,李娜,民政局,2025-03-08,7180.31,某汽车维修厂,办公用品,办公用品
201,6282930664156863,王芳,民政局,2025-02-21,10425.67,某会议中心,差旅住宿,培训费
202,6282740633794897,李娜,人社局,2025-03-20,3552.42,某印刷厂,公务接待,车辆维修
203,6282344510272499,陈静,住建局,2025-01-24,13219.01,某印刷厂,差旅住宿,差旅住宿
204,6282910692335978,徐明,卫健委,2025-03-15,8840.6,某会议中心,公务接待,印刷费
205,6282652920977295,马超,农业农村局,2025-04-16,1454.75,某广告公司,宣传费,车辆维修
206,6282562933858678,王芳,农业农村局,2025-01-18,12735.98,某旅行社,公务接待,公务接待
207,6282214929885607,林雪,民政局,2025-06-28,12990.61,某加油站,培训费,会议费
208,6282673036647609,胡兵,民政局,2025-04-06,12419.32,某酒店,差旅住宿,办公用品
209,6282972999079396,刘洋,教育局,2025-02-11,284.28,某酒店,会议费,印刷费
210,6282131316936191,孙丽,住建局,2025-05-18,13286.5,某加油站,办公用品,差旅住宿
211,6282868688219913,周杰,住建局,2025-02-22,199.9,某广告公司,会议费,宣传费
212,6282149329282012,李娜,卫健委,2025-01-09,12140.63,某加油站,宣传费,车辆维修
213,6282795797345518,孙丽,人社局,2025-03-09,448.44,某印刷厂,车辆维修,车辆维修
214,6282440567370693,王芳,民政局,2025-01-19,12169.98,某办公用品店,会议费,差旅住宿
215,6282373662464747,黄磊,卫健委,2025-04-05,890.46,某旅行社,宣传费,宣传费
216,6282771565544226,周杰,住建局,2025-04-01,2643.5,某汽车维修厂,宣传费,印刷费
217,6282495105153508,陈静,民政局,2025-02-28,7554.69,某印刷厂,培训费,车辆加油
218,6282204922194022,黄磊,民政局,2025-05-03,4262.56,某会议中心,办公用品,宣传费
219,6282944416371088,孙丽,卫健委,2025-03-22,12747.27,某广告公司,会议费,印刷费
220,6282321512376269,张伟,民政局,2025-05-19,11011.41,某会议中心,印刷费,差旅住宿
221,6282595895794495,杨帆,卫健委,2025-02-15,1576.87,某印刷厂,会议费,车辆维修
222,6282936838799247,王芳,人社局,2025-03-19,9922.03,某会议中心,差旅住宿,印刷费
223,6282548089691747,徐明,人社局,2025-01-17,10990.73,某会议中心,车辆加油,办公用品
224,6282268036350105,林雪,交通局,2025-04-24,7877.17,某印刷厂,印刷费,车辆加油
225,6282669070436857,朱红,农业农村局,2025-04-07,12064.86,某旅行社,印刷费,车辆维修
226,6282427322732741,王芳,住建局,2025-03-20,13915.84,某餐饮公司,公务接待,公务接待
227,6282595445521850,赵敏,交通局,2025-03-26,7085.28,某会议中心,印刷费,印刷费
228,6282196970617672,胡兵,科技局,2025-05-11,12929.78,某广告公司,办公用品,宣传费
229,6282611215424969,张伟,农业农村局,2025-06-28,10453.87,某会议中心,车辆加油,公务接待
230,6282622103395157,胡兵,住建局,2025-05-20,13090.72,某会议中心,车辆维修,办公用品
231,6282763809118183,孙丽,住建局,2025-05-24,1626.2,某印刷厂,会议费,培训费
232,6282445505553850,刘洋,科技局,2025-02-17,5019.86,某餐饮公司,车辆加油,宣传费
233,6282562226755495,王芳,农业农村局,2025-06-04,3698.33,某会议中心,印刷费,宣传费
234,6282939891106152,黄磊,农业农村局,2025-02-27,11132.12,某加油站,印刷费,培训费
235,6282399012289939,林雪,农业农村局,2025-02-26,14359.52,某餐饮公司,车辆维修,差旅住宿
236,6282469549255474,孙丽,住建局,2025-06-26,9801.27,某餐饮公司,车辆加油,办公用品
237,6282680093812335,赵敏,人社局,2025-02-04,12243.16,某加油站,宣传费,车辆维修
238,6282650317792680,王芳,交通局,2025-06-17,13109.23,某加油站,宣传费,公务接待
239,6282609864673681,马超,科技局,2025-01-22,7032.74,某汽车维修厂,会议费,宣传费
240,6282649564957470,陈静,交通局,2025-04-17,8018.14,某加油站,办公用品,公务接待
241,6282715393604899,徐明,住建局,2025-01-19,5030.25,某广告公司,差旅住宿,车辆维修
242,6282834761655711,陈静,科技局,2025-02-02,555.46,某汽车维修厂,车辆加油,差旅住宿
243,6282846633881426,张伟,住建局,2025-01-25,10939.34,某印刷厂,车辆加油,公务接待
244,6282258224547791,朱红,民政局,2025-04-23,5096.06,某会议中心,培训费,会议费
245,6282806561986382,张伟,卫健委,2025-03-21,12964.44,某广告公司,差旅住宿,办公用品
246,6282989126940461,胡兵,农业农村局,2025-05-03,9590.0,某旅行社,会议费,培训费
247,6282945313026994,徐明,教育局,2025-06-02,11277.33,某广告公司,办公用品,办公用品
248,6282999154861167,胡兵,卫健委,2025-03-26,11806.64,某旅行社,培训费,会议费
249,6282111304410521,吴鑫,科技局,2025-03-09,12712.41,某广告公司,培训费,会议费
250,6282263862026668,周杰,农业农村局,2025-01-26,7938.72,某酒店,印刷费,公务接待
251,6282405847092272,李娜,人社局,2025-06-14,6527.29,某汽车维修厂,差旅住宿,办公用品
252,6282735744229667,吴鑫,卫健委,2025-02-26,3128.41,某加油站,差旅住宿,印刷费
253,6282470703907422,孙丽,交通局,2025-05-09,7428.25,某汽车维修厂,车辆维修,印刷费
254,6282843696586185,林雪,人社局,2025-04-24,14008.49,某会议中心,会议费,公务接待
255,6282683129354770,马超,农业农村局,2025-05-18,9181.42,某餐饮公司,车辆维修,宣传费
256,6282991997478041,周杰,人社局,2025-04-15,9816.59,某旅行社,会议费,培训费
257,6282404317583610,周杰,住建局,2025-03-04,106.93,某汽车维修厂,培训费,车辆加油
258,6282458101100371,李娜,交通局,2025-03-12,8664.14,某加油站,办公用品,办公用品
259,6282394159154237,李娜,交通局,2025-03-13,5356.14,某会议中心,会议费,车辆加油
260,6282711479609344,李娜,人社局,2025-05-28,3691.52,某酒店,印刷费,公务接待
261,6282995313965736,赵敏,住建局,2025-02-24,6048.8,某汽车维修厂,办公用品,车辆维修
262,6282863889989220,孙丽,卫健委,2025-01-24,2140.57,某旅行社,会议费,会议费
263,6282144733312489,刘洋,民政局,2025-05-19,13233.6,某汽车维修厂,车辆维修,公务接待
264,6282955585838459,陈静,农业农村局,2025-02-18,2223.59,某办公用品店,车辆加油,车辆维修
265,6282497799679492,李娜,卫健委,2025-01-03,8561.73,某旅行社,印刷费,差旅住宿
266,6282836662819665,杨帆,农业农村局,2025-03-03,3092.45,某餐饮公司,车辆维修,印刷费
267,6282401800613589,杨帆,农业农村局,2025-05-28,84.72,某加油站,公务接待,办公用品
268,6282354282417871,徐明,科技局,2025-06-25,6646.01,某办公用品店,差旅住宿,宣传费
269,6282586100860726,杨帆,教育局,2025-05-15,14395.02,某加油站,办公用品,办公用品
270,6282136100797801,黄磊,农业农村局,2025-03-27,11457.75,某旅行社,会议费,印刷费
271,6282803038396370,吴鑫,民政局,2025-06-12,13551.74,某印刷厂,车辆加油,公务接待
272,6282641103877508,孙丽,卫健委,2025-02-21,6209.19,某会议中心,车辆维修,会议费
273,6282122018178620,张伟,农业农村局,2025-01-16,13009.12,某餐饮公司,会议费,办公用品
274,6282901022830739,张伟,卫健委,2025-06-02,13520.87,某广告公司,办公用品,培训费
275,6282734647976732,马超,卫健委,2025-06-19,922.07,某广告公司,宣传费,差旅住宿
276,6282220702442472,孙丽,卫健委,2025-01-27,11953.49,某旅行社,差旅住宿,宣传费
277,6282409506645330,黄磊,交通局,2025-02-13,8268.11,某印刷厂,宣传费,车辆加油
278,6282460149442811,陈静,交通局,2025-04-27,7371.74,某酒店,办公用品,办公用品
279,6282363698986500,李娜,民政局,2025-01-03,967.12,某酒店,差旅住宿,车辆加油
280,6282854505713883,杨帆,人社局,2025-01-07,2043.61,某加油站,办公用品,车辆维修
281,6282850552911287,杨帆,科技局,2025-02-14,3066.31,某餐饮公司,车辆加油,车辆维修
282,6282905435272284,林雪,科技局,2025-04-23,8409.89,某办公用品店,会议费,差旅住宿
283,6282367450879295,孙丽,科技局,2025-03-05,11427.85,某印刷厂,印刷费,差旅住宿
284,6282983403357183,黄磊,卫健委,2025-02-22,9922.16,某旅行社,办公用品,培训费
285,6282851814276898,孙丽,卫健委,2025-01-23,2047.7,某广告公司,公务接待,会议费
286,6282308590608665,王芳,交通局,2025-02-16,9958.77,某加油站,培训费,印刷费
287,6282777566017366,林雪,人社局,2025-06-05,2086.51,某办公用品店,宣传费,差旅住宿
288,6282390633172302,王芳,科技局,2025-01-16,1603.21,某餐饮公司,公务接待,车辆加油
289,6282831940063825,胡兵,民政局,2025-02-15,1787.17,某酒店,车辆维修,印刷费
290,6282296298766586,杨帆,交通局,2025-03-12,10474.46,某办公用品店,宣传费,公务接待
291,6282851314559799,黄磊,交通局,2025-02-13,4997.87,某加油站,公务接待,差旅住宿
292,6282762803092678,朱红,科技局,2025-05-12,9941.08,某汽车维修厂,宣传费,宣传费
293,6282663336904946,杨帆,教育局,2025-01-20,13164.6,某办公用品店,培训费,差旅住宿
294,6282462173025334,周杰,住建局,2025-04-05,1633.94,某旅行社,公务接待,办公用品
295,6282695592872640,张伟,人社局,2025-02-10,12507.05,某会议中心,办公用品,培训费
296,6282961045796505,吴鑫,科技局,2025-06-06,5118.62,某广告公司,培训费,公务接待
297,6282523079475901,杨帆,住建局,2025-06-11,8224.11,某酒店,宣传费,差旅住宿
298,6282713576896854,赵敏,教育局,2025-01-13,13481.37,某餐饮公司,宣传费,办公用品
299,6282119737871293,周杰,教育局,2025-05-28,280.11,某加油站,车辆维修,车辆维修
300,6282279836150952,李娜,教育局,2025-01-03,9295.17,某旅行社,会议费,公务接待
301,6282610211178730,陈静,科技局,2025-06-18,4824.48,某印刷厂,宣传费,车辆维修
302,6282605304831095,王芳,教育局,2025-02-19,8558.51,某办公用品店,会议费,车辆加油
303,6282619269057247,杨帆,民政局,2025-05-10,11004.42,某旅行社,公务接待,公务接待
304,6282360328016484,吴鑫,农业农村局,2025-05-22,9729.85,某餐饮公司,印刷费,会议费
305,6282472218073741,林雪,人社局,2025-06-17,1331.48,某加油站,差旅住宿,宣传费
306,6282877965775476,黄磊,卫健委,2025-03-12,3023.48,某酒店,会议费,车辆维修
307,6282168698036224,胡兵,交通局,2025-01-18,13940.64,某汽车维修厂,差旅住宿,车辆维修
308,6282737536921026,周杰,卫健委,2025-01-12,2376.34,某加油站,公务接待,车辆加油
309,6282567669128876,马超,卫健委,2025-05-05,13347.92,某餐饮公司,宣传费,办公用品
310,6282265195013387,刘洋,住建局,2025-05-26,14661.22,某加油站,宣传费,车辆加油
311,6282884649190463,赵敏,民政局,2025-06-24,7676.26,某会议中心,印刷费,会议费
312,6282359965188886,周杰,民政局,2025-02-17,9076.71,某加油站,办公用品,培训费
313,6282880277977409,周杰,教育局,2025-06-15,4534.82,某印刷厂,公务接待,印刷费
314,6282625669987631,陈静,民政局,2025-06-25,5745.27,某餐饮公司,差旅住宿,会议费
315,6282413841502982,李娜,卫健委,2025-06-24,13114.63,某加油站,车辆加油,培训费
316,6282516198730317,林雪,住建局,2025-05-17,2650.52,某餐饮公司,办公用品,公务接待
317,6282615955088374,张伟,人社局,2025-05-22,7443.44,某餐饮公司,培训费,会议费
318,6282681494658825,刘洋,住建局,2025-03-25,14981.76,某办公用品店,差旅住宿,差旅住宿
319,6282557259190209,马超,农业农村局,2025-02-16,88.0,某旅行社,公务接待,印刷费
320,6282264650015705,吴鑫,农业农村局,2025-02-18,7646.73,某汽车维修厂,办公用品,会议费
321,6282929247639556,孙丽,住建局,2025-05-11,9035.15,某旅行社,培训费,差旅住宿
322,6282869130680441,李娜,农业农村局,2025-02-24,7194.77,某加油站,车辆维修,培训费
323,6282104590484169,周杰,卫健委,2025-04-16,13664.63,某加油站,培训费,培训费
324,6282281035925631,胡兵,人社局,2025-03-27,5707.18,某汽车维修厂,车辆维修,车辆加油
325,6282362106371916,吴鑫,农业农村局,2025-03-24,13680.53,某汽车维修厂,印刷费,会议费
326,6282522052825032,胡兵,卫健委,2025-02-28,11107.31,某汽车维修厂,会议费,公务接待
327,6282462680312788,黄磊,交通局,2025-01-22,1655.65,某旅行社,车辆加油,办公用品
328,6282959655767460,刘洋,卫健委,2025-03-11,1085.0,某旅行社,宣传费,车辆维修
329,6282955759671025,李娜,住建局,2025-04-22,6920.84,某印刷厂,办公用品,办公用品
330,6282961323153068,杨帆,教育局,2025-04-28,2489.23,某酒店,公务接待,印刷费
331,6282181110431795,李娜,农业农村局,2025-04-10,6975.36,某餐饮公司,培训费,印刷费
332,6282665210678488,马超,卫健委,2025-05-10,184.82,某加油站,印刷费,车辆维修
333,6282526721463958,赵敏,住建局,2025-05-06,9482.07,某加油站,差旅住宿,车辆加油
334,6282922372306120,王芳,教育局,2025-01-03,9705.6,某印刷厂,办公用品,会议费
335,6282672423188079,朱红,卫健委,2025-04-11,4798.55,某广告公司,车辆维修,印刷费
336,6282930794060050,刘洋,教育局,2025-04-07,5750.79,某广告公司,公务接待,办公用品
337,6282723816046110,徐明,人社局,2025-06-09,9590.63,某加油站,车辆加油,办公用品
338,6282457984068040,张伟,人社局,2025-01-28,5696.13,某办公用品店,培训费,宣传费
339,6282786011329094,陈静,教育局,2025-06-17,10423.88,某旅行社,公务接待,会议费
340,6282790171867073,林雪,卫健委,2025-06-24,12060.29,某印刷厂,宣传费,公务接待
341,6282916150498757,李娜,交通局,2025-04-16,5788.42,某加油站,会议费,培训费
342,6282124016056783,李娜,农业农村局,2025-05-28,2782.06,某餐饮公司,差旅住宿,印刷费
343,6282738227073126,马超,教育局,2025-03-20,10720.14,某酒店,会议费,车辆维修
344,6282998688631358,王芳,农业农村局,2025-03-09,1763.42,某酒店,会议费,办公用品
345,6282402885510275,马超,科技局,2025-06-17,9145.04,某广告公司,会议费,车辆加油
346,6282535310117758,张伟,民政局,2025-06-08,13625.47,某酒店,公务接待,车辆加油
347,6282551900267674,徐明,农业农村局,2025-05-05,9664.13,某加油站,公务接待,会议费
348,6282296970539066,陈静,卫健委,2025-02-22,6877.3,某印刷厂,车辆加油,公务接待
349,6282509037459139,李娜,住建局,2025-01-13,14846.64,某酒店,办公用品,公务接待
350,6282917801669922,朱红,民政局,2025-02-20,4347.26,某餐饮公司,差旅住宿,会议费
351,6282292992966614,马超,教育局,2025-01-25,11991.75,某酒店,公务接待,公务接待
352,6282459966485809,周杰,科技局,2025-03-10,13453.93,某餐饮公司,公务接待,办公用品
353,6282113737913388,李娜,卫健委,2025-02-16,7568.96,某会议中心,差旅住宿,宣传费
354,6282218146673443,胡兵,教育局,2025-01-11,2895.85,某酒店,宣传费,会议费
355,6282860526853062,胡兵,交通局,2025-06-23,6693.82,某会议中心,宣传费,宣传费
356,6282442650936477,孙丽,住建局,2025-04-01,5938.2,某加油站,车辆维修,公务接待
357,6282572566107044,孙丽,交通局,2025-04-06,10622.19,某加油站,公务接待,车辆维修
358,6282326653573868,徐明,卫健委,2025-02-12,6417.77,某加油站,办公用品,办公用品
359,6282418591305858,黄磊,住建局,2025-01-01,12702.99,某会议中心,车辆加油,印刷费
360,6282142184568668,马超,教育局,2025-03-03,1068.54,某广告公司,车辆维修,差旅住宿
361,6282712239433076,张伟,民政局,2025-01-09,105.71,某汽车维修厂,会议费,办公用品
362,6282236595869178,黄磊,民政局,2025-05-05,11084.55,某旅行社,培训费,车辆维修
363,6282168891698632,胡兵,农业农村局,2025-04-25,6957.63,某餐饮公司,差旅住宿,宣传费
364,6282940522665519,杨帆,民政局,2025-04-04,5987.28,某旅行社,车辆加油,车辆加油
365,6282581818995857,马超,农业农村局,2025-04-16,2338.12,某加油站,车辆加油,宣传费
366,6282676107258926,马超,科技局,2025-05-07,4190.47,某印刷厂,会议费,车辆维修
367,6282765616612613,李娜,民政局,2025-03-14,5281.01,某办公用品店,会议费,公务接待
368,6282246841219317,张伟,交通局,2025-03-25,1693.48,某广告公司,公务接待,办公用品
369,6282368187797810,黄磊,教育局,2025-02-12,11618.79,某汽车维修厂,差旅住宿,会议费
370,6282159059519240,马超,交通局,2025-04-15,13595.49,某旅行社,会议费,会议费
371,6282882346005607,孙丽,教育局,2025-02-28,4517.26,某餐饮公司,车辆维修,差旅住宿
372,6282604841780079,朱红,农业农村局,2025-01-28,11472.73,某酒店,会议费,宣传费
373,6282740553396821,徐明,农业农村局,2025-06-03,7291.2,某印刷厂,宣传费,会议费
374,6282552857280473,刘洋,卫健委,2025-05-03,12037.11,某餐饮公司,印刷费,车辆维修
375,6282557648618603,马超,农业农村局,2025-05-04,7409.76,某汽车维修厂,印刷费,公务接待
376,6282419486664211,朱红,农业农村局,2025-02-09,8636.05,某旅行社,车辆维修,差旅住宿
377,6282452816819818,王芳,农业农村局,2025-06-09,13267.02,某广告公司,会议费,印刷费
378,6282729006971622,徐明,教育局,2025-04-07,9065.33,某旅行社,差旅住宿,车辆加油
379,6282549909373157,林雪,教育局,2025-04-20,4475.44,某印刷厂,差旅住宿,公务接待
380,6282905323594840,周杰,教育局,2025-06-28,14200.16,某旅行社,公务接待,差旅住宿
381,6282283154307296,黄磊,农业农村局,2025-02-26,3165.36,某加油站,办公用品,车辆加油
382,6282653059048267,王芳,交通局,2025-03-07,14874.96,某汽车维修厂,印刷费,办公用品
383,6282397686065909,李娜,住建局,2025-05-25,12991.08,某广告公司,会议费,办公用品
384,6282896038309786,王芳,教育局,2025-05-09,5139.47,某汽车维修厂,印刷费,培训费
385,6282575935594844,赵敏,人社局,2025-05-13,5174.88,某餐饮公司,差旅住宿,宣传费
386,6282369673029376,王芳,科技局,2025-06-05,2519.21,某印刷厂,培训费,公务接待
387,6282509770793840,胡兵,农业农村局,2025-06-19,11689.1,某会议中心,培训费,宣传费
388,6282188536679804,李娜,农业农村局,2025-03-07,6256.35,某汽车维修厂,宣传费,印刷费
389,6282673370968454,朱红,民政局,2025-01-09,14156.22,某餐饮公司,车辆加油,车辆维修
390,6282940318347559,张伟,民政局,2025-06-27,4597.46,某办公用品店,车辆维修,车辆加油
391,6282683636223905,杨帆,教育局,2025-04-04,13594.01,某会议中心,培训费,印刷费
392,6282406975056012,刘洋,交通局,2025-06-08,12270.72,某办公用品店,办公用品,会议费
393,6282679580703705,王芳,科技局,2025-03-24,1431.84,某餐饮公司,公务接待,印刷费
394,6282403314458683,周杰,民政局,2025-04-04,6497.0,某酒店,宣传费,公务接待
395,6282883719358918,杨帆,农业农村局,2025-05-03,7159.9,某餐饮公司,办公用品,车辆加油
396,6282262967173625,黄磊,民政局,2025-02-19,6941.54,某餐饮公司,办公用品,差旅住宿
397,6282151585879892,吴鑫,人社局,2025-05-28,14799.16,某会议中心,公务接待,培训费
398,6282526514837925,陈静,科技局,2025-04-11,541.65,某餐饮公司,办公用品,会议费
399,6282137338707742,徐明,科技局,2025-04-05,4317.41,某酒店,车辆加油,差旅住宿
400,6282825094693322,黄磊,民政局,2025-05-13,11857.48,某广告公司,会议费,会议费
401,6282201803846171,马超,科技局,2025-01-18,6942.39,某酒店,公务接待,车辆维修
402,6282412552909625,刘洋,交通局,2025-02-26,8604.64,某广告公司,办公用品,车辆维修
403,6282627220275429,刘洋,农业农村局,2025-05-10,10024.21,某广告公司,差旅住宿,会议费
404,6282854475619314,黄磊,教育局,2025-04-03,13876.42,某加油站,会议费,办公用品
405,6282806883609696,赵敏,人社局,2025-03-26,3051.92,某办公用品店,车辆加油,差旅住宿
406,6282682162417026,刘洋,卫健委,2025-04-25,9654.38,某餐饮公司,办公用品,车辆维修
407,6282689213224225,朱红,卫健委,2025-02-18,11053.92,某汽车维修厂,会议费,车辆维修
408,6282468896102070,周杰,卫健委,2025-05-17,12721.03,某广告公司,车辆加油,宣传费
409,6282196659117376,王芳,教育局,2025-04-17,2726.24,某广告公司,培训费,宣传费
410,6282540718252140,徐明,卫健委,2025-05-04,13206.49,某广告公司,培训费,公务接待
411,6282668928177450,李娜,民政局,2025-06-11,162.98,某酒店,会议费,公务接待
412,6282353299207717,徐明,农业农村局,2025-05-02,10205.86,某会议中心,车辆加油,办公用品
413,6282913482883778,黄磊,卫健委,2025-02-20,9574.34,某广告公司,车辆加油,差旅住宿
414,6282993889244367,李娜,人社局,2025-04-14,11144.01,某广告公司,车辆加油,培训费
415,6282576199604179,周杰,科技局,2025-05-05,1291.98,某广告公司,车辆维修,车辆加油
416,6282325760197994,林雪,住建局,2025-05-15,14788.23,某餐饮公司,印刷费,会议费
417,6282961390645179,胡兵,住建局,2025-05-09,13657.31,某酒店,宣传费,差旅住宿
418,6282325957593635,马超,教育局,2025-03-07,3562.67,某加油站,办公用品,会议费
419,6282336582565984,李娜,人社局,2025-01-19,10668.82,某加油站,车辆维修,培训费
420,6282305631628250,吴鑫,卫健委,2025-01-23,4396.96,某旅行社,印刷费,宣传费
421,6282711065561145,杨帆,卫健委,2025-04-23,13453.82,某汽车维修厂,办公用品,车辆加油
422,6282983186418902,孙丽,卫健委,2025-06-25,9385.45,某广告公司,差旅住宿,培训费
423,6282634485096871,徐明,交通局,2025-02-15,10868.64,某旅行社,培训费,车辆维修
424,6282306320886827,李娜,人社局,2025-06-25,6418.12,某旅行社,办公用品,会议费
425,6282236725590215,张伟,教育局,2025-02-19,11561.81,某会议中心,车辆加油,公务接待
426,6282150340564507,张伟,农业农村局,2025-05-05,10051.91,某旅行社,公务接待,差旅住宿
427,6282800039890023,马超,人社局,2025-06-06,806.5,某旅行社,宣传费,车辆加油
428,6282718633975859,胡兵,交通局,2025-01-26,14314.97,某广告公司,培训费,宣传费
429,6282791046973214,林雪,交通局,2025-03-04,1291.29,某酒店,印刷费,差旅住宿
430,6282404247776183,朱红,交通局,2025-04-09,9959.23,某广告公司,培训费,宣传费
431,6282390639022140,周杰,教育局,2025-04-24,11310.57,某广告公司,车辆加油,办公用品
432,6282578407317264,王芳,交通局,2025-05-16,11205.6,某餐饮公司,差旅住宿,车辆加油
433,6282413893406253,黄磊,科技局,2025-05-11,692.34,某会议中心,培训费,印刷费
434,6282772698457412,孙丽,人社局,2025-04-07,6221.99,某餐饮公司,宣传费,会议费
435,6282756490384355,张伟,交通局,2025-05-08,6495.52,某餐饮公司,办公用品,差旅住宿
436,6282776417134833,胡兵,教育局,2025-01-01,5297.87,某加油站,会议费,会议费
437,6282714216453255,朱红,卫健委,2025-06-22,14221.65,某办公用品店,宣传费,会议费
438,6282452798248511,刘洋,科技局,2025-04-09,1606.75,某加油站,车辆维修,印刷费
439,6282312943911974,林雪,卫健委,2025-05-05,10336.46,某印刷厂,宣传费,宣传费
440,6282709103302799,陈静,民政局,2025-06-04,2829.05,某会议中心,印刷费,车辆加油
441,6282859962496417,周杰,农业农村局,2025-03-06,3475.96,某会议中心,车辆加油,办公用品
442,6282590091139108,周杰,科技局,2025-01-23,4333.03,某印刷厂,会议费,差旅住宿
443,6282511268269146,马超,民政局,2025-05-05,5548.88,某旅行社,办公用品,宣传费
444,6282451277050749,朱红,住建局,2025-01-14,8129.07,某汽车维修厂,印刷费,印刷费
445,6282506406831785,马超,科技局,2025-04-07,11587.5,某会议中心,宣传费,办公用品
446,6282178136979704,林雪,人社局,2025-04-21,7399.65,某印刷厂,车辆维修,会议费
447,6282672461021858,吴鑫,人社局,2025-04-17,3995.88,某加油站,差旅住宿,车辆维修
448,6282541125946114,胡兵,民政局,2025-02-11,8464.47,某会议中心,车辆加油,差旅住宿
449,6282726564212088,林雪,卫健委,2025-05-07,14166.45,某餐饮公司,差旅住宿,会议费
450,6282452869905902,黄磊,交通局,2025-04-21,477.28,某酒店,会议费,差旅住宿
451,6282664182537891,徐明,人社局,2025-06-12,3739.95,某加油站,会议费,印刷费
452,6282855364640490,朱红,农业农村局,2025-02-28,7307.94,某旅行社,办公用品,宣传费
453,6282549099432888,吴鑫,人社局,2025-05-27,2872.94,某餐饮公司,车辆加油,公务接待
454,6282410657866659,王芳,交通局,2025-02-21,239.37,某汽车维修厂,办公用品,培训费
455,6282588504104369,马超,教育局,2025-03-10,4511.72,某酒店,车辆加油,培训费
456,6282238009241342,吴鑫,交通局,2025-05-28,14838.87,某会议中心,印刷费,车辆维修
457,6282440474823408,赵敏,民政局,2025-04-21,12583.71,某酒店,差旅住宿,差旅住宿
458,6282609212771849,刘洋,交通局,2025-06-10,12967.77,某印刷厂,宣传费,车辆维修
459,6282837024639921,王芳,农业农村局,2025-05-04,5231.57,某广告公司,会议费,车辆维修
460,6282331849153815,孙丽,人社局,2025-03-24,11148.07,某广告公司,车辆维修,车辆维修
461,6282945571323607,孙丽,民政局,2025-05-19,2119.4,某办公用品店,会议费,宣传费
462,6282834271072702,王芳,科技局,2025-01-12,348.51,某印刷厂,印刷费,车辆加油
463,6282469345404259,吴鑫,卫健委,2025-06-26,10230.57,某餐饮公司,印刷费,培训费
464,6282151905378623,马超,卫健委,2025-04-13,1996.54,某办公用品店,会议费,办公用品
465,6282662983457640,王芳,住建局,2025-02-21,1908.56,某酒店,印刷费,培训费
466,6282399526587194,朱红,民政局,2025-05-09,9946.17,某餐饮公司,差旅住宿,公务接待
467,6282682452897702,徐明,农业农村局,2025-04-08,6586.98,某酒店,差旅住宿,印刷费
468,6282977060673322,黄磊,民政局,2025-05-26,11488.71,某印刷厂,宣传费,车辆维修
469,6282252126577147,马超,农业农村局,2025-02-26,8166.74,某办公用品店,公务接待,公务接待
470,6282630948573942,杨帆,科技局,2025-02-21,8483.93,某汽车维修厂,培训费,车辆维修
471,6282300598560851,孙丽,人社局,2025-03-02,4047.32,某旅行社,办公用品,宣传费
472,6282754279278097,赵敏,民政局,2025-06-06,13448.3,某广告公司,印刷费,会议费
473,6282755822782751,孙丽,人社局,2025-06-10,12506.91,某印刷厂,印刷费,车辆加油
474,6282476051554148,徐明,科技局,2025-02-12,14715.82,某加油站,印刷费,宣传费
475,6282661369723243,胡兵,科技局,2025-02-06,8496.97,某加油站,宣传费,办公用品
476,6282496251344879,刘洋,卫健委,2025-05-17,10278.59,某加油站,车辆维修,会议费
477,6282829914053891,周杰,住建局,2025-01-08,5334.52,某酒店,公务接待,办公用品
478,6282566915965516,陈静,民政局,2025-06-28,4989.56,某办公用品店,办公用品,宣传费
479,6282641840028865,刘洋,科技局,2025-06-18,11803.85,某印刷厂,宣传费,宣传费
480,6282300485394048,王芳,交通局,2025-06-09,12962.1,某广告公司,公务接待,差旅住宿
481,6282526819168826,杨帆,卫健委,2025-03-22,4166.14,某办公用品店,会议费,培训费
482,6282924039356559,黄磊,人社局,2025-02-20,11353.1,某旅行社,培训费,培训费
483,6282963264811301,张伟,民政局,2025-04-17,10000.08,某广告公司,办公用品,车辆维修
484,6282673000264751,李娜,民政局,2025-06-25,1954.87,某餐饮公司,公务接待,办公用品
485,6282290908241954,张伟,教育局,2025-04-04,1763.39,某餐饮公司,印刷费,车辆加油
486,6282699431455781,朱红,住建局,2025-01-09,4939.11,某汽车维修厂,办公用品,印刷费
487,6282587373503164,徐明,民政局,2025-01-24,2368.66,某会议中心,车辆维修,车辆维修
488,6282730732262114,徐明,交通局,2025-04-08,12537.91,某汽车维修厂,印刷费,印刷费
489,6282744753633852,林雪,民政局,2025-04-18,7769.69,某会议中心,车辆维修,培训费
490,6282826663369372,胡兵,交通局,2025-04-11,5407.23,某广告公司,宣传费,会议费
491,6282133106075552,李娜,农业农村局,2025-06-08,10279.05,某汽车维修厂,宣传费,培训费
492,6282204250380245,李娜,教育局,2025-05-03,6341.25,某酒店,办公用品,车辆维修
493,6282256197867050,林雪,民政局,2025-02-12,12788.59,某汽车维修厂,印刷费,会议费
494,6282950203516127,孙丽,卫健委,2025-05-15,653.12,某加油站,办公用品,公务接待
495,6282574959071469,刘洋,住建局,2025-04-14,7941.39,某餐饮公司,办公用品,会议费
496,6282640114382570,张伟,科技局,2025-02-25,12349.48,某印刷厂,差旅住宿,办公用品
497,6282308206730511,朱红,卫健委,2025-01-17,6898.98,某印刷厂,培训费,培训费
498,6282990564041182,刘洋,教育局,2025-03-09,4293.55,某旅行社,公务接待,差旅住宿
499,6282796555558481,陈静,教育局,2025-02-06,13235.91,某汽车维修厂,车辆加油,宣传费
500,6282197931405959,朱红,卫健委,2025-06-23,11056.22,某旅行社,会议费,车辆加油
501,6282535642454080,杨帆,住建局,2025-02-04,2517.68,某酒店,印刷费,培训费
502,6282807766199496,李娜,交通局,2025-01-07,4243.57,某加油站,车辆维修,会议费
503,6282167391434908,胡兵,住建局,2025-05-08,1042.98,某汽车维修厂,会议费,差旅住宿
504,6282311871679906,刘洋,人社局,2025-02-13,3297.54,某餐饮公司,会议费,车辆加油
505,6282452662414167,赵敏,交通局,2025-05-27,11435.06,某汽车维修厂,办公用品,印刷费
506,6282433838055170,徐明,民政局,2025-02-12,3835.97,某广告公司,公务接待,差旅住宿
507,6282359510166396,吴鑫,农业农村局,2025-04-21,3565.35,某汽车维修厂,印刷费,会议费
508,6282498597267852,陈静,卫健委,2025-04-04,14016.41,某餐饮公司,办公用品,宣传费
509,6282326333078061,杨帆,民政局,2025-03-05,6448.8,某餐饮公司,宣传费,会议费
510,6282786868012770,陈静,农业农村局,2025-06-15,10342.68,某汽车维修厂,公务接待,公务接待
511,6282177791710501,陈静,卫健委,2025-06-27,721.16,某餐饮公司,差旅住宿,公务接待
512,6282379893999873,杨帆,交通局,2025-01-23,9744.08,某广告公司,会议费,车辆维修
513,6282167410741075,林雪,民政局,2025-01-25,10350.67,某旅行社,培训费,会议费
514,6282117952285819,徐明,教育局,2025-02-05,11948.91,某加油站,印刷费,车辆维修
515,6282314907679174,王芳,人社局,2025-04-15,14363.93,某办公用品店,办公用品,差旅住宿
516,6282909494093715,陈静,交通局,2025-05-04,7221.49,某汽车维修厂,差旅住宿,公务接待
517,6282973974582476,张伟,民政局,2025-04-01,3020.82,某办公用品店,差旅住宿,培训费
518,6282798762855092,陈静,人社局,2025-05-17,5469.72,某会议中心,差旅住宿,差旅住宿
519,6282793794591580,赵敏,民政局,2025-06-22,1774.57,某旅行社,车辆加油,印刷费
520,6282935916576977,吴鑫,民政局,2025-02-04,10708.01,某印刷厂,培训费,宣传费
521,6282214576113065,徐明,农业农村局,2025-06-03,8786.57,某酒店,差旅住宿,宣传费
522,6282321931909636,胡兵,卫健委,2025-04-18,10432.46,某印刷厂,培训费,公务接待
523,6282614521046719,陈静,交通局,2025-01-05,1048.12,某汽车维修厂,宣传费,车辆加油
524,6282144244884525,王芳,农业农村局,2025-06-07,11375.13,某广告公司,公务接待,车辆维修
525,6282140837930020,胡兵,住建局,2025-03-05,5772.95,某印刷厂,印刷费,办公用品
526,6282964497057479,徐明,农业农村局,2025-01-16,9629.68,某广告公司,办公用品,培训费
527,6282183410106228,杨帆,卫健委,2025-01-22,2980.22,某会议中心,会议费,办公用品
528,6282266531670048,刘洋,科技局,2025-06-15,7343.66,某汽车维修厂,车辆维修,车辆加油
529,6282550451151690,马超,人社局,2025-06-19,1237.11,某印刷厂,公务接待,差旅住宿
530,6282424192729883,张伟,民政局,2025-05-12,5298.2,某旅行社,差旅住宿,车辆维修
531,6282498208605534,李娜,交通局,2025-06-12,10730.15,某餐饮公司,公务接待,会议费
532,6282865194049278,陈静,科技局,2025-03-15,1845.59,某办公用品店,会议费,车辆加油
533,6282216045138765,王芳,卫健委,2025-02-27,11092.42,某广告公司,差旅住宿,培训费
534,6282840280726867,杨帆,人社局,2025-05-02,7382.11,某印刷厂,办公用品,车辆加油
535,6282614477429096,杨帆,卫健委,2025-06-01,610.14,某会议中心,宣传费,办公用品
536,6282569747119623,王芳,人社局,2025-02-18,9345.96,某加油站,办公用品,培训费
537,6282397492160265,朱红,人社局,2025-01-26,14579.89,某广告公司,车辆加油,会议费
538,6282548304462127,朱红,科技局,2025-01-04,6116.32,某加油站,办公用品,差旅住宿
539,6282863645181881,徐明,人社局,2025-03-28,4081.93,某印刷厂,宣传费,办公用品
540,6282449322491433,林雪,人社局,2025-03-18,14790.19,某加油站,差旅住宿,培训费
541,6282380074847526,胡兵,民政局,2025-02-19,4792.67,某旅行社,办公用品,车辆维修
542,6282122185875843,刘洋,农业农村局,2025-03-09,7010.46,某印刷厂,宣传费,差旅住宿
543,6282526677684250,陈静,教育局,2025-04-06,1122.81,某旅行社,印刷费,公务接待
544,6282450934769797,朱红,民政局,2025-01-08,4022.49,某会议中心,会议费,公务接待
545,6282865234357843,孙丽,教育局,2025-06-21,5239.62,某餐饮公司,宣传费,车辆维修
546,6282567452365312,张伟,卫健委,2025-05-10,12712.09,某酒店,培训费,差旅住宿
547,6282528850800550,陈静,人社局,2025-02-27,1697.46,某餐饮公司,宣传费,办公用品
548,6282182647696657,徐明,教育局,2025-01-08,3189.15,某旅行社,差旅住宿,办公用品
549,6282189223496924,刘洋,科技局,2025-03-01,11386.02,某印刷厂,差旅住宿,车辆加油
550,6282933930387504,朱红,科技局,2025-01-13,753.98,某餐饮公司,印刷费,办公用品
551,6282573018489824,马超,交通局,2025-01-26,11825.06,某汽车维修厂,公务接待,车辆加油
552,6282830439665096,张伟,科技局,2025-06-28,11030.25,某办公用品店,车辆加油,公务接待
553,6282259912544937,黄磊,交通局,2025-03-02,14994.07,某酒店,办公用品,宣传费
554,6282405064362725,周杰,人社局,2025-03-06,5397.38,某会议中心,会议费,培训费
555,6282977119201671,陈静,教育局,2025-04-28,877.83,某酒店,公务接待,车辆加油
556,6282426336321414,徐明,人社局,2025-05-23,13462.25,某旅行社,办公用品,培训费
557,6282832473909013,周杰,科技局,2025-04-06,7618.51,某印刷厂,办公用品,车辆加油
558,6282894008769505,杨帆,民政局,2025-04-03,8223.46,某旅行社,车辆加油,公务接待
559,6282936570041965,林雪,教育局,2025-01-25,11894.0,某办公用品店,车辆维修,办公用品
560,6282900183414002,黄磊,卫健委,2025-05-20,14472.58,某会议中心,车辆加油,宣传费
561,6282649528629110,王芳,住建局,2025-02-20,4406.47,某旅行社,会议费,公务接待
562,6282889303322935,陈静,教育局,2025-03-16,6303.25,某广告公司,办公用品,培训费
563,6282412245865136,徐明,科技局,2025-03-22,6100.7,某加油站,车辆加油,办公用品
564,6282906638717124,周杰,交通局,2025-02-19,542.42,某餐饮公司,培训费,印刷费
565,6282126839317453,黄磊,人社局,2025-04-12,2828.06,某酒店,印刷费,宣传费
566,6282569339948308,孙丽,农业农村局,2025-04-28,12101.45,某印刷厂,车辆维修,车辆维修
567,6282225356249024,周杰,人社局,2025-06-23,14101.88,某酒店,差旅住宿,会议费
568,6282391391550837,林雪,卫健委,2025-02-05,5454.5,某餐饮公司,宣传费,宣传费
569,6282387158024429,孙丽,农业农村局,2025-04-12,7486.41,某办公用品店,公务接待,差旅住宿
570,6282298166927529,李娜,教育局,2025-01-07,5650.33,某办公用品店,会议费,车辆加油
571,6282481273044470,陈静,住建局,2025-03-04,10031.55,某餐饮公司,车辆加油,公务接待
572,6282532124362357,朱红,科技局,2025-06-08,3371.99,某会议中心,差旅住宿,培训费
573,6282831031793216,杨帆,教育局,2025-02-13,1571.51,某酒店,宣传费,车辆维修
574,6282485566528881,周杰,人社局,2025-04-15,13222.45,某汽车维修厂,办公用品,培训费
575,6282367716519260,马超,民政局,2025-05-24,10640.52,某广告公司,车辆维修,公务接待
576,6282904105600408,黄磊,教育局,2025-01-05,1667.02,某餐饮公司,培训费,差旅住宿
577,6282627879621382,陈静,教育局,2025-06-16,9293.74,某广告公司,会议费,车辆加油
578,6282302374395635,周杰,交通局,2025-02-07,7117.63,某汽车维修厂,车辆加油,车辆维修
579,6282322478328578,黄磊,交通局,2025-02-23,13411.63,某旅行社,印刷费,公务接待
580,6282537685920421,刘洋,民政局,2025-03-19,1545.77,某广告公司,差旅住宿,车辆加油
581,6282523950065044,周杰,科技局,2025-01-19,4622.0,某印刷厂,车辆加油,车辆加油
582,6282369073720504,赵敏,农业农村局,2025-01-25,12543.15,某餐饮公司,宣传费,印刷费
583,6282983822905865,杨帆,住建局,2025-02-02,7619.07,某旅行社,车辆维修,培训费
584,6282463014888713,杨帆,人社局,2025-02-22,7567.91,某办公用品店,车辆维修,培训费
585,6282970243225924,徐明,住建局,2025-03-04,7579.96,某酒店,宣传费,差旅住宿
586,6282161594561467,陈静,卫健委,2025-04-08,1250.92,某广告公司,车辆维修,印刷费
587,6282895447168687,朱红,交通局,2025-03-16,1748.49,某印刷厂,差旅住宿,车辆加油
588,6282849531424335,陈静,卫健委,2025-04-01,10109.5,某酒店,会议费,办公用品
589,6282831578084989,陈静,农业农村局,2025-06-02,366.96,某酒店,差旅住宿,办公用品
590,6282415393239907,吴鑫,住建局,2025-03-26,1861.53,某餐饮公司,车辆加油,培训费
591,6282503469542162,李娜,交通局,2025-01-14,4909.92,某酒店,车辆维修,宣传费
592,6282284283697601,徐明,卫健委,2025-03-02,6732.0,某广告公司,车辆加油,会议费
593,6282217257650024,林雪,交通局,2025-06-07,1379.08,某印刷厂,会议费,差旅住宿
594,6282586568062930,赵敏,人社局,2025-05-26,9720.95,某汽车维修厂,办公用品,培训费
595,6282855902890157,孙丽,教育局,2025-05-21,4592.11,某旅行社,车辆加油,培训费
596,6282104218483672,吴鑫,卫健委,2025-04-24,8713.7,某旅行社,办公用品,办公用品
597,6282216546345068,张伟,人社局,2025-04-24,12224.94,某旅行社,公务接待,印刷费
598,6282908390888389,杨帆,交通局,2025-03-05,3493.3,某会议中心,差旅住宿,差旅住宿
599,6282668277800523,孙丽,住建局,2025-01-01,1160.52,某酒店,培训费,车辆加油
600,6282936313528584,马超,住建局,2025-02-04,8213.7,某广告公司,公务接待,车辆加油
601,6282337641497464,朱红,人社局,2025-05-21,3903.79,某酒店,会议费,办公用品
602,6282693240336169,刘洋,交通局,2025-04-18,5666.42,某会议中心,办公用品,车辆加油
603,6282190059128777,张伟,人社局,2025-02-09,14649.86,某餐饮公司,宣传费,办公用品
604,6282115105626465,张伟,交通局,2025-02-27,10121.2,某会议中心,培训费,会议费
605,6282961885118856,孙丽,卫健委,2025-05-06,6428.76,某加油站,公务接待,办公用品
606,6282409105466106,徐明,教育局,2025-04-07,14625.56,某餐饮公司,宣传费,公务接待
607,6282159679402080,马超,农业农村局,2025-06-08,14145.96,某汽车维修厂,公务接待,印刷费
608,6282307308475982,马超,住建局,2025-03-07,2873.04,某餐饮公司,培训费,印刷费
609,6282100525154278,林雪,民政局,2025-04-14,14915.26,某餐饮公司,办公用品,车辆维修
610,6282993862759159,陈静,科技局,2025-02-14,11141.24,某酒店,公务接待,车辆维修
611,6282652977237105,徐明,教育局,2025-06-16,9151.02,某广告公司,车辆维修,差旅住宿
612,6282859530341426,朱红,卫健委,2025-06-16,13384.98,某会议中心,车辆维修,差旅住宿
613,6282340401426931,杨帆,住建局,2025-02-20,11701.02,某印刷厂,办公用品,印刷费
614,6282241937880957,徐明,人社局,2025-03-01,7116.19,某酒店,车辆加油,公务接待
615,6282747359295118,林雪,住建局,2025-02-08,10313.5,某广告公司,印刷费,会议费
616,6282521975569675,徐明,人社局,2025-01-10,13401.09,某酒店,差旅住宿,车辆加油
617,6282838745245176,陈静,交通局,2025-06-27,13088.14,某汽车维修厂,会议费,公务接待
618,6282358458440302,林雪,卫健委,2025-03-18,14075.89,某汽车维修厂,差旅住宿,办公用品
619,6282620489978891,胡兵,人社局,2025-06-18,8454.67,某广告公司,公务接待,印刷费
620,6282323819273477,朱红,农业农村局,2025-06-02,9874.63,某汽车维修厂,会议费,会议费
621,6282951348299530,张伟,民政局,2025-01-05,12918.34,某广告公司,宣传费,印刷费
622,6282282459563669,赵敏,人社局,2025-03-24,9288.79,某汽车维修厂,车辆维修,公务接待
623,6282469428765761,刘洋,民政局,2025-03-11,11035.41,某餐饮公司,培训费,车辆维修
624,6282313779438899,赵敏,民政局,2025-02-25,10592.42,某会议中心,办公用品,公务接待
625,6282833019368230,吴鑫,交通局,2025-01-17,10450.41,某广告公司,办公用品,培训费
626,6282191284008707,刘洋,人社局,2025-05-24,11704.5,某旅行社,办公用品,印刷费
627,6282432506193639,杨帆,教育局,2025-01-18,9081.45,某会议中心,差旅住宿,车辆维修
628,6282664549210767,马超,民政局,2025-01-13,8063.07,某加油站,会议费,培训费
629,6282983681777271,张伟,住建局,2025-04-27,13856.6,某加油站,印刷费,会议费
630,6282649289836498,吴鑫,交通局,2025-03-28,12121.38,某会议中心,公务接待,车辆维修
631,6282160533851066,周杰,科技局,2025-06-10,3748.94,某加油站,车辆加油,公务接待
632,6282186485900051,张伟,民政局,2025-06-06,3437.71,某汽车维修厂,办公用品,宣传费
633,6282450807869364,胡兵,人社局,2025-04-04,6710.75,某印刷厂,印刷费,车辆维修
634,6282386943816795,吴鑫,住建局,2025-03-27,13470.19,某广告公司,印刷费,印刷费
635,6282709536410087,周杰,民政局,2025-06-08,9435.79,某加油站,培训费,培训费
636,6282832808690476,黄磊,民政局,2025-02-16,3467.38,某会议中心,宣传费,宣传费
637,6282482008940262,朱红,交通局,2025-05-26,14630.6,某广告公司,车辆加油,公务接待
638,6282916516402908,吴鑫,住建局,2025-05-01,9487.39,某餐饮公司,差旅住宿,培训费
639,6282738027771428,孙丽,教育局,2025-04-10,635.64,某广告公司,公务接待,车辆维修
640,6282503640290626,马超,农业农村局,2025-06-20,8408.59,某酒店,办公用品,公务接待
641,6282586647286790,张伟,住建局,2025-06-09,9953.34,某会议中心,培训费,办公用品
642,6282417256339625,朱红,卫健委,2025-06-18,4622.55,某加油站,公务接待,会议费
643,6282625051390375,杨帆,民政局,2025-06-16,1868.17,某印刷厂,印刷费,会议费
644,6282596531763251,林雪,交通局,2025-03-07,11757.46,某印刷厂,差旅住宿,公务接待
645,6282608806186615,王芳,教育局,2025-06-20,8513.86,某广告公司,车辆维修,公务接待
646,6282659936596746,林雪,科技局,2025-03-24,2409.34,某酒店,办公用品,培训费
647,6282563306031566,马超,卫健委,2025-02-26,10252.94,某汽车维修厂,公务接待,车辆加油
648,6282362274435702,张伟,农业农村局,2025-06-07,1563.57,某餐饮公司,车辆加油,办公用品
649,6282660627831406,王芳,民政局,2025-01-01,4291.1,某广告公司,差旅住宿,培训费
650,6282659208146047,刘洋,人社局,2025-05-01,11691.38,某餐饮公司,车辆维修,培训费
651,6282714329354146,杨帆,农业农村局,2025-06-13,13224.3,某餐饮公司,培训费,差旅住宿
652,6282455384376663,周杰,民政局,2025-06-18,5324.5,某汽车维修厂,车辆加油,公务接待
653,6282954639463849,李娜,农业农村局,2025-01-14,13863.49,某餐饮公司,公务接待,车辆维修
654,6282192951494412,马超,人社局,2025-02-25,4525.24,某会议中心,差旅住宿,印刷费
655,6282166185353291,孙丽,教育局,2025-04-28,5180.12,某旅行社,公务接待,公务接待
656,6282195465756370,王芳,科技局,2025-04-22,4182.16,某广告公司,车辆维修,车辆维修
657,6282695815878953,李娜,农业农村局,2025-01-13,6564.27,某餐饮公司,车辆维修,宣传费
658,6282456444891321,吴鑫,人社局,2025-02-24,1384.02,某加油站,印刷费,车辆加油
659,6282313040471021,林雪,卫健委,2025-01-09,2238.07,某会议中心,印刷费,公务接待
660,6282666255779158,朱红,人社局,2025-02-19,14165.1,某广告公司,车辆维修,车辆维修
661,6282165791762114,朱红,交通局,2025-01-12,153.44,某加油站,车辆加油,宣传费
662,6282763695146686,黄磊,教育局,2025-05-07,3595.11,某会议中心,车辆加油,培训费
663,6282763921568316,杨帆,教育局,2025-05-09,2009.98,某酒店,印刷费,培训费
664,6282599319693090,陈静,卫健委,2025-02-22,9256.83,某会议中心,会议费,办公用品
665,6282850240817893,胡兵,科技局,2025-01-05,332.14,某汽车维修厂,宣传费,车辆维修
666,6282434611433059,黄磊,科技局,2025-06-10,3329.02,某旅行社,车辆维修,车辆加油
667,6282882520503022,黄磊,农业农村局,2025-06-27,1384.64,某旅行社,会议费,车辆维修
668,6282166094328351,徐明,人社局,2025-03-13,7002.59,某印刷厂,车辆维修,会议费
669,6282952772736756,刘洋,科技局,2025-03-17,4077.74,某酒店,车辆维修,公务接待
670,6282899776604412,赵敏,科技局,2025-01-05,10109.63,某加油站,宣传费,车辆维修
671,6282624554704427,赵敏,农业农村局,2025-04-26,8331.06,某汽车维修厂,差旅住宿,培训费
672,6282479614325403,陈静,卫健委,2025-02-02,841.36,某办公用品店,差旅住宿,宣传费
673,6282284896267301,马超,卫健委,2025-03-23,10506.22,某加油站,宣传费,印刷费
674,6282375233985242,孙丽,人社局,2025-02-05,14471.36,某广告公司,办公用品,车辆维修
675,6282898412724833,胡兵,教育局,2025-05-16,13703.58,某加油站,宣传费,公务接待
676,6282679526407413,陈静,人社局,2025-06-28,13935.95,某旅行社,车辆维修,会议费
677,6282651648029268,张伟,卫健委,2025-02-15,13896.66,某酒店,车辆加油,宣传费
678,6282453579742330,王芳,住建局,2025-03-21,14986.05,某汽车维修厂,办公用品,差旅住宿
679,6282458660455352,张伟,民政局,2025-05-16,11632.34,某旅行社,宣传费,办公用品
680,6282362056891160,胡兵,卫健委,2025-05-19,12789.56,某印刷厂,差旅住宿,宣传费
681,6282384816068414,赵敏,住建局,2025-02-28,3950.27,某旅行社,车辆维修,车辆加油
682,6282139263636809,刘洋,民政局,2025-05-20,1298.49,某印刷厂,差旅住宿,差旅住宿
683,6282298710025031,杨帆,民政局,2025-04-18,6999.11,某会议中心,差旅住宿,车辆维修
684,6282410199043183,刘洋,科技局,2025-04-05,4592.7,某办公用品店,办公用品,印刷费
685,6282227901175303,陈静,住建局,2025-04-20,63.92,某餐饮公司,车辆维修,办公用品
686,6282468646296119,周杰,住建局,2025-05-16,10103.08,某会议中心,差旅住宿,培训费
687,6282373359410444,刘洋,科技局,2025-05-18,9946.73,某汽车维修厂,培训费,会议费
688,6282502442324011,赵敏,卫健委,2025-01-18,7391.15,某旅行社,差旅住宿,办公用品
689,6282724599406116,杨帆,农业农村局,2025-06-05,12762.99,某餐饮公司,培训费,公务接待
690,6282763453122865,刘洋,教育局,2025-04-15,10903.37,某加油站,宣传费,车辆加油
691,6282808248296961,王芳,住建局,2025-04-14,3362.61,某办公用品店,公务接待,会议费
692,6282548611968925,杨帆,教育局,2025-06-03,10942.32,某会议中心,培训费,办公用品
693,6282372630830536,林雪,教育局,2025-01-23,3084.3,某广告公司,宣传费,会议费
694,6282210458216122,林雪,科技局,2025-02-09,4083.78,某加油站,公务接待,车辆维修
695,6282664909294704,李娜,科技局,2025-02-16,5762.37,某酒店,车辆加油,公务接待
696,6282991806048809,黄磊,教育局,2025-01-28,7622.25,某广告公司,公务接待,培训费
697,6282397989799424,周杰,教育局,2025-03-24,12506.39,某餐饮公司,办公用品,宣传费
698,6282627473284440,孙丽,卫健委,2025-01-21,13082.3,某加油站,办公用品,宣传费
699,6282106234211529,徐明,教育局,2025-06-14,345.34,某办公用品店,车辆加油,公务接待
700,6282491807407305,徐明,科技局,2025-01-26,5701.23,某印刷厂,车辆加油,宣传费
701,6282588425750182,杨帆,农业农村局,2025-03-07,14006.87,某加油站,宣传费,培训费
702,6282794010893719,徐明,卫健委,2025-01-04,3894.06,某旅行社,培训费,会议费
703,6282590839107613,胡兵,人社局,2025-03-06,13134.41,某加油站,会议费,办公用品
704,6282197403133718,王芳,教育局,2025-01-20,3640.8,某会议中心,培训费,车辆加油
705,6282467560542427,杨帆,交通局,2025-01-23,5194.38,某办公用品店,办公用品,宣传费
706,6282722492819050,林雪,民政局,2025-02-03,2014.8,某酒店,车辆维修,宣传费
707,6282786691576256,马超,民政局,2025-05-20,13537.44,某印刷厂,公务接待,宣传费
708,6282226883944572,胡兵,人社局,2025-01-11,3539.26,某广告公司,差旅住宿,印刷费
709,6282331128084314,胡兵,教育局,2025-01-23,875.33,某汽车维修厂,差旅住宿,差旅住宿
710,6282567429567040,胡兵,人社局,2025-03-10,6030.93,某印刷厂,公务接待,会议费
711,6282695900155544,吴鑫,教育局,2025-03-14,397.39,某汽车维修厂,车辆维修,印刷费
712,6282770150153150,陈静,农业农村局,2025-06-25,2068.48,某办公用品店,宣传费,培训费
713,6282962488621638,黄磊,教育局,2025-02-22,1529.87,某餐饮公司,印刷费,办公用品
714,6282953427812560,胡兵,交通局,2025-06-22,2020.42,某加油站,办公用品,车辆维修
715,6282878350137363,孙丽,农业农村局,2025-01-21,8050.85,某旅行社,宣传费,宣传费
716,6282943997521322,胡兵,民政局,2025-02-17,2511.88,某汽车维修厂,差旅住宿,会议费
717,6282910074821181,胡兵,教育局,2025-04-05,12968.67,某旅行社,会议费,车辆加油
718,6282110714185363,黄磊,科技局,2025-04-24,2407.47,某广告公司,会议费,宣传费
719,6282753538307053,周杰,交通局,2025-04-19,2253.44,某加油站,印刷费,公务接待
720,6282297190535692,朱红,科技局,2025-01-20,7458.95,某印刷厂,会议费,车辆加油
721,6282923123403797,周杰,农业农村局,2025-01-14,8684.94,某加油站,宣传费,培训费
722,6282251620425350,赵敏,教育局,2025-04-10,13952.18,某加油站,宣传费,印刷费
723,6282778920730253,吴鑫,交通局,2025-04-21,1585.16,某办公用品店,公务接待,车辆加油
724,6282564582969908,刘洋,住建局,2025-02-02,12117.78,某汽车维修厂,办公用品,宣传费
725,6282171260778565,朱红,住建局,2025-01-01,4781.39,某酒店,办公用品,宣传费
726,6282931069066079,陈静,人社局,2025-04-24,13507.2,某办公用品店,差旅住宿,培训费
727,6282922194677459,朱红,住建局,2025-05-06,181.86,某加油站,公务接待,公务接待
728,6282460089742722,李娜,民政局,2025-06-27,10191.4,某加油站,宣传费,车辆维修
729,6282437787255422,孙丽,人社局,2025-04-03,14362.88,某印刷厂,车辆维修,车辆加油
730,6282189595244730,胡兵,人社局,2025-05-06,10214.07,某印刷厂,车辆维修,宣传费
731,6282881536459563,黄磊,交通局,2025-05-18,7304.41,某加油站,宣传费,差旅住宿
732,6282262091864443,黄磊,交通局,2025-06-13,8917.52,某印刷厂,宣传费,公务接待
733,6282263512947098,刘洋,交通局,2025-02-15,8324.65,某餐饮公司,办公用品,差旅住宿
734,6282311748599565,王芳,教育局,2025-06-28,3764.43,某广告公司,宣传费,宣传费
735,6282839029798065,刘洋,住建局,2025-04-22,14505.65,某加油站,车辆加油,宣传费
736,6282560664027885,杨帆,民政局,2025-03-12,4942.87,某会议中心,会议费,培训费
737,6282707302418532,周杰,教育局,2025-03-04,5958.23,某汽车维修厂,办公用品,办公用品
738,6282830427307917,杨帆,农业农村局,2025-01-08,8675.75,某酒店,差旅住宿,车辆加油
739,6282783678712744,杨帆,交通局,2025-01-19,6192.26,某汽车维修厂,公务接待,车辆加油
740,6282198481489376,王芳,科技局,2025-06-21,7503.25,某汽车维修厂,办公用品,培训费
741,6282682977333577,王芳,人社局,2025-03-05,4785.74,某汽车维修厂,培训费,车辆维修
742,6282480640773332,李娜,农业农村局,2025-01-02,9925.38,某会议中心,公务接待,会议费
743,6282749977317319,林雪,人社局,2025-03-19,7716.98,某广告公司,公务接待,公务接待
744,6282493504628708,张伟,人社局,2025-04-13,1423.2,某加油站,车辆维修,印刷费
745,6282307356523017,胡兵,教育局,2025-04-24,12982.5,某酒店,公务接待,公务接待
746,6282984923429182,胡兵,教育局,2025-01-18,7747.5,某酒店,办公用品,差旅住宿
747,6282330342493436,王芳,科技局,2025-04-06,14414.78,某旅行社,印刷费,办公用品
748,6282901146351158,朱红,农业农村局,2025-02-22,10915.58,某会议中心,车辆加油,公务接待
749,6282981098663001,黄磊,民政局,2025-06-16,11433.22,某餐饮公司,车辆加油,办公用品
750,6282869218674289,胡兵,卫健委,2025-06-12,8976.38,某加油站,差旅住宿,印刷费
751,6282801712485893,张伟,民政局,2025-01-05,13620.36,某旅行社,培训费,会议费
752,6282631360876516,张伟,卫健委,2025-02-26,14399.1,某办公用品店,培训费,宣传费
753,6282649769766650,刘洋,卫健委,2025-03-22,7322.52,某汽车维修厂,车辆加油,宣传费
754,6282759373083608,孙丽,民政局,2025-04-13,13816.91,某会议中心,办公用品,印刷费
755,6282505911035930,刘洋,科技局,2025-04-10,8737.29,某加油站,会议费,宣传费
756,6282561094712862,黄磊,卫健委,2025-03-07,1723.22,某印刷厂,办公用品,办公用品
757,6282396215169688,孙丽,民政局,2025-06-09,11251.73,某加油站,培训费,会议费
758,6282483683869948,吴鑫,住建局,2025-03-02,4701.18,某酒店,车辆维修,办公用品
759,6282714342934159,刘洋,住建局,2025-05-06,12087.22,某餐饮公司,培训费,印刷费
760,6282930642422204,杨帆,教育局,2025-06-18,7213.6,某酒店,公务接待,公务接待
761,6282345668155994,周杰,科技局,2025-01-20,2492.35,某加油站,车辆加油,公务接待
762,6282597172671314,徐明,交通局,2025-04-07,440.95,某旅行社,公务接待,培训费
763,6282791541007660,徐明,交通局,2025-01-06,994.79,某办公用品店,会议费,培训费
764,6282682014303828,林雪,教育局,2025-05-13,12139.01,某酒店,公务接待,印刷费
765,6282647276409892,陈静,住建局,2025-02-26,11298.47,某旅行社,培训费,会议费
766,6282137362201153,刘洋,人社局,2025-02-14,4757.65,某汽车维修厂,公务接待,培训费
767,6282961938220959,杨帆,科技局,2025-01-22,2138.97,某旅行社,公务接待,印刷费
768,6282102165019905,林雪,科技局,2025-02-06,1074.84,某酒店,公务接待,办公用品
769,6282564912609492,徐明,科技局,2025-06-17,6501.34,某办公用品店,宣传费,会议费
770,6282272325854168,赵敏,卫健委,2025-03-25,5005.44,某加油站,车辆维修,印刷费
771,6282920707276511,徐明,农业农村局,2025-03-04,1217.59,某会议中心,印刷费,差旅住宿
772,6282520702244577,徐明,农业农村局,2025-02-27,12690.69,某旅行社,宣传费,会议费
773,6282332777936618,胡兵,科技局,2025-03-26,1323.25,某广告公司,公务接待,公务接待
774,6282718301360223,徐明,人社局,2025-03-26,2660.03,某酒店,车辆加油,车辆加油
775,6282714699530084,胡兵,交通局,2025-04-16,6482.49,某印刷厂,培训费,宣传费
776,6282225653546702,李娜,教育局,2025-06-06,3989.17,某汽车维修厂,车辆加油,培训费
777,6282722881442571,李娜,交通局,2025-05-08,9807.61,某汽车维修厂,会议费,宣传费
778,6282763200406024,李娜,民政局,2025-02-17,10035.62,某汽车维修厂,会议费,车辆加油
779,6282236945273378,李娜,教育局,2025-04-09,11896.36,某印刷厂,印刷费,宣传费
780,6282131621345738,林雪,民政局,2025-05-03,10977.11,某会议中心,办公用品,印刷费
781,6282724740768713,马超,卫健委,2025-02-01,1778.55,某旅行社,车辆维修,车辆加油
782,6282688831446462,张伟,教育局,2025-05-03,8713.59,某加油站,宣传费,差旅住宿
783,6282676786242670,陈静,人社局,2025-03-15,1741.26,某办公用品店,办公用品,印刷费
784,6282770859280137,吴鑫,交通局,2025-06-28,11281.71,某汽车维修厂,车辆维修,车辆维修
785,6282806728064583,吴鑫,卫健委,2025-05-20,12423.67,某广告公司,差旅住宿,办公用品
786,6282747816618466,赵敏,教育局,2025-01-06,14797.78,某汽车维修厂,印刷费,公务接待
787,6282772053984576,赵敏,科技局,2025-03-09,2309.14,某餐饮公司,公务接待,公务接待
788,6282339855399036,张伟,人社局,2025-06-07,1954.05,某餐饮公司,车辆加油,会议费
789,6282417065363774,胡兵,民政局,2025-01-23,2386.36,某会议中心,车辆维修,车辆加油
790,6282794897451849,朱红,农业农村局,2025-02-19,9102.22,某加油站,印刷费,会议费
791,6282124493747285,林雪,卫健委,2025-03-26,3692.55,某加油站,差旅住宿,会议费
792,6282697985793527,朱红,民政局,2025-06-20,1508.83,某办公用品店,车辆维修,公务接待
793,6282783276590942,杨帆,交通局,2025-05-21,11318.24,某餐饮公司,车辆加油,公务接待
794,6282842636409815,周杰,民政局,2025-02-13,2162.51,某广告公司,办公用品,办公用品
795,6282981578140512,孙丽,农业农村局,2025-03-12,6475.44,某印刷厂,办公用品,公务接待
796,6282530572009623,孙丽,教育局,2025-02-18,9233.27,某酒店,车辆加油,差旅住宿
797,6282334263490300,李娜,住建局,2025-01-08,12821.41,某酒店,差旅住宿,差旅住宿
798,6282350719228519,林雪,科技局,2025-06-09,3755.04,某广告公司,会议费,培训费
799,6282285213983483,黄磊,农业农村局,2025-04-25,7786.84,某旅行社,宣传费,会议费
800,6282413834795794,黄磊,交通局,2025-06-16,8784.1,某旅行社,公务接待,办公用品
801,6282921626295402,赵敏,农业农村局,2025-06-18,12802.1,某餐饮公司,车辆维修,宣传费
802,6282695471412768,马超,人社局,2025-05-02,2314.98,某广告公司,办公用品,印刷费
803,6282696918639940,杨帆,农业农村局,2025-05-08,5250.35,某加油站,办公用品,印刷费
804,6282272629678967,马超,农业农村局,2025-01-25,1343.07,某汽车维修厂,车辆维修,培训费
805,6282349583624754,李娜,民政局,2025-04-04,9049.28,某旅行社,会议费,车辆维修
806,6282437211914111,吴鑫,交通局,2025-03-23,3912.76,某餐饮公司,公务接待,车辆加油
807,6282980345700858,林雪,住建局,2025-02-22,12778.1,某会议中心,差旅住宿,印刷费
808,6282403914216510,张伟,住建局,2025-05-07,12421.79,某旅行社,会议费,宣传费
809,6282518693846534,陈静,人社局,2025-05-15,1995.21,某办公用品店,印刷费,车辆加油
810,6282115833866359,刘洋,教育局,2025-06-12,9267.2,某餐饮公司,公务接待,培训费
811,6282904305595638,杨帆,科技局,2025-02-28,8469.83,某办公用品店,印刷费,办公用品
812,6282494497736691,徐明,交通局,2025-06-21,14181.03,某办公用品店,车辆维修,宣传费
813,6282102840339263,王芳,科技局,2025-03-26,6340.9,某旅行社,公务接待,差旅住宿
814,6282847042136469,陈静,科技局,2025-03-22,9064.03,某汽车维修厂,宣传费,培训费
815,6282880436133437,刘洋,教育局,2025-05-18,5561.01,某印刷厂,车辆维修,培训费
816,6282918181009511,刘洋,教育局,2025-04-25,1627.74,某酒店,印刷费,差旅住宿
817,6282136000617016,徐明,人社局,2025-04-16,7833.61,某餐饮公司,印刷费,宣传费
818,6282443363148294,刘洋,科技局,2025-03-23,13822.27,某广告公司,车辆维修,差旅住宿
819,6282241209253336,张伟,人社局,2025-04-18,3204.78,某旅行社,车辆维修,培训费
820,6282257005993358,杨帆,教育局,2025-03-18,3317.88,某加油站,车辆加油,会议费
821,6282219010009764,朱红,教育局,2025-06-12,13619.66,某汽车维修厂,办公用品,印刷费
822,6282314314645461,吴鑫,人社局,2025-01-01,12430.68,某加油站,差旅住宿,会议费
823,6282751501617449,黄磊,人社局,2025-02-25,1413.82,某广告公司,车辆加油,差旅住宿
824,6282824132646543,杨帆,民政局,2025-01-05,8679.55,某加油站,培训费,培训费
825,6282987321241608,朱红,农业农村局,2025-05-20,10585.06,某汽车维修厂,印刷费,培训费
826,6282265249339382,孙丽,民政局,2025-02-26,1557.94,某餐饮公司,培训费,车辆加油
827,6282767124453078,陈静,教育局,2025-02-18,12604.34,某汽车维修厂,印刷费,车辆维修
828,6282991082197885,张伟,科技局,2025-02-06,2725.62,某会议中心,会议费,培训费
829,6282405486352758,张伟,农业农村局,2025-03-04,1560.88,某加油站,会议费,车辆加油
830,6282186568542057,黄磊,教育局,2025-04-25,12834.48,某加油站,会议费,差旅住宿
831,6282403672899633,徐明,科技局,2025-05-24,3502.71,某汽车维修厂,印刷费,印刷费
832,6282964471928896,胡兵,卫健委,2025-02-09,7610.21,某旅行社,车辆维修,公务接待
833,6282425522693451,吴鑫,交通局,2025-06-13,2128.97,某酒店,宣传费,公务接待
834,6282619602573225,吴鑫,民政局,2025-03-08,2421.94,某旅行社,车辆加油,差旅住宿
835,6282908843207387,陈静,人社局,2025-03-19,8555.47,某会议中心,办公用品,差旅住宿
836,6282613042801576,林雪,农业农村局,2025-01-12,13396.52,某办公用品店,印刷费,差旅住宿
837,6282912747726810,赵敏,住建局,2025-05-17,9739.25,某会议中心,培训费,办公用品
838,6282188657132000,吴鑫,卫健委,2025-03-17,3264.28,某加油站,车辆维修,印刷费
839,6282782421020114,李娜,住建局,2025-04-07,2218.65,某会议中心,差旅住宿,差旅住宿
840,6282211941467079,周杰,农业农村局,2025-06-21,3971.83,某酒店,会议费,车辆维修
841,6282704810917033,李娜,教育局,2025-02-06,3217.24,某印刷厂,车辆维修,公务接待
842,6282491816285745,赵敏,教育局,2025-03-03,1365.94,某广告公司,会议费,车辆维修
843,6282943088974618,张伟,交通局,2025-03-07,4550.77,某印刷厂,车辆维修,会议费
844,6282202891266415,王芳,科技局,2025-02-25,5972.36,某办公用品店,宣传费,培训费
845,6282255917026312,刘洋,人社局,2025-05-06,8732.06,某印刷厂,车辆加油,公务接待
846,6282884795049894,孙丽,科技局,2025-06-15,7002.99,某加油站,公务接待,培训费
847,6282562747160259,林雪,人社局,2025-05-26,5659.89,某广告公司,公务接待,公务接待
848,6282575048534524,赵敏,人社局,2025-01-01,8769.66,某办公用品店,宣传费,公务接待
849,6282614419307613,林雪,交通局,2025-05-22,10734.66,某办公用品店,车辆加油,车辆加油
850,6282787426434208,刘洋,科技局,2025-04-14,1854.13,某会议中心,办公用品,公务接待
851,6282342031085431,徐明,教育局,2025-06-11,6428.73,某办公用品店,差旅住宿,差旅住宿
852,6282425582857075,张伟,人社局,2025-01-25,113.24,某广告公司,印刷费,宣传费
853,6282518142666735,李娜,卫健委,2025-05-14,10466.09,某办公用品店,会议费,差旅住宿
854,6282687484346230,徐明,交通局,2025-06-11,1289.36,某旅行社,培训费,办公用品
855,6282427956260092,张伟,教育局,2025-02-09,12526.52,某办公用品店,公务接待,宣传费
856,6282843880121792,胡兵,民政局,2025-02-13,11932.75,某酒店,公务接待,车辆维修
857,6282383329935293,赵敏,卫健委,2025-05-08,4424.48,某印刷厂,办公用品,宣传费
858,6282772054709607,吴鑫,农业农村局,2025-03-09,13727.91,某广告公司,公务接待,宣传费
859,6282120888810550,杨帆,教育局,2025-03-11,6118.23,某加油站,宣传费,宣传费
860,6282530807402088,赵敏,农业农村局,2025-05-21,6467.87,某加油站,办公用品,车辆加油
861,6282394690844861,陈静,民政局,2025-04-12,4002.37,某办公用品店,宣传费,车辆加油
862,6282363444684336,王芳,人社局,2025-01-16,1507.03,某旅行社,公务接待,宣传费
863,6282215091309050,陈静,卫健委,2025-02-26,12785.83,某印刷厂,印刷费,培训费
864,6282149286658339,马超,教育局,2025-02-21,11240.57,某酒店,差旅住宿,印刷费
865,6282556842747107,赵敏,科技局,2025-05-14,4284.89,某会议中心,宣传费,印刷费
866,6282594702427711,李娜,住建局,2025-02-22,4922.91,某加油站,公务接待,办公用品
867,6282170718369677,张伟,民政局,2025-06-25,339.94,某印刷厂,车辆维修,差旅住宿
868,6282359859805078,孙丽,住建局,2025-06-07,12306.07,某旅行社,会议费,培训费
869,6282120433383321,吴鑫,卫健委,2025-06-16,4195.83,某汽车维修厂,会议费,车辆加油
870,6282862810525334,周杰,交通局,2025-02-22,12098.55,某餐饮公司,培训费,印刷费
871,6282247087685693,杨帆,教育局,2025-01-17,13842.64,某印刷厂,培训费,差旅住宿
872,6282639698445868,李娜,民政局,2025-05-19,4013.9,某印刷厂,车辆加油,差旅住宿
873,6282740925113546,周杰,教育局,2025-03-17,2940.19,某加油站,宣传费,公务接待
874,6282170735883814,吴鑫,民政局,2025-06-12,1016.28,某广告公司,车辆维修,车辆维修
875,6282720293670345,张伟,住建局,2025-03-19,9104.71,某汽车维修厂,会议费,办公用品
876,6282127893330814,林雪,交通局,2025-06-05,10027.47,某汽车维修厂,车辆加油,宣传费
877,6282688874744724,杨帆,科技局,2025-01-06,8576.66,某加油站,差旅住宿,差旅住宿
878,6282154285981272,徐明,交通局,2025-06-02,9307.29,某印刷厂,办公用品,培训费
879,6282389607886910,孙丽,住建局,2025-03-12,10418.15,某办公用品店,印刷费,宣传费
880,6282599369822808,朱红,教育局,2025-01-03,7930.68,某酒店,会议费,会议费
881,6282390350414487,赵敏,卫健委,2025-03-09,12933.0,某汽车维修厂,会议费,办公用品
882,6282615458734041,徐明,民政局,2025-03-08,10694.25,某印刷厂,办公用品,差旅住宿
883,6282742677690162,林雪,人社局,2025-03-20,5117.73,某旅行社,车辆维修,车辆维修
884,6282550046284552,杨帆,住建局,2025-03-08,1988.01,某广告公司,差旅住宿,宣传费
885,6282111891838728,孙丽,交通局,2025-06-09,11604.68,某广告公司,车辆维修,会议费
886,6282302683004996,赵敏,住建局,2025-04-16,7307.2,某餐饮公司,车辆维修,公务接待
887,6282757891365614,徐明,卫健委,2025-02-23,1878.38,某餐饮公司,车辆维修,培训费
888,6282993164804588,陈静,民政局,2025-01-10,4505.78,某印刷厂,会议费,车辆加油
889,6282162222000688,徐明,交通局,2025-02-06,6284.94,某餐饮公司,会议费,培训费
890,6282527246313350,马超,民政局,2025-02-22,2604.59,某旅行社,差旅住宿,宣传费
891,6282504665148138,杨帆,科技局,2025-02-17,8784.57,某印刷厂,差旅住宿,培训费
892,6282451327421627,林雪,住建局,2025-05-03,12986.08,某会议中心,印刷费,培训费
893,6282418350591625,周杰,教育局,2025-05-05,4505.65,某会议中心,差旅住宿,车辆维修
894,6282551112443945,孙丽,人社局,2025-01-12,4590.57,某印刷厂,车辆维修,宣传费
895,6282148066399819,徐明,人社局,2025-06-21,2936.9,某会议中心,车辆维修,宣传费
896,6282644027181352,朱红,教育局,2025-04-13,13484.73,某印刷厂,会议费,培训费
897,6282434729456268,黄磊,卫健委,2025-01-18,6664.09,某印刷厂,办公用品,会议费
898,6282916664514460,李娜,农业农村局,2025-06-13,12277.53,某旅行社,印刷费,宣传费
899,6282500452690547,黄磊,农业农村局,2025-06-24,2370.04,某印刷厂,公务接待,印刷费
900,6282542757122968,马超,卫健委,2025-06-03,10809.24,某会议中心,车辆维修,车辆维修
901,6282537785974949,吴鑫,科技局,2025-04-15,4698.78,某汽车维修厂,公务接待,办公用品
902,6282107783331449,陈静,农业农村局,2025-05-08,5766.99,某会议中心,公务接待,印刷费
903,6282914670733586,孙丽,人社局,2025-04-27,4177.47,某汽车维修厂,培训费,公务接待
904,6282997534530668,李娜,人社局,2025-02-15,11408.84,某餐饮公司,宣传费,培训费
905,6282254829525332,马超,住建局,2025-05-24,5487.42,某汽车维修厂,差旅住宿,公务接待
906,6282963759189214,黄磊,卫健委,2025-01-14,9728.42,某餐饮公司,培训费,公务接待
907,6282236922064378,杨帆,科技局,2025-03-16,7321.41,某酒店,车辆加油,差旅住宿
908,6282390719475026,王芳,人社局,2025-04-12,14079.33,某会议中心,公务接待,差旅住宿
909,6282731819141671,杨帆,人社局,2025-06-21,7485.16,某酒店,印刷费,车辆维修
910,6282334040769273,胡兵,科技局,2025-06-02,11445.63,某会议中心,培训费,会议费
911,6282318759763137,胡兵,交通局,2025-01-12,8593.83,某酒店,办公用品,会议费
912,6282440060892917,周杰,农业农村局,2025-02-22,10239.88,某办公用品店,办公用品,公务接待
913,6282758670682739,张伟,卫健委,2025-03-04,5621.27,某加油站,公务接待,办公用品
914,6282632752794396,张伟,教育局,2025-03-05,9226.28,某办公用品店,培训费,印刷费
915,6282390701046115,朱红,科技局,2025-05-09,13077.92,某加油站,差旅住宿,车辆加油
916,6282959713406003,朱红,卫健委,2025-04-16,8031.2,某会议中心,公务接待,办公用品
917,6282577169320991,林雪,农业农村局,2025-04-12,79.33,某会议中心,车辆维修,公务接待
918,6282409698754479,陈静,民政局,2025-05-26,5266.21,某加油站,会议费,车辆加油
919,6282800976052050,胡兵,民政局,2025-03-24,12289.24,某广告公司,车辆维修,宣传费
920,6282770480360391,林雪,卫健委,2025-04-07,3177.35,某加油站,宣传费,培训费
921,6282714553316535,林雪,民政局,2025-02-06,10021.36,某酒店,差旅住宿,车辆维修
922,6282385498391830,张伟,教育局,2025-01-23,11666.73,某酒店,差旅住宿,印刷费
923,6282686392930301,马超,教育局,2025-02-20,14115.82,某会议中心,宣传费,培训费
924,6282761735802994,王芳,民政局,2025-06-01,13562.71,某酒店,会议费,差旅住宿
925,6282694320036663,吴鑫,卫健委,2025-01-20,5907.71,某加油站,车辆维修,车辆维修
926,6282657663534839,吴鑫,住建局,2025-01-23,862.01,某酒店,办公用品,宣传费
927,6282355994426467,林雪,农业农村局,2025-01-05,9531.21,某加油站,会议费,培训费
928,6282950961461969,周杰,教育局,2025-06-24,11063.71,某广告公司,印刷费,会议费
929,6282835827642767,黄磊,卫健委,2025-02-10,8198.86,某餐饮公司,公务接待,公务接待
930,6282385359409345,赵敏,民政局,2025-02-16,11684.05,某印刷厂,培训费,培训费
931,6282624041302181,周杰,农业农村局,2025-02-04,10879.97,某汽车维修厂,会议费,办公用品
932,6282632250252269,赵敏,交通局,2025-06-06,9301.8,某汽车维修厂,宣传费,宣传费
933,6282507636696696,杨帆,教育局,2025-05-13,5903.92,某旅行社,培训费,公务接待
934,6282711639709395,赵敏,教育局,2025-02-05,3112.15,某印刷厂,印刷费,公务接待
935,6282889188362976,陈静,人社局,2025-06-09,10061.34,某办公用品店,车辆维修,差旅住宿
936,6282295143950756,张伟,人社局,2025-05-06,12777.33,某印刷厂,会议费,培训费
937,6282476631822284,黄磊,交通局,2025-01-25,6528.2,某汽车维修厂,印刷费,宣传费
938,6282210647445435,赵敏,住建局,2025-03-21,2583.75,某餐饮公司,差旅住宿,车辆加油
939,6282111021319442,张伟,科技局,2025-03-26,12244.4,某加油站,印刷费,会议费
940,6282231293696442,马超,卫健委,2025-05-02,9032.04,某印刷厂,车辆维修,公务接待
941,6282387846584995,李娜,住建局,2025-04-09,5398.14,某广告公司,办公用品,公务接待
942,6282915017887481,赵敏,交通局,2025-04-19,11909.07,某酒店,会议费,印刷费
943,6282124731828376,吴鑫,卫健委,2025-02-04,4463.38,某加油站,印刷费,车辆维修
944,6282325743862550,孙丽,卫健委,2025-02-06,7357.34,某办公用品店,车辆加油,车辆维修
945,6282529531385261,朱红,交通局,2025-04-10,6384.33,某餐饮公司,宣传费,会议费
946,6282551571773318,徐明,卫健委,2025-04-19,10195.19,某旅行社,印刷费,会议费
947,6282575800058032,胡兵,交通局,2025-05-11,656.47,某会议中心,宣传费,车辆加油
948,6282193578299152,朱红,教育局,2025-04-04,14306.33,某办公用品店,差旅住宿,会议费
949,6282905991420805,刘洋,交通局,2025-05-14,9811.41,某旅行社,差旅住宿,车辆加油
950,6282176113090068,王芳,农业农村局,2025-02-11,13367.87,某广告公司,宣传费,印刷费
951,6282265820568920,徐明,人社局,2025-03-19,13637.43,某旅行社,会议费,办公用品
952,6282348103228511,李娜,教育局,2025-05-18,2077.58,某汽车维修厂,车辆加油,会议费
953,6282549914502248,胡兵,民政局,2025-04-06,7458.83,某汽车维修厂,会议费,车辆维修
954,6282182815615713,周杰,民政局,2025-05-26,9545.25,某印刷厂,会议费,车辆维修
955,6282216139146493,徐明,人社局,2025-01-28,3670.34,某餐饮公司,印刷费,差旅住宿
956,6282105000077390,杨帆,科技局,2025-04-20,12415.55,某广告公司,印刷费,宣传费
957,6282954977906277,周杰,人社局,2025-02-14,5060.93,某办公用品店,车辆加油,公务接待
958,6282804636148945,吴鑫,住建局,2025-06-02,9648.14,某会议中心,宣传费,车辆维修
959,6282530377521514,李娜,农业农村局,2025-06-26,7433.78,某餐饮公司,培训费,差旅住宿
960,6282612060061167,杨帆,民政局,2025-06-24,4908.78,某汽车维修厂,差旅住宿,车辆维修
961,6282239498084634,林雪,卫健委,2025-02-11,9255.43,某办公用品店,办公用品,培训费
962,6282864836860007,黄磊,交通局,2025-03-12,10171.57,某加油站,会议费,车辆维修
963,6282281333719033,林雪,交通局,2025-06-03,642.43,某酒店,印刷费,车辆加油
964,6282130931979728,李娜,教育局,2025-04-15,14655.44,某加油站,差旅住宿,宣传费
965,6282295090967760,周杰,民政局,2025-01-02,14752.06,某汽车维修厂,差旅住宿,差旅住宿
966,6282645878418468,胡兵,人社局,2025-03-06,2773.22,某餐饮公司,车辆维修,办公用品
967,6282864160951633,李娜,交通局,2025-01-16,5250.55,某酒店,差旅住宿,车辆维修
968,6282812109353888,朱红,教育局,2025-03-15,7427.57,某汽车维修厂,办公用品,宣传费
969,6282594063964686,黄磊,教育局,2025-03-24,8377.52,某汽车维修厂,差旅住宿,办公用品
970,6282292118242354,胡兵,教育局,2025-02-26,1763.18,某酒店,车辆维修,车辆维修
971,6282406459350634,徐明,交通局,2025-04-14,1589.37,某广告公司,差旅住宿,印刷费
972,6282283638052712,林雪,民政局,2025-01-06,2875.31,某餐饮公司,宣传费,宣传费
973,6282233028716310,王芳,住建局,2025-03-05,12219.31,某酒店,宣传费,培训费
974,6282736114450800,胡兵,农业农村局,2025-06-25,12304.39,某餐饮公司,车辆维修,印刷费
975,6282840068465683,徐明,民政局,2025-06-24,6159.63,某印刷厂,宣传费,宣传费
976,6282967797272677,黄磊,卫健委,2025-02-15,14040.67,某广告公司,印刷费,印刷费
977,6282113428798185,杨帆,卫健委,2025-02-10,2045.63,某汽车维修厂,宣传费,会议费
978,6282193782325028,周杰,教育局,2025-04-23,13390.69,某餐饮公司,办公用品,会议费
979,6282774535039878,孙丽,交通局,2025-03-05,12446.5,某会议中心,印刷费,会议费
980,6282721066652340,刘洋,民政局,2025-01-13,3521.16,某酒店,会议费,公务接待
981,6282790718694806,黄磊,农业农村局,2025-03-13,5737.32,某广告公司,车辆加油,培训费
982,6282593082770921,张伟,科技局,2025-06-11,8022.12,某印刷厂,培训费,会议费
983,6282120227087779,王芳,农业农村局,2025-06-19,8370.14,某广告公司,公务接待,差旅住宿
984,6282593332201945,吴鑫,卫健委,2025-01-10,8284.9,某广告公司,会议费,会议费
985,6282426276516054,吴鑫,民政局,2025-03-23,1333.77,某餐饮公司,公务接待,印刷费
986,6282471675488284,徐明,教育局,2025-04-11,5197.95,某加油站,车辆维修,宣传费
987,6282662762497145,李娜,农业农村局,2025-01-16,3189.63,某加油站,车辆维修,车辆维修
988,6282966510751082,胡兵,民政局,2025-01-23,10851.0,某加油站,宣传费,宣传费
989,6282573400826862,张伟,住建局,2025-02-27,10250.31,某餐饮公司,宣传费,印刷费
990,6282471170253313,李娜,交通局,2025-05-03,11053.6,某加油站,差旅住宿,印刷费
991,6282488627667791,陈静,科技局,2025-01-20,10541.8,某广告公司,差旅住宿,车辆维修
992,6282543390630972,李娜,卫健委,2025-06-21,10839.49,某旅行社,培训费,印刷费
993,6282693527096772,马超,农业农村局,2025-03-26,2483.75,某旅行社,培训费,车辆维修
994,6282631325066656,张伟,住建局,2025-01-09,2482.41,某旅行社,宣传费,车辆加油
995,6282454477747100,胡兵,科技局,2025-04-20,8168.17,某餐饮公司,公务接待,宣传费
996,6282368719946264,吴鑫,人社局,2025-01-07,8683.29,某餐饮公司,会议费,会议费
997,6282300174934650,周杰,教育局,2025-05-20,14439.48,某办公用品店,差旅住宿,车辆维修
998,6282157446935824,王芳,教育局,2025-04-04,14889.07,某广告公司,车辆加油,培训费
999,6282781562254754,李娜,科技局,2025-01-16,11134.29,某旅行社,宣传费,培训费
1000,6282208152757432,黄磊,人社局,2025-03-16,11099.72,某餐饮公司,印刷费,差旅住宿
