id,id_card,name,gender,birth_date,pension_type,monthly_amount,pay_status,pay_month,bank_account
1,5101195209112213,李娜,女,1958-03-12,机关事业单位养老保险,3877.82,已发放,2025-03,6222666814596623
2,5101191103029020,陈静,女,1978-08-23,城镇职工养老保险,1976.8,暂停,2025-02,6222798853863782
3,5101192611021268,孙丽,女,1995-06-22,城乡居民养老保险,3719.54,已发放,2025-01,6222182832181008
4,5101190003199468,徐明,男,1993-01-09,机关事业单位养老保险,2187.54,已发放,2025-02,6222930124793777
5,5101190701109506,胡兵,男,1952-03-20,机关事业单位养老保险,2974.3,已发放,2025-03,6222717201027159
6,5101200606154870,徐明,男,1983-12-03,城乡居民养老保险,6524.86,已发放,2025-02,6222226343529850
7,5101190206103701,王芳,男,1946-05-14,城镇职工养老保险,6719.67,已发放,2025-01,6222118255152783
8,5101194310137155,张伟,男,1952-07-21,城镇职工养老保险,1324.81,暂停,2025-02,6222460963384031
9,5101199805138150,胡兵,男,1962-03-26,城镇职工养老保险,7165.8,已发放,2025-06,6222228405187749
10,5101191103146052,朱红,女,1980-03-12,城乡居民养老保险,2354.87,已发放,2025-02,6222873342253701
11,5101201804046702,朱红,男,1946-10-13,机关事业单位养老保险,2389.52,未发放,2025-02,6222720798020278
12,5101201312157961,朱红,男,1987-10-11,城乡居民养老保险,1158.06,已发放,2025-03,6222328194265362
13,5101193606012948,杨帆,男,1957-05-12,城镇职工养老保险,6670.69,已发放,2025-05,6222219881988558
14,5101197306034090,周杰,女,1987-02-16,机关事业单位养老保险,3458.15,已发放,2025-05,6222687213516938
15,5101200707031317,刘洋,女,1969-05-15,机关事业单位养老保险,3788.76,已发放,2025-04,6222127890246852
16,5101200901157061,陈静,女,1968-11-23,城乡居民养老保险,1633.87,已发放,2025-02,6222959234301742
17,5101191512143205,吴鑫,女,1956-01-04,城乡居民养老保险,5755.91,已发放,2025-06,6222764477359146
18,5101192403183326,张伟,男,1968-08-13,城镇职工养老保险,4875.66,已发放,2025-02,6222606303606134
19,5101194103165437,赵敏,女,1993-01-20,城乡居民养老保险,2759.62,已发放,2025-06,6222672543588694
20,5101193111013778,胡兵,男,1990-12-16,城乡居民养老保险,6074.38,已发放,2025-06,6222785621125488
21,5101191905018843,杨帆,女,1964-03-10,城镇职工养老保险,2768.02,已发放,2025-01,6222588650209186
22,5101192810242987,赵敏,男,1965-08-21,机关事业单位养老保险,2930.1,已发放,2025-02,6222703427260676
23,5101193103073893,陈静,女,1981-03-08,机关事业单位养老保险,2165.34,已发放,2025-06,6222504121001400
24,5101199811074685,陈静,女,1991-06-14,城镇职工养老保险,6718.18,已发放,2025-06,6222609527002545
25,5101190402104895,周杰,男,1959-02-22,城镇职工养老保险,3116.63,已发放,2025-01,6222324235173048
26,5101194506073250,黄磊,男,1969-01-18,城乡居民养老保险,4085.3,已发放,2025-06,6222807900445172
27,5101191304016086,杨帆,男,1999-11-09,城乡居民养老保险,3936.85,已发放,2025-02,6222809532827781
28,5101194208091374,徐明,男,1974-04-12,机关事业单位养老保险,6901.08,未发放,2025-01,6222306292803976
29,5101192305025340,张伟,男,1999-12-12,机关事业单位养老保险,1020.89,已发放,2025-03,6222892165730500
30,5101194812078489,徐明,女,1961-05-23,机关事业单位养老保险,3510.52,已发放,2025-02,6222344528527971
31,5101192508176008,黄磊,男,1946-10-05,机关事业单位养老保险,1385.61,已发放,2025-01,6222728774764187
32,5101194905103591,刘洋,女,1949-10-19,城乡居民养老保险,7722.84,已发放,2025-05,6222563909942763
33,5101191105278295,林雪,男,1999-01-01,城镇职工养老保险,2446.21,已发放,2025-02,6222316331599628
34,5101192101269711,朱红,男,1974-09-15,机关事业单位养老保险,6116.68,已发放,2025-03,6222967325159502
35,5101197705173601,周杰,男,1968-11-25,机关事业单位养老保险,1135.61,已发放,2025-05,6222714841676352
36,5101200908107295,徐明,男,1964-03-14,城镇职工养老保险,7423.0,已发放,2025-05,6222346736502054
37,5101194110087598,杨帆,男,1978-12-12,机关事业单位养老保险,2170.71,未发放,2025-01,6222751255622132
38,5101200510278013,杨帆,男,1993-08-23,城镇职工养老保险,5379.53,已发放,2025-04,6222768925693738
39,5101192604108222,刘洋,男,1989-08-19,城镇职工养老保险,7338.76,已发放,2025-06,6222755397767346
40,5101197407152067,吴鑫,男,1966-04-07,机关事业单位养老保险,2218.65,已发放,2025-04,6222846264620104
41,5101198212144647,周杰,女,1994-04-08,机关事业单位养老保险,3391.18,已发放,2025-05,6222873294111231
42,5101195601206233,黄磊,女,1976-05-13,城镇职工养老保险,5040.74,已发放,2025-06,6222893144066193
43,5101197108233095,胡兵,男,1958-01-15,城乡居民养老保险,3636.45,已发放,2025-05,6222813512779799
44,5101193904219947,陈静,男,1987-06-22,城乡居民养老保险,6548.66,已发放,2025-05,6222318313068468
45,5101195806207544,胡兵,女,1993-04-05,城镇职工养老保险,5112.51,已发放,2025-04,6222244571750250
46,5101199110082632,黄磊,女,1965-01-27,城乡居民养老保险,3495.22,已发放,2025-06,6222685438066609
47,5101195312131082,杨帆,男,1991-07-25,城镇职工养老保险,6541.16,已发放,2025-02,6222723868679996
48,5101192101075189,周杰,女,1975-10-03,机关事业单位养老保险,3895.36,已发放,2025-02,6222958048124389
49,5101194005202913,马超,女,2000-10-16,机关事业单位养老保险,7723.77,未发放,2025-02,6222547471661408
50,5101190011151294,杨帆,女,1951-06-25,城镇职工养老保险,2547.07,已发放,2025-02,6222236494257501
51,5101194006068549,林雪,女,1955-03-13,城乡居民养老保险,6926.95,未发放,2025-05,6222120319329231
52,5101200809016250,陈静,女,1970-06-22,城镇职工养老保险,7366.38,已发放,2025-02,6222413972814690
53,5101196208064123,黄磊,女,1982-07-19,城镇职工养老保险,1532.5,暂停,2025-03,6222656198510220
54,5101195802155160,孙丽,女,1948-02-21,城镇职工养老保险,4450.08,已发放,2025-01,6222162076813111
55,5101191611062933,林雪,女,1954-02-05,城镇职工养老保险,1828.75,已发放,2025-04,6222289582181905
56,5101201108213466,朱红,女,1959-05-17,城乡居民养老保险,2307.39,已发放,2025-01,6222249107842903
57,5101190908262350,刘洋,女,1971-12-27,机关事业单位养老保险,5303.4,已发放,2025-05,6222749017160912
58,5101197802135051,马超,男,1990-04-04,城乡居民养老保险,3611.1,已发放,2025-04,6222428028764023
59,5101198210165615,徐明,女,1958-04-23,机关事业单位养老保险,1887.64,已发放,2025-05,6222426516461930
60,5101198812025509,刘洋,男,1971-08-14,机关事业单位养老保险,4841.8,已发放,2025-01,6222971225540554
61,5101200511207809,林雪,男,1983-06-04,机关事业单位养老保险,4638.55,已发放,2025-01,6222853633568979
62,5101200906265419,刘洋,男,1998-12-15,机关事业单位养老保险,6228.66,暂停,2025-05,6222953252261452
63,5101199706161437,张伟,男,1987-10-07,城镇职工养老保险,3255.51,已发放,2025-04,6222576202352550
64,5101192403135752,李娜,女,1947-01-19,城乡居民养老保险,6357.5,未发放,2025-03,6222973172953382
65,5101193011145512,陈静,男,1989-04-23,城乡居民养老保险,4911.93,已发放,2025-01,6222536296578707
66,5101199309261710,朱红,男,1966-03-16,城镇职工养老保险,1967.71,已发放,2025-02,6222326722280863
67,5101191705026357,杨帆,女,1947-08-28,城镇职工养老保险,5172.38,暂停,2025-06,6222266032148972
68,5101191209249121,胡兵,女,1987-03-21,城镇职工养老保险,2175.78,已发放,2025-06,6222110554157589
69,5101196711119012,胡兵,男,1962-03-24,城乡居民养老保险,7216.7,已发放,2025-04,6222154199280822
70,5101194905228979,徐明,女,1997-07-25,城镇职工养老保险,3712.22,已发放,2025-01,6222753347262269
71,5101191004093200,马超,男,1957-01-03,城镇职工养老保险,5695.66,已发放,2025-02,6222152460538700
72,5101201805075820,李娜,男,1956-09-18,城镇职工养老保险,1919.88,已发放,2025-03,6222959232152436
73,5101196211257881,孙丽,男,1987-07-24,城乡居民养老保险,1554.66,已发放,2025-04,6222448408652906
74,5101190311167241,刘洋,女,1952-03-20,机关事业单位养老保险,3117.98,已发放,2025-06,6222466085320735
75,5101192110215155,马超,女,1977-05-15,城镇职工养老保险,1472.25,已发放,2025-05,6222148914385371
76,5101192305097347,李娜,女,1956-01-16,机关事业单位养老保险,2824.9,已发放,2025-05,6222840958318644
77,5101200905165818,徐明,男,1998-11-10,城乡居民养老保险,5901.74,暂停,2025-01,6222604914591216
78,5101192712066982,周杰,女,1984-05-26,城镇职工养老保险,5593.81,已发放,2025-04,6222633955873903
79,5101199111187516,林雪,女,1979-03-02,城镇职工养老保险,6677.6,暂停,2025-06,6222580848217570
80,5101198305084947,赵敏,女,1989-09-27,城乡居民养老保险,7302.98,已发放,2025-05,6222280003497491
81,5101201010278844,陈静,女,1986-04-02,城镇职工养老保险,899.89,已发放,2025-05,6222795365065343
82,5101192505186815,徐明,男,1983-05-23,城镇职工养老保险,6360.93,已发放,2025-02,6222259312315508
83,5101197006111552,刘洋,男,1965-04-05,城乡居民养老保险,5917.24,已发放,2025-02,6222453571402980
84,5101191902179314,刘洋,男,1955-01-27,机关事业单位养老保险,3505.15,暂停,2025-04,6222682977288633
85,5101192112087255,胡兵,男,1991-07-22,城镇职工养老保险,995.6,已发放,2025-03,6222835418072760
86,5101199911114898,王芳,男,1954-11-15,机关事业单位养老保险,4210.07,未发放,2025-02,6222393064310063
87,5101193511254536,林雪,男,1960-01-05,机关事业单位养老保险,949.43,已发放,2025-05,6222173107888487
88,5101194712218992,马超,男,1999-01-05,城镇职工养老保险,4218.4,已发放,2025-03,6222812631012155
89,5101195501068932,胡兵,女,1982-05-25,城乡居民养老保险,1031.82,已发放,2025-03,6222241885760541
90,5101195206116904,李娜,女,1957-11-10,城乡居民养老保险,6205.2,已发放,2025-02,6222440692757325
91,5101201707087131,林雪,女,1974-11-10,城乡居民养老保险,2998.91,已发放,2025-04,6222101456124087
92,5101190309091297,周杰,女,1971-09-05,城镇职工养老保险,6076.85,暂停,2025-01,6222650454072282
93,5101195105215395,李娜,男,1946-10-10,城乡居民养老保险,2825.64,已发放,2025-04,6222375549546425
94,5101191307237233,吴鑫,男,1962-12-15,城乡居民养老保险,2259.3,已发放,2025-02,6222244177643412
95,5101200602265496,李娜,男,1980-03-06,城镇职工养老保险,4191.22,未发放,2025-03,6222585432603451
96,5101200106083334,朱红,男,1960-07-22,城乡居民养老保险,2006.07,已发放,2025-05,6222769456560549
97,5101192703145945,吴鑫,女,1996-08-11,机关事业单位养老保险,4134.01,已发放,2025-03,6222709754812981
98,5101190603048858,周杰,男,1961-02-22,机关事业单位养老保险,1468.77,暂停,2025-04,6222649130156720
99,5101198608273564,张伟,女,1980-08-23,城镇职工养老保险,1895.43,已发放,2025-02,6222846366874789
100,5101198905255835,刘洋,男,1957-05-14,城乡居民养老保险,2836.25,已发放,2025-04,6222483634587095
101,5101198907067021,刘洋,男,1983-12-18,机关事业单位养老保险,901.14,已发放,2025-05,6222302026664982
102,5101192111048128,胡兵,女,1975-08-12,城镇职工养老保险,1592.42,未发放,2025-01,6222390811428272
103,5101192301174826,林雪,男,1956-02-14,城乡居民养老保险,5597.93,已发放,2025-02,6222780809560958
104,5101198908168155,徐明,女,1947-02-16,城镇职工养老保险,5790.09,已发放,2025-04,6222524002072502
105,5101201311128306,黄磊,女,1984-09-15,城镇职工养老保险,4941.87,暂停,2025-06,6222113967595363
106,5101192710209254,李娜,男,1959-02-06,机关事业单位养老保险,6435.23,已发放,2025-06,6222186773777493
107,5101190001213605,徐明,男,1981-07-27,城镇职工养老保险,3090.15,未发放,2025-05,6222884625280821
108,5101196007064178,林雪,男,1962-01-21,城镇职工养老保险,4179.88,暂停,2025-05,6222772303693141
109,5101196306238467,赵敏,女,1983-11-14,城乡居民养老保险,5785.22,未发放,2025-01,6222937732734167
110,5101202007227075,王芳,女,1980-11-07,城乡居民养老保险,6662.36,已发放,2025-01,6222861283409614
111,5101200608127033,张伟,女,1961-03-06,城镇职工养老保险,4400.1,已发放,2025-02,6222761994444638
112,5101199211221388,吴鑫,男,1988-06-20,城乡居民养老保险,1430.76,已发放,2025-04,6222402419841915
113,5101190111124438,徐明,男,1996-12-14,城乡居民养老保险,1208.15,未发放,2025-04,6222260856835134
114,5101196208075315,孙丽,女,1971-11-11,城乡居民养老保险,6374.34,已发放,2025-02,6222610985413229
115,5101193604074667,马超,女,1959-02-15,机关事业单位养老保险,6391.21,暂停,2025-02,6222593146158471
116,5101190009085114,赵敏,男,1949-08-28,城镇职工养老保险,6641.81,已发放,2025-05,6222321568564577
117,5101196301116536,李娜,男,1977-08-07,城乡居民养老保险,912.67,已发放,2025-06,6222464024806790
118,5101195209251688,黄磊,女,1985-02-09,城乡居民养老保险,4435.03,已发放,2025-01,6222667250993222
119,5101190104227674,李娜,女,1996-05-06,城乡居民养老保险,2014.65,已发放,2025-02,6222211828800580
120,5101194607158196,孙丽,男,1980-05-21,城镇职工养老保险,3920.76,已发放,2025-06,6222979546668521
121,5101194711265847,张伟,男,1993-09-22,机关事业单位养老保险,1445.64,已发放,2025-06,6222662676740917
122,5101192609155995,杨帆,男,1998-04-03,城乡居民养老保险,6916.37,暂停,2025-04,6222600959865828
123,5101195509249180,马超,女,1951-10-03,机关事业单位养老保险,1227.74,暂停,2025-01,6222838644566354
124,5101192401034731,陈静,男,1975-08-17,城乡居民养老保险,6351.32,未发放,2025-04,6222425850264747
125,5101196008138834,朱红,男,1948-05-16,城镇职工养老保险,4503.94,已发放,2025-01,6222325236022259
126,5101198109035174,李娜,男,1953-01-05,城镇职工养老保险,7343.7,已发放,2025-03,6222225551848280
127,5101192910026549,周杰,男,1956-04-22,机关事业单位养老保险,1373.78,已发放,2025-01,6222337508631864
128,5101201902133780,周杰,男,1975-06-16,城乡居民养老保险,7142.79,未发放,2025-03,6222974429937636
129,5101197511057809,马超,男,1968-04-22,城镇职工养老保险,7284.15,已发放,2025-02,6222819073883973
130,5101197806168377,陈静,男,1981-04-03,机关事业单位养老保险,6436.15,未发放,2025-01,6222148820904274
131,5101192611208753,张伟,女,1985-02-10,城镇职工养老保险,6673.64,已发放,2025-06,6222926933334458
132,5101190603102563,胡兵,女,1953-04-19,城镇职工养老保险,3180.44,已发放,2025-05,6222349734747010
133,5101193907238592,徐明,男,1956-12-08,城镇职工养老保险,3335.77,已发放,2025-03,6222831372211406
134,5101198604163674,王芳,女,1946-11-27,城镇职工养老保险,2086.63,已发放,2025-05,6222603742847626
135,5101194607148338,朱红,男,1970-11-27,城镇职工养老保险,4188.62,暂停,2025-03,6222235082683964
136,5101197908202870,黄磊,女,1961-06-19,城镇职工养老保险,5867.39,已发放,2025-02,6222369817374419
137,5101199905099222,马超,女,1968-01-01,城乡居民养老保险,2668.66,已发放,2025-01,6222350353345791
138,5101199301261277,胡兵,男,1971-12-15,机关事业单位养老保险,6236.46,未发放,2025-03,6222143103806721
139,5101197905056052,孙丽,男,1980-02-25,城乡居民养老保险,1532.39,暂停,2025-03,6222673946037704
140,5101192604208525,林雪,女,1962-11-18,城乡居民养老保险,7225.33,已发放,2025-04,6222940172198726
141,5101198605143305,周杰,女,1998-04-17,城乡居民养老保险,4477.48,已发放,2025-03,6222186790868110
142,5101193607283976,孙丽,男,1945-03-27,机关事业单位养老保险,4944.73,暂停,2025-01,6222258171281558
143,5101190909053723,徐明,女,1958-02-24,城乡居民养老保险,4363.56,暂停,2025-02,6222732814069216
144,5101195008053445,李娜,男,1959-03-12,机关事业单位养老保险,7062.35,已发放,2025-04,6222969677555096
145,5101201611105891,陈静,男,1967-08-24,城镇职工养老保险,4324.45,已发放,2025-03,6222459705907839
146,5101195310046944,林雪,女,1960-06-25,城乡居民养老保险,5435.23,未发放,2025-05,6222147234159271
147,5101193407089360,陈静,男,1997-07-01,机关事业单位养老保险,2493.92,暂停,2025-03,6222606147172755
148,5101194810235394,李娜,男,1973-01-15,城乡居民养老保险,2050.65,已发放,2025-04,6222379583699830
149,5101196105264716,杨帆,女,1958-01-24,城乡居民养老保险,1022.59,已发放,2025-01,6222865909606448
150,5101191303233864,孙丽,女,1972-04-02,城乡居民养老保险,3388.57,已发放,2025-02,6222677884718005
151,5101198804135613,周杰,女,1967-09-16,城乡居民养老保险,2938.87,已发放,2025-02,6222112107660743
152,5101194508112386,马超,男,1980-06-19,城乡居民养老保险,5340.88,已发放,2025-02,6222908533548395
153,5101194010252342,吴鑫,男,1953-04-02,城镇职工养老保险,3513.08,已发放,2025-05,6222288800270062
154,5101197612064743,林雪,男,1955-01-18,机关事业单位养老保险,1038.37,暂停,2025-05,6222223254467474
155,5101194610096813,胡兵,男,1963-11-19,城镇职工养老保险,1704.65,未发放,2025-05,6222182304176521
156,5101202004099749,徐明,女,1970-06-17,城镇职工养老保险,5543.93,已发放,2025-04,6222829925040216
157,5101196008083708,吴鑫,女,1956-05-21,机关事业单位养老保险,5939.97,已发放,2025-05,6222683048014127
158,5101196403283706,刘洋,男,1980-03-14,城镇职工养老保险,5592.26,已发放,2025-02,6222436197311515
159,5101200905273607,王芳,男,1987-01-06,机关事业单位养老保险,7892.97,已发放,2025-05,6222278627444751
160,5101199702012994,林雪,男,1986-11-12,城镇职工养老保险,2779.58,已发放,2025-04,6222171059022670
161,5101199707029683,周杰,男,1977-03-17,城镇职工养老保险,4247.75,已发放,2025-02,6222956801838216
162,5101200611249346,张伟,女,1949-05-12,城镇职工养老保险,1005.27,暂停,2025-02,6222956543601592
163,5101197010038339,杨帆,男,1965-10-02,城镇职工养老保险,4666.32,已发放,2025-03,6222853866275569
164,5101193908175555,徐明,男,1980-10-18,城镇职工养老保险,6331.44,未发放,2025-04,6222400958700760
165,5101193512029514,林雪,男,1947-01-22,城镇职工养老保险,2787.55,未发放,2025-05,6222297216045807
166,5101201306272520,孙丽,女,1980-12-04,机关事业单位养老保险,2075.97,已发放,2025-02,6222549971390095
167,5101196606274068,陈静,男,1989-09-11,城乡居民养老保险,4832.07,未发放,2025-03,6222500906464398
168,5101193411056764,林雪,男,1998-12-26,城乡居民养老保险,6175.93,已发放,2025-05,6222810659005707
169,5101200806075247,林雪,男,1992-06-20,城镇职工养老保险,4907.4,已发放,2025-01,6222123752619457
170,5101198305075697,李娜,男,1962-02-21,机关事业单位养老保险,7697.9,已发放,2025-02,6222631139835223
171,5101197211261612,吴鑫,女,1957-04-24,机关事业单位养老保险,2817.71,已发放,2025-03,6222882209124588
172,5101192508075895,李娜,女,1988-08-25,城镇职工养老保险,6092.45,已发放,2025-03,6222198269646355
173,5101194405054290,赵敏,女,1982-05-27,机关事业单位养老保险,4062.34,已发放,2025-05,6222718357601398
174,5101194911262277,李娜,男,1950-12-13,城镇职工养老保险,1680.23,已发放,2025-05,6222713418799851
175,5101200602016284,赵敏,男,1981-06-02,城乡居民养老保险,6799.0,未发放,2025-04,6222843818772856
176,5101201902155748,赵敏,男,1997-05-23,城乡居民养老保险,7161.96,已发放,2025-03,6222108887911881
177,5101193802106417,朱红,男,1968-04-21,城乡居民养老保险,4492.16,已发放,2025-04,6222387589047695
178,5101201511133645,朱红,女,1992-09-01,城乡居民养老保险,7485.0,暂停,2025-04,6222181769121716
179,5101195206098092,赵敏,女,1994-06-07,城镇职工养老保险,2807.24,未发放,2025-02,6222262122681121
180,5101191705258292,杨帆,女,1994-09-12,城乡居民养老保险,1503.37,已发放,2025-02,6222159183981216
181,5101192806197869,林雪,男,1983-05-22,城镇职工养老保险,6104.23,暂停,2025-06,6222230105956776
182,5101199008024485,周杰,男,1982-04-23,机关事业单位养老保险,4136.6,已发放,2025-03,6222525981436254
183,5101195112268805,胡兵,女,1990-12-05,机关事业单位养老保险,4581.07,已发放,2025-03,6222729405593394
184,5101192708012982,杨帆,女,1948-05-26,城乡居民养老保险,4943.62,已发放,2025-02,6222577365008934
185,5101191608226614,杨帆,男,1984-08-27,机关事业单位养老保险,1845.56,已发放,2025-01,6222879372492416
186,5101193610126920,赵敏,男,1976-04-18,城乡居民养老保险,2269.79,已发放,2025-04,6222748393041681
187,5101194206283371,马超,女,1948-12-18,机关事业单位养老保险,7186.43,未发放,2025-06,6222954468906632
188,5101200102205231,朱红,男,2000-05-01,城乡居民养老保险,4088.87,已发放,2025-02,6222425509267445
189,5101198607171255,赵敏,男,1980-09-01,城镇职工养老保险,4539.77,未发放,2025-03,6222836594457704
190,5101195004267249,林雪,女,1997-01-14,机关事业单位养老保险,5596.29,暂停,2025-04,6222616116610975
191,5101201211093131,马超,女,1952-05-05,机关事业单位养老保险,1609.01,已发放,2025-02,6222544379563233
192,5101193101102176,周杰,男,1975-01-15,机关事业单位养老保险,7849.23,暂停,2025-06,6222617979068500
193,5101191505071691,胡兵,女,1975-11-28,城镇职工养老保险,815.8,未发放,2025-06,6222930708190822
194,5101198307215671,赵敏,女,1989-04-14,机关事业单位养老保险,5988.84,已发放,2025-04,6222696361956833
195,5101195101257220,孙丽,女,1968-09-16,城乡居民养老保险,1910.05,已发放,2025-03,6222934899820041
196,5101190609205645,黄磊,女,1962-03-04,机关事业单位养老保险,7128.12,已发放,2025-01,6222356099928685
197,5101191409135850,林雪,女,1988-12-14,城镇职工养老保险,2255.75,已发放,2025-03,6222669878992571
198,5101190607185169,林雪,女,1991-01-18,城乡居民养老保险,6527.63,已发放,2025-06,6222207230582304
199,5101198110088222,林雪,男,1966-01-21,机关事业单位养老保险,4272.37,已发放,2025-02,6222471578027691
200,5101191102023111,孙丽,男,1978-09-27,城乡居民养老保险,3213.78,未发放,2025-03,6222287398442111
201,5101192805066488,周杰,女,1956-05-09,城乡居民养老保险,6767.27,已发放,2025-05,6222533756972655
202,5101197309017480,林雪,男,1970-06-05,城镇职工养老保险,5829.54,未发放,2025-05,6222674084669114
203,5101196511166927,杨帆,男,1990-06-16,机关事业单位养老保险,1160.01,已发放,2025-05,6222742984353011
204,5101190107023468,孙丽,男,1970-07-09,城乡居民养老保险,4768.56,已发放,2025-06,6222575370023780
205,5101201311206088,林雪,女,1946-07-17,城镇职工养老保险,6807.72,已发放,2025-02,6222337611827874
206,5101201205255132,林雪,男,1981-01-22,城乡居民养老保险,7160.31,未发放,2025-01,6222620549664293
207,5101193601202811,胡兵,女,1997-03-01,城镇职工养老保险,1735.7,已发放,2025-03,6222910143807191
208,5101201301098925,林雪,女,1964-01-02,城乡居民养老保险,7140.23,未发放,2025-05,6222333963354042
209,5101200808116725,王芳,男,1967-12-27,城乡居民养老保险,5158.47,已发放,2025-06,6222767067919064
210,5101198802182304,刘洋,女,1981-09-05,城乡居民养老保险,6938.09,暂停,2025-02,6222847873134554
211,5101194711242948,杨帆,男,1954-08-08,城乡居民养老保险,1310.94,暂停,2025-02,6222995126164022
212,5101194102144323,林雪,男,1960-12-09,城乡居民养老保险,7743.23,已发放,2025-03,6222531858519103
213,5101195001284421,胡兵,女,1966-04-25,城乡居民养老保险,7735.64,已发放,2025-01,6222553932505241
214,5101194402235363,王芳,男,1952-11-11,城镇职工养老保险,5330.24,暂停,2025-04,6222788023001075
215,5101201603113066,王芳,男,1999-12-26,城乡居民养老保险,4974.64,已发放,2025-02,6222110935962835
216,5101191508241100,朱红,女,1971-03-09,机关事业单位养老保险,7655.93,暂停,2025-05,6222585016929959
217,5101190909189105,陈静,女,1967-03-08,城镇职工养老保险,3095.41,未发放,2025-02,6222557112494899
218,5101201502075776,马超,女,1946-11-17,城乡居民养老保险,1773.24,未发放,2025-05,6222213058651806
219,5101197205031947,朱红,男,1993-01-03,城镇职工养老保险,2162.98,未发放,2025-01,6222109148749815
220,5101198003202749,朱红,男,1992-08-12,城乡居民养老保险,845.88,已发放,2025-03,6222378297869821
221,5101196401184338,徐明,女,1950-05-15,城乡居民养老保险,1077.73,已发放,2025-01,6222592389717780
222,5101200208266592,黄磊,女,1951-04-18,城镇职工养老保险,7403.64,暂停,2025-02,6222645617750284
223,5101191812193728,陈静,男,1964-11-26,城镇职工养老保险,7878.29,已发放,2025-03,6222538092091858
224,5101196004171036,周杰,男,1980-12-14,城乡居民养老保险,5571.04,未发放,2025-06,6222726207504643
225,5101199404195203,孙丽,男,1957-12-07,机关事业单位养老保险,2513.43,未发放,2025-02,6222823920115704
226,5101192606089929,王芳,男,1954-02-26,城镇职工养老保险,5598.56,已发放,2025-03,6222774855928634
227,5101197310211585,吴鑫,男,1957-06-14,城乡居民养老保险,2692.25,已发放,2025-02,6222789678769336
228,5101196802165033,杨帆,女,1971-12-17,机关事业单位养老保险,1191.0,已发放,2025-02,6222232059676388
229,5101194708177630,周杰,女,1964-05-24,机关事业单位养老保险,6620.03,已发放,2025-05,6222470906716496
230,5101196107091046,赵敏,男,1964-05-02,城镇职工养老保险,1115.57,未发放,2025-05,6222642951404897
231,5101197106146246,吴鑫,女,1945-10-07,城乡居民养老保险,4166.5,已发放,2025-02,6222496878646424
232,5101198111074900,吴鑫,男,1946-11-18,城乡居民养老保险,2727.61,已发放,2025-01,6222530409805217
233,5101200611195239,孙丽,男,1960-04-26,机关事业单位养老保险,2080.12,已发放,2025-05,6222583467742582
234,5101192305242856,林雪,女,1987-06-01,城乡居民养老保险,6300.21,未发放,2025-02,6222269095479601
235,5101198106174217,胡兵,女,1967-08-09,机关事业单位养老保险,1465.34,暂停,2025-02,6222754082897092
236,5101190804131747,徐明,女,1995-11-17,城乡居民养老保险,2158.96,已发放,2025-06,6222967320937414
237,5101194101148187,孙丽,男,1950-05-08,机关事业单位养老保险,1505.37,已发放,2025-05,6222865215939216
238,5101199709059675,陈静,女,1981-06-13,机关事业单位养老保险,4681.68,暂停,2025-05,6222972836617178
239,5101192501211677,张伟,男,1955-10-16,城乡居民养老保险,943.72,已发放,2025-04,6222429825235999
240,5101199508051068,孙丽,男,1981-03-15,城镇职工养老保险,1697.67,已发放,2025-05,6222826583378803
241,5101199805095223,黄磊,男,1970-07-09,城乡居民养老保险,1718.44,已发放,2025-04,6222325287894135
242,5101199711135844,李娜,女,1980-12-22,城镇职工养老保险,6687.29,暂停,2025-01,6222939274077337
243,5101197606275122,周杰,男,1990-05-15,机关事业单位养老保险,5761.84,暂停,2025-04,6222791149051386
244,5101192309145441,张伟,女,1961-12-14,城乡居民养老保险,6150.59,已发放,2025-04,6222965030893598
245,5101190701227054,马超,男,1993-04-17,机关事业单位养老保险,5069.45,已发放,2025-03,6222575890245903
246,5101191908276127,胡兵,女,1948-09-03,城乡居民养老保险,5836.23,已发放,2025-05,6222179918449326
247,5101198204267791,黄磊,男,1964-03-08,机关事业单位养老保险,6275.03,已发放,2025-05,6222666955922023
248,5101199604102355,杨帆,男,1977-04-11,城乡居民养老保险,5260.46,已发放,2025-05,6222178385723636
249,5101191407108351,胡兵,男,1963-03-26,城乡居民养老保险,7647.24,未发放,2025-06,6222926693584912
250,5101197307249940,胡兵,男,1977-05-09,城乡居民养老保险,5656.47,已发放,2025-01,6222183454612388
251,5101196105143586,孙丽,男,1997-07-24,机关事业单位养老保险,5879.58,已发放,2025-04,6222413046659686
252,5101192305148868,李娜,女,1993-03-02,城乡居民养老保险,6812.77,已发放,2025-04,6222609503699731
253,5101199407168623,赵敏,男,1972-04-02,城乡居民养老保险,3042.12,已发放,2025-04,6222963160566696
254,5101191907208016,黄磊,男,1991-03-25,城镇职工养老保险,3478.51,已发放,2025-01,6222188852746975
255,5101201808115060,赵敏,男,1956-09-03,城镇职工养老保险,6155.25,已发放,2025-04,6222591903929417
256,5101193408064300,陈静,男,1997-01-14,机关事业单位养老保险,6089.27,已发放,2025-06,6222433326154842
257,5101197102102702,李娜,女,1973-03-09,机关事业单位养老保险,7517.9,已发放,2025-03,6222328493172716
258,5101193702082478,周杰,女,1982-03-11,机关事业单位养老保险,7920.71,已发放,2025-05,6222265162614203
259,5101200909121200,吴鑫,男,1960-05-01,城乡居民养老保险,5815.47,已发放,2025-02,6222386559880878
260,5101198608231309,徐明,男,1953-09-21,城镇职工养老保险,5859.98,已发放,2025-03,6222286559235059
261,5101200510157772,徐明,女,1968-07-27,机关事业单位养老保险,5159.12,已发放,2025-01,6222442775096471
262,5101190411198234,马超,男,1985-11-28,机关事业单位养老保险,5687.03,已发放,2025-03,6222995763157541
263,5101194903029671,孙丽,女,1954-10-28,城乡居民养老保险,3428.13,已发放,2025-01,6222199586081364
264,5101198710243730,马超,女,1986-10-02,机关事业单位养老保险,5602.49,已发放,2025-02,6222799112779604
265,5101194401225927,李娜,女,1982-04-27,城镇职工养老保险,2856.8,已发放,2025-06,6222961186689361
266,5101200003181990,胡兵,男,2000-08-15,城镇职工养老保险,6134.06,暂停,2025-06,6222474680049323
267,5101190811266725,刘洋,女,1988-10-21,机关事业单位养老保险,1207.73,已发放,2025-02,6222195255793121
268,5101201704105376,林雪,女,1985-10-28,城镇职工养老保险,6799.13,已发放,2025-06,6222865715515311
269,5101193802173352,徐明,男,1948-07-01,城乡居民养老保险,6229.25,未发放,2025-03,6222459260928514
270,5101201206177976,刘洋,女,1960-08-04,城乡居民养老保险,880.25,暂停,2025-01,6222240621837304
271,5101197805273948,黄磊,男,1980-04-13,机关事业单位养老保险,6328.19,暂停,2025-02,6222747611064497
272,5101198301054642,刘洋,男,1988-02-04,机关事业单位养老保险,1402.04,已发放,2025-02,6222737316505903
273,5101193903239777,杨帆,女,1963-04-17,城镇职工养老保险,4155.34,已发放,2025-06,6222883102359431
274,5101200707196492,黄磊,男,1992-02-14,城乡居民养老保险,4235.65,已发放,2025-01,6222496509435324
275,5101193503147955,黄磊,男,1992-08-20,机关事业单位养老保险,5359.25,已发放,2025-06,6222833798189264
276,5101198707277548,张伟,女,1993-10-20,城镇职工养老保险,2306.88,已发放,2025-03,6222481693163414
277,5101190605144233,张伟,男,1966-07-01,城镇职工养老保险,6199.07,已发放,2025-04,6222483837863295
278,5101194602087623,周杰,男,1950-12-04,机关事业单位养老保险,5342.11,暂停,2025-06,6222284203956105
279,5101201402211639,张伟,男,1951-06-21,城镇职工养老保险,2638.83,暂停,2025-06,6222512427972726
280,5101200807084227,李娜,男,1995-09-17,机关事业单位养老保险,4702.06,已发放,2025-03,6222433952434162
281,5101198708056627,朱红,女,1963-01-09,城乡居民养老保险,3767.92,已发放,2025-03,6222676908296967
282,5101196902037848,孙丽,女,1968-01-24,城乡居民养老保险,5316.0,已发放,2025-05,6222832061274476
283,5101200107055228,黄磊,女,1964-03-20,城镇职工养老保险,6922.63,已发放,2025-01,6222114813675271
284,5101199703104823,孙丽,女,1963-02-02,城镇职工养老保险,5809.92,已发放,2025-01,6222853912591307
285,5101195304224642,刘洋,男,1976-12-14,机关事业单位养老保险,7373.57,暂停,2025-01,6222261239050001
286,5101201707252288,张伟,男,1962-10-27,城镇职工养老保险,2197.74,已发放,2025-01,6222539941271889
287,5101192701229604,李娜,男,1979-11-16,城乡居民养老保险,5221.92,未发放,2025-05,6222154939983085
288,5101193803155252,徐明,男,1979-06-02,城镇职工养老保险,3221.83,已发放,2025-01,6222793644711530
289,5101199405195396,杨帆,男,1987-12-05,机关事业单位养老保险,4319.93,未发放,2025-04,6222255695073940
290,5101197004109908,胡兵,男,1997-02-05,机关事业单位养老保险,1674.38,已发放,2025-04,6222683271940829
291,5101194911155685,马超,男,1992-07-25,城镇职工养老保险,1502.23,已发放,2025-01,6222844036577927
292,5101199707023385,马超,女,1959-09-15,城镇职工养老保险,5407.15,暂停,2025-06,6222568698512994
293,5101198003234874,黄磊,男,1991-11-14,城镇职工养老保险,6025.16,暂停,2025-06,6222853126535195
294,5101200712139005,王芳,女,1972-08-21,城乡居民养老保险,3437.91,未发放,2025-02,6222826009082186
295,5101198003055774,张伟,男,1996-10-20,机关事业单位养老保险,935.3,已发放,2025-02,6222908933242693
296,5101196302024478,胡兵,女,1959-01-19,机关事业单位养老保险,840.03,已发放,2025-06,6222354436365915
297,5101198910268585,马超,女,1956-10-17,机关事业单位养老保险,5270.63,已发放,2025-02,6222249362660549
298,5101193805237508,朱红,女,1981-12-09,城乡居民养老保险,1039.77,未发放,2025-06,6222270924618118
299,5101193909263404,朱红,女,1978-03-28,城乡居民养老保险,7033.79,暂停,2025-05,6222492812490082
300,5101196906158260,杨帆,女,1952-06-03,机关事业单位养老保险,6557.92,暂停,2025-04,6222842726301637
301,5101196012235977,孙丽,男,1964-04-03,机关事业单位养老保险,2188.59,暂停,2025-02,6222648250672489
302,5101197308077275,王芳,男,1976-05-06,城镇职工养老保险,7103.93,已发放,2025-06,6222175411086583
303,5101198308212192,周杰,男,1969-01-25,城乡居民养老保险,2392.6,已发放,2025-01,6222111168611281
304,5101200007174784,马超,男,1980-06-08,城镇职工养老保险,5305.89,已发放,2025-01,6222444060950140
305,5101201801234256,黄磊,男,1954-04-09,城乡居民养老保险,6799.06,暂停,2025-02,6222469513157609
306,5101194501263035,刘洋,男,1996-10-06,城镇职工养老保险,893.08,已发放,2025-04,6222635183901247
307,5101199202219126,朱红,男,1963-03-21,机关事业单位养老保险,2201.46,未发放,2025-06,6222384245917311
308,5101196805169033,吴鑫,男,1947-08-15,机关事业单位养老保险,5014.23,已发放,2025-01,6222467266337772
309,5101199207251419,吴鑫,女,1992-12-08,机关事业单位养老保险,2260.78,已发放,2025-03,6222520906305426
310,5101201011169929,朱红,女,1991-06-26,机关事业单位养老保险,1172.03,已发放,2025-03,6222952926785301
311,5101196905206782,林雪,男,2000-08-22,城乡居民养老保险,7961.25,已发放,2025-04,6222129050840140
312,5101193611149150,陈静,男,1963-11-25,城镇职工养老保险,3019.83,已发放,2025-06,6222313415243579
313,5101197006065550,吴鑫,女,1970-02-28,城乡居民养老保险,5572.3,暂停,2025-05,6222617519411135
314,5101197409071434,赵敏,女,1952-10-24,城乡居民养老保险,4452.46,已发放,2025-02,6222424990531037
315,5101201507092591,周杰,女,1996-04-12,机关事业单位养老保险,7854.37,已发放,2025-01,6222951573239389
316,5101195710254958,陈静,男,1957-03-13,城镇职工养老保险,5965.03,已发放,2025-03,6222816016718156
317,5101197011251968,吴鑫,男,1964-09-17,城镇职工养老保险,5215.7,已发放,2025-05,6222844251387937
318,5101191909012620,刘洋,男,1978-06-26,城镇职工养老保险,5101.87,已发放,2025-05,6222221041513937
319,5101194904095671,吴鑫,男,1990-11-25,城乡居民养老保险,3413.67,未发放,2025-04,6222987932974390
320,5101198302096174,黄磊,男,1998-09-13,城乡居民养老保险,1680.32,已发放,2025-06,6222913761500016
321,5101201406255306,孙丽,男,1982-06-23,机关事业单位养老保险,5112.13,已发放,2025-06,6222594597234687
322,5101198802212625,孙丽,女,1952-02-28,城镇职工养老保险,6531.17,未发放,2025-06,6222555734419777
323,5101195309274376,张伟,男,1953-08-24,机关事业单位养老保险,2839.86,已发放,2025-01,6222890115989678
324,5101192901108225,孙丽,女,1975-03-20,机关事业单位养老保险,3550.6,已发放,2025-01,6222700113839094
325,5101201201125924,陈静,男,1983-08-04,城镇职工养老保险,1938.01,已发放,2025-04,6222551969645066
326,5101191307231731,黄磊,女,1982-07-23,城乡居民养老保险,6277.47,已发放,2025-01,6222534036805142
327,5101199712125730,吴鑫,女,1989-12-08,机关事业单位养老保险,4646.06,未发放,2025-06,6222156181073105
328,5101192710175768,周杰,男,1945-04-05,城镇职工养老保险,4213.62,暂停,2025-02,6222645436977390
329,5101197511063996,周杰,男,1992-01-09,城镇职工养老保险,7057.99,未发放,2025-06,6222281802715918
330,5101197012265106,孙丽,男,1985-08-13,城镇职工养老保险,5963.17,已发放,2025-02,6222628452503697
331,5101200803138071,黄磊,男,1968-03-24,机关事业单位养老保险,4686.71,未发放,2025-04,6222192982551516
332,5101190711124792,赵敏,男,1954-07-23,城乡居民养老保险,5609.62,已发放,2025-01,6222304492234830
333,5101192004168869,王芳,女,1975-06-05,机关事业单位养老保险,7867.34,未发放,2025-05,6222245741612591
334,5101196810216069,孙丽,男,1958-10-21,城镇职工养老保险,7359.88,暂停,2025-06,6222459285420434
335,5101191303249361,李娜,男,1999-03-21,城乡居民养老保险,4855.73,已发放,2025-03,6222323988501227
336,5101195006128116,刘洋,男,1992-12-16,城镇职工养老保险,1276.81,已发放,2025-03,6222649227498972
337,5101196112099431,刘洋,男,1953-03-09,城乡居民养老保险,5290.35,暂停,2025-02,6222921487132535
338,5101195305117099,刘洋,男,1981-12-01,机关事业单位养老保险,5521.12,未发放,2025-05,6222994089226815
339,5101191811259829,胡兵,男,1992-06-07,机关事业单位养老保险,6482.09,已发放,2025-06,6222880296386093
340,5101202007165527,吴鑫,男,1962-03-04,机关事业单位养老保险,4964.52,已发放,2025-01,6222124836514948
341,5101199010284646,王芳,男,1969-10-02,城乡居民养老保险,7418.44,未发放,2025-03,6222732401983648
342,5101199510231766,马超,女,1951-02-06,城镇职工养老保险,6355.1,已发放,2025-06,6222676014807558
343,5101192812086574,朱红,女,1993-11-01,城乡居民养老保险,1898.49,已发放,2025-06,6222517376441507
344,5101200602039163,杨帆,男,1946-11-06,城乡居民养老保险,7571.05,未发放,2025-01,6222583290215515
345,5101191407146960,李娜,女,1951-08-23,机关事业单位养老保险,3745.38,未发放,2025-02,6222372352201998
346,5101194706264212,张伟,男,1976-06-03,城乡居民养老保险,3230.28,未发放,2025-03,6222165573174594
347,5101195509221771,胡兵,女,1989-04-25,城镇职工养老保险,6674.19,未发放,2025-06,6222186564505715
348,5101197709109336,朱红,男,1984-07-16,城乡居民养老保险,1721.1,未发放,2025-05,6222833907808828
349,5101194404199746,陈静,男,1950-02-15,城乡居民养老保险,4882.55,暂停,2025-02,6222182047558305
350,5101199406218271,胡兵,女,1963-10-13,城镇职工养老保险,2290.95,已发放,2025-02,6222761053995768
351,5101200112248139,陈静,男,1964-02-17,城镇职工养老保险,2711.01,已发放,2025-02,6222892593716628
352,5101198607078733,周杰,女,1988-01-28,城镇职工养老保险,4851.54,已发放,2025-01,6222579162517964
353,5101191709258419,马超,男,1967-02-23,城镇职工养老保险,7110.81,已发放,2025-03,6222119836320102
354,5101191711066670,李娜,女,1946-10-12,城乡居民养老保险,5345.07,已发放,2025-03,6222256295338867
355,5101197508274450,周杰,男,2000-01-23,城乡居民养老保险,4373.41,已发放,2025-05,6222449721405038
356,5101193204216650,杨帆,女,1961-09-24,城乡居民养老保险,4923.54,未发放,2025-04,6222380827604980
357,5101194904191745,赵敏,女,1968-08-26,城乡居民养老保险,1203.01,暂停,2025-04,6222414552111664
358,5101196409039816,林雪,男,1946-10-15,城镇职工养老保险,3248.24,未发放,2025-04,6222592402806699
359,5101201206139488,徐明,男,1950-12-16,城镇职工养老保险,1266.51,已发放,2025-06,6222995940550428
360,5101199210222053,朱红,女,1964-01-26,城乡居民养老保险,4504.5,未发放,2025-04,6222686988838441
361,5101193507241809,李娜,女,1974-06-25,城镇职工养老保险,3247.49,已发放,2025-02,6222697404151422
362,5101199012208482,胡兵,男,1947-11-28,城镇职工养老保险,994.41,已发放,2025-02,6222889664240330
363,5101193606014398,陈静,男,1970-09-23,机关事业单位养老保险,2396.9,已发放,2025-03,6222962616852353
364,5101192001269782,李娜,女,1993-11-23,城镇职工养老保险,5415.44,暂停,2025-02,6222779560386967
365,5101201908027219,马超,女,1967-04-18,城镇职工养老保险,1575.65,已发放,2025-06,6222107582759655
366,5101201807087804,黄磊,男,1981-11-10,城镇职工养老保险,1660.94,已发放,2025-05,6222532191949450
367,5101199812271539,胡兵,女,1958-10-13,城乡居民养老保险,3395.47,已发放,2025-02,6222189099628215
368,5101190903114760,吴鑫,男,1976-02-27,城镇职工养老保险,6386.14,暂停,2025-05,6222245403215128
369,5101198801084966,杨帆,男,1992-10-25,城乡居民养老保险,5354.68,已发放,2025-03,6222388681337009
370,5101191402103293,朱红,男,2000-11-04,城乡居民养老保险,4663.73,已发放,2025-06,6222206205528237
371,5101191103062564,黄磊,男,1989-02-05,城乡居民养老保险,1306.32,未发放,2025-06,6222971454475693
372,5101199410064209,胡兵,男,1981-09-04,城镇职工养老保险,2469.1,暂停,2025-03,6222696917434492
373,5101198312094161,李娜,男,1968-11-24,城镇职工养老保险,7642.87,已发放,2025-04,6222991128308221
374,5101201405131907,朱红,女,1994-12-08,城乡居民养老保险,7943.96,暂停,2025-02,6222317338461214
375,5101191906159514,孙丽,男,1959-08-19,机关事业单位养老保险,6760.29,暂停,2025-02,6222832940699378
376,5101199609033161,李娜,女,1953-09-18,城乡居民养老保险,5436.9,未发放,2025-04,6222386438391299
377,5101201201192277,朱红,女,1968-09-10,城乡居民养老保险,5386.01,未发放,2025-02,6222185809006524
378,5101196701121960,刘洋,女,1962-12-11,城镇职工养老保险,4985.21,暂停,2025-05,6222283441501006
379,5101200603289186,王芳,男,1988-11-21,城镇职工养老保险,5186.56,暂停,2025-05,6222709809267078
380,5101193406189298,陈静,女,1972-10-14,机关事业单位养老保险,3040.03,未发放,2025-04,6222489878175332
381,5101194811193624,朱红,男,1962-08-09,城乡居民养老保险,1973.73,已发放,2025-06,6222504019082415
382,5101200006169697,林雪,男,1985-03-15,机关事业单位养老保险,3504.16,已发放,2025-04,6222620856853675
383,5101198909137260,吴鑫,女,1974-10-07,机关事业单位养老保险,3036.26,已发放,2025-01,6222799004096432
384,5101193011272849,赵敏,女,1960-08-18,机关事业单位养老保险,5760.0,未发放,2025-06,6222283034394713
385,5101190503285674,李娜,女,1959-07-25,机关事业单位养老保险,6228.32,已发放,2025-02,6222164639098864
386,5101193003064819,朱红,女,1985-05-12,机关事业单位养老保险,4813.98,已发放,2025-04,6222502307745365
387,5101194506121188,张伟,男,1976-12-22,城乡居民养老保险,3970.25,已发放,2025-01,6222773232676013
388,5101198707181908,黄磊,男,1954-04-13,城镇职工养老保险,6278.31,已发放,2025-03,6222148964968231
389,5101196504153815,胡兵,女,1988-03-22,城乡居民养老保险,6140.89,未发放,2025-04,6222479949619467
390,5101193206219180,刘洋,女,1948-10-16,机关事业单位养老保险,3587.81,暂停,2025-03,6222336870355528
391,5101195112196181,刘洋,女,1975-03-17,城乡居民养老保险,4513.75,已发放,2025-04,6222478370885016
392,5101200505181519,张伟,女,1963-12-03,城镇职工养老保险,7017.62,已发放,2025-03,6222274349862644
393,5101198606087881,周杰,女,1955-12-03,城乡居民养老保险,6180.54,未发放,2025-02,6222684374961263
394,5101199404187773,赵敏,男,1955-05-17,机关事业单位养老保险,6712.33,已发放,2025-04,6222980014853442
395,5101193910158814,陈静,男,1947-08-23,机关事业单位养老保险,7420.9,已发放,2025-02,6222504996433914
396,5101193511141751,孙丽,男,1947-08-08,城乡居民养老保险,2128.7,未发放,2025-05,6222364835689956
397,5101200011227315,王芳,男,1958-12-14,城镇职工养老保险,2931.17,已发放,2025-02,6222648892597951
398,5101195508041114,吴鑫,男,1949-07-02,城镇职工养老保险,1832.97,已发放,2025-01,6222486915484239
399,5101195405113649,林雪,女,1959-01-13,机关事业单位养老保险,5645.06,暂停,2025-03,6222696735803836
400,5101198808215703,马超,女,1987-02-20,城乡居民养老保险,5957.05,已发放,2025-02,6222410258310239
401,5101190704012793,吴鑫,男,1952-01-09,城镇职工养老保险,3069.98,暂停,2025-06,6222113666005904
402,5101192810117690,马超,男,1995-02-07,城乡居民养老保险,2029.58,已发放,2025-04,6222981831242442
403,5101190503033258,周杰,女,1955-12-26,城乡居民养老保险,1429.57,已发放,2025-04,6222700326958183
404,5101191601221848,杨帆,男,1988-08-14,机关事业单位养老保险,2652.72,未发放,2025-06,6222156122313122
405,5101199904236175,胡兵,女,1992-12-01,城乡居民养老保险,4578.55,已发放,2025-02,6222693488720735
406,5101198804095245,黄磊,男,1984-08-10,城乡居民养老保险,6103.53,已发放,2025-02,6222290939841911
407,5101201702086731,胡兵,女,1979-08-26,机关事业单位养老保险,2504.31,已发放,2025-03,6222832556449495
408,5101193103279918,徐明,男,1955-08-04,城镇职工养老保险,4705.85,暂停,2025-06,6222967287562203
409,5101199306113929,马超,男,1956-02-14,城镇职工养老保险,5385.87,已发放,2025-02,6222819552759477
410,5101199003197486,林雪,女,1967-09-19,机关事业单位养老保险,2543.2,已发放,2025-02,6222987820098144
411,5101199512191099,张伟,男,1986-06-12,城乡居民养老保险,7527.92,已发放,2025-04,6222339657162857
412,5101196108204109,张伟,男,1984-10-13,机关事业单位养老保险,6657.31,已发放,2025-05,6222300195398371
413,5101201701167156,马超,女,1960-01-14,城镇职工养老保险,2985.85,已发放,2025-04,6222304008043872
414,5101192702261076,黄磊,女,1978-10-26,机关事业单位养老保险,1288.88,未发放,2025-03,6222122251466776
415,5101190310134449,马超,女,1964-10-09,城乡居民养老保险,2890.89,已发放,2025-03,6222537837970188
416,5101201312019483,吴鑫,女,1975-07-19,城镇职工养老保险,2940.93,已发放,2025-04,6222305061365620
417,5101193311209978,林雪,男,1948-03-02,城乡居民养老保险,1231.55,已发放,2025-03,6222656999561681
418,5101195406269236,陈静,女,1974-04-19,城镇职工养老保险,4204.39,已发放,2025-06,6222539382031449
419,5101198707104376,吴鑫,男,1979-04-05,机关事业单位养老保险,2094.82,已发放,2025-04,6222102331977599
420,5101198805164317,马超,男,1979-07-03,机关事业单位养老保险,6905.66,已发放,2025-06,6222944195048678
421,5101198410286018,黄磊,女,1953-09-15,城乡居民养老保险,2306.14,已发放,2025-02,6222237542964786
422,5101197101139015,王芳,女,2000-03-23,机关事业单位养老保险,3970.18,已发放,2025-03,6222212417621491
423,5101198903057248,马超,女,1947-08-27,城镇职工养老保险,5336.04,暂停,2025-05,6222430309518781
424,5101191201247849,胡兵,女,1957-08-07,城镇职工养老保险,5110.09,已发放,2025-01,6222472839596649
425,5101200812238631,李娜,男,1959-09-18,城乡居民养老保险,4003.61,已发放,2025-01,6222700921081389
426,5101201909229783,周杰,女,1984-12-10,城乡居民养老保险,7072.71,暂停,2025-04,6222698478829265
427,5101191611047120,刘洋,女,1955-06-23,城乡居民养老保险,7226.91,已发放,2025-01,6222741330554891
428,5101194909061836,林雪,男,1946-06-25,城镇职工养老保险,7589.38,暂停,2025-06,6222453023574968
429,5101190008227067,黄磊,男,1956-07-02,城镇职工养老保险,6769.45,未发放,2025-03,6222874119724648
430,5101194409137036,胡兵,男,1946-05-26,城镇职工养老保险,4195.5,已发放,2025-05,6222569942665471
431,5101197805064530,周杰,男,1968-06-08,城乡居民养老保险,4235.28,已发放,2025-02,6222961050135107
432,5101199703167766,周杰,男,1953-12-12,城镇职工养老保险,5005.31,已发放,2025-04,6222971584095214
433,5101193403043321,王芳,男,1998-11-20,机关事业单位养老保险,4118.41,已发放,2025-01,6222696031735940
434,5101195908166728,胡兵,女,1999-09-10,城乡居民养老保险,5073.49,已发放,2025-03,6222363241397361
435,5101198505163088,胡兵,男,1989-03-02,机关事业单位养老保险,4740.79,未发放,2025-02,6222773284092408
436,5101201611079457,朱红,女,1982-10-19,城乡居民养老保险,1474.17,暂停,2025-03,6222984574763195
437,5101202004239271,杨帆,男,1965-11-21,城镇职工养老保险,6335.71,已发放,2025-03,6222651226359248
438,5101191303091425,马超,男,1946-06-28,城乡居民养老保险,7436.18,已发放,2025-06,6222428925629229
439,5101196902234245,黄磊,男,1953-01-24,城乡居民养老保险,5000.07,已发放,2025-06,6222968410103570
440,5101191305142686,陈静,女,1987-08-17,机关事业单位养老保险,7844.56,已发放,2025-02,6222520717754144
441,5101190707126383,李娜,女,1990-08-20,机关事业单位养老保险,7461.73,已发放,2025-05,6222240857229242
442,5101192606239248,杨帆,男,1977-05-05,城镇职工养老保险,2023.55,未发放,2025-04,6222259023929543
443,5101198308101004,孙丽,女,1947-11-25,城乡居民养老保险,5209.72,暂停,2025-06,6222773605942410
444,5101196809149776,杨帆,男,1945-02-16,城镇职工养老保险,6985.14,已发放,2025-05,6222556204230616
445,5101201103126081,林雪,男,1984-02-18,机关事业单位养老保险,3290.38,已发放,2025-05,6222355544326486
446,5101195707013865,黄磊,女,1945-09-02,机关事业单位养老保险,6216.62,已发放,2025-03,6222656836079639
447,5101198306055784,朱红,男,1953-01-16,城乡居民养老保险,4104.25,已发放,2025-03,6222235739665910
448,5101192603022450,林雪,女,1958-04-24,城镇职工养老保险,2467.73,已发放,2025-06,6222404027680126
449,5101190910163216,林雪,女,1952-08-13,城乡居民养老保险,7248.75,已发放,2025-02,6222733795891099
450,5101199905213878,赵敏,女,1996-08-08,机关事业单位养老保险,7289.13,已发放,2025-06,6222228275825840
451,5101197008285676,陈静,男,1949-11-06,机关事业单位养老保险,4887.9,已发放,2025-06,6222128021510468
452,5101195712069318,陈静,女,1964-02-14,城乡居民养老保险,3843.39,暂停,2025-01,6222585806783931
453,5101199811058797,朱红,女,1996-08-03,城镇职工养老保险,1644.74,已发放,2025-02,6222329163579689
454,5101195306186740,马超,女,1971-09-01,城乡居民养老保险,3718.36,已发放,2025-03,6222817710984693
455,5101192402013749,陈静,女,1967-11-16,城镇职工养老保险,6041.34,已发放,2025-03,6222214787734647
456,5101194302265345,周杰,男,1980-08-02,城乡居民养老保险,7786.42,已发放,2025-06,6222990244765920
457,5101194803023682,胡兵,女,1995-12-18,城镇职工养老保险,6763.77,未发放,2025-04,6222888770611321
458,5101190810057919,刘洋,男,1953-12-25,城乡居民养老保险,7668.24,已发放,2025-04,6222224147715604
459,5101193611184825,马超,男,1960-03-10,机关事业单位养老保险,6938.36,已发放,2025-04,6222599468309650
460,5101196507044479,马超,男,1947-10-05,城镇职工养老保险,3884.54,已发放,2025-05,6222548407866950
461,5101197308269135,杨帆,男,1955-04-05,城镇职工养老保险,5357.22,未发放,2025-03,6222541928002713
462,5101192110045363,杨帆,女,1953-05-22,城乡居民养老保险,3404.59,未发放,2025-03,6222361867601280
463,5101195403201474,朱红,女,1995-05-24,机关事业单位养老保险,3220.48,已发放,2025-01,6222158405421703
464,5101198605266953,林雪,女,1945-09-14,城镇职工养老保险,6813.63,未发放,2025-01,6222340018678380
465,5101192004193626,林雪,男,1946-04-12,城乡居民养老保险,3531.16,已发放,2025-05,6222622011167090
466,5101196111219860,赵敏,男,1952-04-02,城乡居民养老保险,3516.67,暂停,2025-05,6222937039859620
467,5101198509131759,马超,男,1974-05-20,城乡居民养老保险,2620.36,已发放,2025-01,6222673960942040
468,5101194309249742,李娜,女,1982-01-10,城乡居民养老保险,3626.5,已发放,2025-04,6222395504780779
469,5101190107215979,陈静,男,1952-08-24,城乡居民养老保险,5938.56,已发放,2025-06,6222762840423462
470,5101193808265090,徐明,男,1961-12-13,城镇职工养老保险,1652.27,暂停,2025-05,6222689063376443
471,5101198301028077,刘洋,女,1981-10-01,城镇职工养老保险,2363.08,已发放,2025-06,6222407576472615
472,5101193704168852,刘洋,男,1947-02-07,城镇职工养老保险,6610.16,未发放,2025-04,6222544609144054
473,5101199709205494,孙丽,女,1976-05-03,城镇职工养老保险,7686.68,未发放,2025-04,6222894934143983
474,5101199402119930,马超,男,1952-11-19,城镇职工养老保险,1114.92,暂停,2025-04,6222204196613201
475,5101194112213352,吴鑫,男,1983-03-23,城镇职工养老保险,4161.39,已发放,2025-03,6222831131093714
476,5101196103017321,胡兵,女,1966-06-10,城乡居民养老保险,3062.58,已发放,2025-02,6222687261784657
477,5101192505086094,李娜,女,1994-07-01,城乡居民养老保险,1937.98,已发放,2025-01,6222620870349474
478,5101190603112641,吴鑫,男,1991-11-25,城镇职工养老保险,7447.1,暂停,2025-03,6222519610207001
479,5101190301144962,朱红,女,1975-04-14,机关事业单位养老保险,5171.17,已发放,2025-06,6222486908104461
480,5101198007194276,朱红,男,1988-09-13,城镇职工养老保险,2793.02,已发放,2025-01,6222698058008512
481,5101196501277016,杨帆,女,1985-12-28,城镇职工养老保险,5178.55,已发放,2025-05,6222384474453040
482,5101200711134011,黄磊,女,1998-06-24,城镇职工养老保险,4274.44,已发放,2025-03,6222933327814975
483,5101199601261178,李娜,男,1985-04-18,机关事业单位养老保险,1531.19,已发放,2025-02,6222615485966758
484,5101195907103438,黄磊,男,1960-09-16,机关事业单位养老保险,7931.88,未发放,2025-06,6222859390673218
485,5101197905206438,李娜,男,1945-12-10,机关事业单位养老保险,3296.69,已发放,2025-03,6222861168434914
486,5101192006252413,马超,男,1998-11-06,城乡居民养老保险,5948.75,未发放,2025-06,6222678699507141
487,5101197310072532,赵敏,女,1961-12-18,城镇职工养老保险,3067.92,已发放,2025-04,6222694493010193
488,5101194403267130,李娜,男,1953-11-28,城乡居民养老保险,1605.8,未发放,2025-01,6222437678549871
489,5101198104158717,周杰,男,1955-12-06,机关事业单位养老保险,2902.31,暂停,2025-02,6222649217256255
490,5101198806073928,张伟,女,1961-05-26,城镇职工养老保险,7665.6,暂停,2025-02,6222404328399017
491,5101201209201390,杨帆,女,1961-04-21,城镇职工养老保险,4360.64,已发放,2025-01,6222846014626591
492,5101192701017412,黄磊,女,1967-08-03,城乡居民养老保险,1663.13,已发放,2025-06,6222569329934106
493,5101197804062792,陈静,男,1960-06-24,机关事业单位养老保险,1679.18,已发放,2025-05,6222309978187426
494,5101192401121527,朱红,男,1945-09-04,城乡居民养老保险,5671.13,已发放,2025-04,6222616684767346
495,5101200904043063,黄磊,女,1963-09-04,城镇职工养老保险,7277.27,已发放,2025-05,6222519240132636
496,5101192802232011,胡兵,男,1995-10-26,城乡居民养老保险,3076.84,已发放,2025-03,6222585341377519
497,5101191608024846,赵敏,女,1949-06-17,城乡居民养老保险,6491.49,已发放,2025-05,6222223413518331
498,5101190206247094,林雪,女,1979-10-01,机关事业单位养老保险,6664.97,已发放,2025-04,6222315302490589
499,5101192902205502,杨帆,男,1974-02-10,城镇职工养老保险,6199.88,已发放,2025-02,6222370970125612
500,5101191301065703,黄磊,女,1986-12-25,城乡居民养老保险,7100.47,暂停,2025-02,6222110104137419
